Timing Analyzer report for lab6
Mon Apr 27 12:23:03 2026
Quartus Prime Version 21.1.1 Build 850 06/23/2022 SJ Lite Edition


---------------------
; Table of Contents ;
---------------------
  1. Legal Notice
  2. Timing Analyzer Summary
  3. Parallel Compilation
  4. Clocks
  5. Slow 1200mV 85C Model Fmax Summary
  6. Timing Closure Recommendations
  7. Slow 1200mV 85C Model Setup Summary
  8. Slow 1200mV 85C Model Hold Summary
  9. Slow 1200mV 85C Model Recovery Summary
 10. Slow 1200mV 85C Model Removal Summary
 11. Slow 1200mV 85C Model Minimum Pulse Width Summary
 12. Slow 1200mV 85C Model Setup: 'pll_inst|altpll_component|auto_generated|pll1|clk[0]'
 13. Slow 1200mV 85C Model Hold: 'pll_inst|altpll_component|auto_generated|pll1|clk[0]'
 14. Slow 1200mV 85C Model Metastability Summary
 15. Slow 1200mV 0C Model Fmax Summary
 16. Slow 1200mV 0C Model Setup Summary
 17. Slow 1200mV 0C Model Hold Summary
 18. Slow 1200mV 0C Model Recovery Summary
 19. Slow 1200mV 0C Model Removal Summary
 20. Slow 1200mV 0C Model Minimum Pulse Width Summary
 21. Slow 1200mV 0C Model Setup: 'pll_inst|altpll_component|auto_generated|pll1|clk[0]'
 22. Slow 1200mV 0C Model Hold: 'pll_inst|altpll_component|auto_generated|pll1|clk[0]'
 23. Slow 1200mV 0C Model Metastability Summary
 24. Fast 1200mV 0C Model Setup Summary
 25. Fast 1200mV 0C Model Hold Summary
 26. Fast 1200mV 0C Model Recovery Summary
 27. Fast 1200mV 0C Model Removal Summary
 28. Fast 1200mV 0C Model Minimum Pulse Width Summary
 29. Fast 1200mV 0C Model Setup: 'pll_inst|altpll_component|auto_generated|pll1|clk[0]'
 30. Fast 1200mV 0C Model Hold: 'pll_inst|altpll_component|auto_generated|pll1|clk[0]'
 31. Fast 1200mV 0C Model Metastability Summary
 32. Multicorner Timing Analysis Summary
 33. Board Trace Model Assignments
 34. Input Transition Times
 35. Signal Integrity Metrics (Slow 1200mv 0c Model)
 36. Signal Integrity Metrics (Slow 1200mv 85c Model)
 37. Signal Integrity Metrics (Fast 1200mv 0c Model)
 38. Setup Transfers
 39. Hold Transfers
 40. Report TCCS
 41. Report RSKM
 42. Unconstrained Paths Summary
 43. Clock Status Summary
 44. Unconstrained Input Ports
 45. Unconstrained Output Ports
 46. Unconstrained Input Ports
 47. Unconstrained Output Ports
 48. Timing Analyzer Messages



----------------
; Legal Notice ;
----------------
Copyright (C) 2022  Intel Corporation. All rights reserved.
Your use of Intel Corporation's design tools, logic functions 
and other software and tools, and any partner logic 
functions, and any output files from any of the foregoing 
(including device programming or simulation files), and any 
associated documentation or information are expressly subject 
to the terms and conditions of the Intel Program License 
Subscription Agreement, the Intel Quartus Prime License Agreement,
the Intel FPGA IP License Agreement, or other applicable license
agreement, including, without limitation, that your use is for
the sole purpose of programming logic devices manufactured by
Intel and sold by Intel or its authorized distributors.  Please
refer to the applicable agreement for further details, at
https://fpgasoftware.intel.com/eula.



+-----------------------------------------------------------------------------+
; Timing Analyzer Summary                                                     ;
+-----------------------+-----------------------------------------------------+
; Quartus Prime Version ; Version 21.1.1 Build 850 06/23/2022 SJ Lite Edition ;
; Timing Analyzer       ; Legacy Timing Analyzer                              ;
; Revision Name         ; lab6                                                ;
; Device Family         ; Cyclone IV E                                        ;
; Device Name           ; EP4CE115F29C7                                       ;
; Timing Models         ; Final                                               ;
; Delay Model           ; Combined                                            ;
; Rise/Fall Delays      ; Enabled                                             ;
+-----------------------+-----------------------------------------------------+


+------------------------------------------+
; Parallel Compilation                     ;
+----------------------------+-------------+
; Processors                 ; Number      ;
+----------------------------+-------------+
; Number detected on machine ; 16          ;
; Maximum allowed            ; 16          ;
;                            ;             ;
; Average used               ; 2.13        ;
; Maximum used               ; 16          ;
;                            ;             ;
; Usage by Processor         ; % Time Used ;
;     Processor 1            ; 100.0%      ;
;     Processor 2            ;  27.1%      ;
;     Processor 3            ;  22.2%      ;
;     Processor 4            ;   7.9%      ;
;     Processors 5-16        ;   4.6%      ;
+----------------------------+-------------+


+----------------------------------------------------------------------------------------------------------------------------------------------------------------------------------------------------------------------------------------------------------------------------------------------------------------------------------+
; Clocks                                                                                                                                                                                                                                                                                                                           ;
+------------------------------------------------------+-----------+---------+-----------+-------+--------+------------+-----------+-------------+-------+--------+-----------+------------+----------+--------+--------------------------------------------------------+----------------------------------------------------------+
; Clock Name                                           ; Type      ; Period  ; Frequency ; Rise  ; Fall   ; Duty Cycle ; Divide by ; Multiply by ; Phase ; Offset ; Edge List ; Edge Shift ; Inverted ; Master ; Source                                                 ; Targets                                                  ;
+------------------------------------------------------+-----------+---------+-----------+-------+--------+------------+-----------+-------------+-------+--------+-----------+------------+----------+--------+--------------------------------------------------------+----------------------------------------------------------+
; clk                                                  ; Base      ; 20.000  ; 50.0 MHz  ; 0.000 ; 10.000 ;            ;           ;             ;       ;        ;           ;            ;          ;        ;                                                        ; { clk }                                                  ;
; pll_inst|altpll_component|auto_generated|pll1|clk[0] ; Generated ; 100.000 ; 10.0 MHz  ; 0.000 ; 50.000 ; 50.00      ; 5         ; 1           ;       ;        ;           ;            ; false    ; clk    ; pll_inst|altpll_component|auto_generated|pll1|inclk[0] ; { pll_inst|altpll_component|auto_generated|pll1|clk[0] } ;
+------------------------------------------------------+-----------+---------+-----------+-------+--------+------------+-----------+-------------+-------+--------+-----------+------------+----------+--------+--------------------------------------------------------+----------------------------------------------------------+


+-------------------------------------------------------------------------------------------+
; Slow 1200mV 85C Model Fmax Summary                                                        ;
+-----------+-----------------+------------------------------------------------------+------+
; Fmax      ; Restricted Fmax ; Clock Name                                           ; Note ;
+-----------+-----------------+------------------------------------------------------+------+
; 25.29 MHz ; 25.29 MHz       ; pll_inst|altpll_component|auto_generated|pll1|clk[0] ;      ;
+-----------+-----------------+------------------------------------------------------+------+
This panel reports FMAX for every clock in the design, regardless of the user-specified clock periods.  FMAX is only computed for paths where the source and destination registers or ports are driven by the same clock.  Paths of different clocks, including generated clocks, are ignored.  For paths between a clock and its inversion, FMAX is computed as if the rising and falling edges are scaled along with FMAX, such that the duty cycle (in terms of a percentage) is maintained. Altera recommends that you always use clock constraints and other slack reports for sign-off analysis.


----------------------------------
; Timing Closure Recommendations ;
----------------------------------
HTML report is unavailable in plain text report export.


+-------------------------------------------------------------------------------+
; Slow 1200mV 85C Model Setup Summary                                           ;
+------------------------------------------------------+--------+---------------+
; Clock                                                ; Slack  ; End Point TNS ;
+------------------------------------------------------+--------+---------------+
; pll_inst|altpll_component|auto_generated|pll1|clk[0] ; 60.456 ; 0.000         ;
+------------------------------------------------------+--------+---------------+


+------------------------------------------------------------------------------+
; Slow 1200mV 85C Model Hold Summary                                           ;
+------------------------------------------------------+-------+---------------+
; Clock                                                ; Slack ; End Point TNS ;
+------------------------------------------------------+-------+---------------+
; pll_inst|altpll_component|auto_generated|pll1|clk[0] ; 0.466 ; 0.000         ;
+------------------------------------------------------+-------+---------------+


------------------------------------------
; Slow 1200mV 85C Model Recovery Summary ;
------------------------------------------
No paths to report.


-----------------------------------------
; Slow 1200mV 85C Model Removal Summary ;
-----------------------------------------
No paths to report.


+-------------------------------------------------------------------------------+
; Slow 1200mV 85C Model Minimum Pulse Width Summary                             ;
+------------------------------------------------------+--------+---------------+
; Clock                                                ; Slack  ; End Point TNS ;
+------------------------------------------------------+--------+---------------+
; clk                                                  ; 9.891  ; 0.000         ;
; pll_inst|altpll_component|auto_generated|pll1|clk[0] ; 49.706 ; 0.000         ;
+------------------------------------------------------+--------+---------------+


+-------------------------------------------------------------------------------------------------------------------------------------------------------------------------------------------------------------------------------------------------------------------------+
; Slow 1200mV 85C Model Setup: 'pll_inst|altpll_component|auto_generated|pll1|clk[0]'                                                                                                                                                                                     ;
+--------+-------------------------------------------+-------------------------------------------------------------+------------------------------------------------------+------------------------------------------------------+--------------+------------+------------+
; Slack  ; From Node                                 ; To Node                                                     ; Launch Clock                                         ; Latch Clock                                          ; Relationship ; Clock Skew ; Data Delay ;
+--------+-------------------------------------------+-------------------------------------------------------------+------------------------------------------------------+------------------------------------------------------+--------------+------------+------------+
; 60.456 ; sc_cpu:cpu|sc_datapath:datapath|pc_reg[3] ; sc_cpu:cpu|sc_datapath:datapath|sc_regfile:regfile|regs~832 ; pll_inst|altpll_component|auto_generated|pll1|clk[0] ; pll_inst|altpll_component|auto_generated|pll1|clk[0] ; 100.000      ; -0.091     ; 39.451     ;
; 60.474 ; sc_cpu:cpu|sc_datapath:datapath|pc_reg[3] ; sc_cpu:cpu|sc_datapath:datapath|sc_regfile:regfile|regs~960 ; pll_inst|altpll_component|auto_generated|pll1|clk[0] ; pll_inst|altpll_component|auto_generated|pll1|clk[0] ; 100.000      ; -0.091     ; 39.433     ;
; 60.737 ; sc_cpu:cpu|sc_datapath:datapath|pc_reg[3] ; sc_cpu:cpu|sc_datapath:datapath|sc_regfile:regfile|regs~864 ; pll_inst|altpll_component|auto_generated|pll1|clk[0] ; pll_inst|altpll_component|auto_generated|pll1|clk[0] ; 100.000      ; -0.085     ; 39.176     ;
; 60.738 ; sc_cpu:cpu|sc_datapath:datapath|pc_reg[3] ; sc_cpu:cpu|sc_datapath:datapath|sc_regfile:regfile|regs~608 ; pll_inst|altpll_component|auto_generated|pll1|clk[0] ; pll_inst|altpll_component|auto_generated|pll1|clk[0] ; 100.000      ; -0.085     ; 39.175     ;
; 60.746 ; sc_cpu:cpu|sc_datapath:datapath|pc_reg[3] ; sc_cpu:cpu|sc_datapath:datapath|sc_regfile:regfile|regs~9   ; pll_inst|altpll_component|auto_generated|pll1|clk[0] ; pll_inst|altpll_component|auto_generated|pll1|clk[0] ; 100.000      ; -0.085     ; 39.167     ;
; 60.749 ; sc_cpu:cpu|sc_datapath:datapath|pc_reg[3] ; sc_cpu:cpu|sc_datapath:datapath|sc_regfile:regfile|regs~41  ; pll_inst|altpll_component|auto_generated|pll1|clk[0] ; pll_inst|altpll_component|auto_generated|pll1|clk[0] ; 100.000      ; -0.085     ; 39.164     ;
; 60.773 ; sc_cpu:cpu|sc_datapath:datapath|pc_reg[4] ; sc_cpu:cpu|sc_datapath:datapath|sc_regfile:regfile|regs~832 ; pll_inst|altpll_component|auto_generated|pll1|clk[0] ; pll_inst|altpll_component|auto_generated|pll1|clk[0] ; 100.000      ; -0.091     ; 39.134     ;
; 60.777 ; sc_cpu:cpu|sc_datapath:datapath|pc_reg[3] ; sc_cpu:cpu|sc_datapath:datapath|sc_regfile:regfile|regs~800 ; pll_inst|altpll_component|auto_generated|pll1|clk[0] ; pll_inst|altpll_component|auto_generated|pll1|clk[0] ; 100.000      ; -0.067     ; 39.154     ;
; 60.777 ; sc_cpu:cpu|sc_datapath:datapath|pc_reg[3] ; sc_cpu:cpu|sc_datapath:datapath|sc_regfile:regfile|regs~544 ; pll_inst|altpll_component|auto_generated|pll1|clk[0] ; pll_inst|altpll_component|auto_generated|pll1|clk[0] ; 100.000      ; -0.067     ; 39.154     ;
; 60.791 ; sc_cpu:cpu|sc_datapath:datapath|pc_reg[4] ; sc_cpu:cpu|sc_datapath:datapath|sc_regfile:regfile|regs~960 ; pll_inst|altpll_component|auto_generated|pll1|clk[0] ; pll_inst|altpll_component|auto_generated|pll1|clk[0] ; 100.000      ; -0.091     ; 39.116     ;
; 60.921 ; sc_cpu:cpu|sc_datapath:datapath|pc_reg[3] ; sc_cpu:cpu|sc_datapath:datapath|sc_regfile:regfile|regs~928 ; pll_inst|altpll_component|auto_generated|pll1|clk[0] ; pll_inst|altpll_component|auto_generated|pll1|clk[0] ; 100.000      ; -0.067     ; 39.010     ;
; 60.921 ; sc_cpu:cpu|sc_datapath:datapath|pc_reg[3] ; sc_cpu:cpu|sc_datapath:datapath|sc_regfile:regfile|regs~672 ; pll_inst|altpll_component|auto_generated|pll1|clk[0] ; pll_inst|altpll_component|auto_generated|pll1|clk[0] ; 100.000      ; -0.067     ; 39.010     ;
; 60.934 ; sc_cpu:cpu|sc_datapath:datapath|pc_reg[3] ; sc_cpu:cpu|sc_datapath:datapath|sc_regfile:regfile|regs~5   ; pll_inst|altpll_component|auto_generated|pll1|clk[0] ; pll_inst|altpll_component|auto_generated|pll1|clk[0] ; 100.000      ; -0.091     ; 38.973     ;
; 60.936 ; sc_cpu:cpu|sc_datapath:datapath|pc_reg[3] ; sc_cpu:cpu|sc_datapath:datapath|sc_regfile:regfile|regs~37  ; pll_inst|altpll_component|auto_generated|pll1|clk[0] ; pll_inst|altpll_component|auto_generated|pll1|clk[0] ; 100.000      ; -0.091     ; 38.971     ;
; 60.964 ; sc_cpu:cpu|sc_datapath:datapath|pc_reg[3] ; sc_cpu:cpu|sc_datapath:datapath|sc_regfile:regfile|regs~806 ; pll_inst|altpll_component|auto_generated|pll1|clk[0] ; pll_inst|altpll_component|auto_generated|pll1|clk[0] ; 100.000      ; -0.083     ; 38.951     ;
; 60.967 ; sc_cpu:cpu|sc_datapath:datapath|pc_reg[3] ; sc_cpu:cpu|sc_datapath:datapath|sc_regfile:regfile|regs~0   ; pll_inst|altpll_component|auto_generated|pll1|clk[0] ; pll_inst|altpll_component|auto_generated|pll1|clk[0] ; 100.000      ; -0.097     ; 38.934     ;
; 60.968 ; sc_cpu:cpu|sc_datapath:datapath|pc_reg[3] ; sc_cpu:cpu|sc_datapath:datapath|sc_regfile:regfile|regs~96  ; pll_inst|altpll_component|auto_generated|pll1|clk[0] ; pll_inst|altpll_component|auto_generated|pll1|clk[0] ; 100.000      ; -0.097     ; 38.933     ;
; 60.972 ; sc_cpu:cpu|sc_datapath:datapath|pc_reg[3] ; sc_cpu:cpu|sc_datapath:datapath|sc_regfile:regfile|regs~128 ; pll_inst|altpll_component|auto_generated|pll1|clk[0] ; pll_inst|altpll_component|auto_generated|pll1|clk[0] ; 100.000      ; -0.111     ; 38.915     ;
; 60.973 ; sc_cpu:cpu|sc_datapath:datapath|pc_reg[3] ; sc_cpu:cpu|sc_datapath:datapath|sc_regfile:regfile|regs~160 ; pll_inst|altpll_component|auto_generated|pll1|clk[0] ; pll_inst|altpll_component|auto_generated|pll1|clk[0] ; 100.000      ; -0.111     ; 38.914     ;
; 60.977 ; sc_cpu:cpu|sc_datapath:datapath|pc_reg[3] ; sc_cpu:cpu|sc_datapath:datapath|sc_regfile:regfile|regs~768 ; pll_inst|altpll_component|auto_generated|pll1|clk[0] ; pll_inst|altpll_component|auto_generated|pll1|clk[0] ; 100.000      ; -0.084     ; 38.937     ;
; 60.978 ; sc_cpu:cpu|sc_datapath:datapath|pc_reg[3] ; sc_cpu:cpu|sc_datapath:datapath|sc_regfile:regfile|regs~512 ; pll_inst|altpll_component|auto_generated|pll1|clk[0] ; pll_inst|altpll_component|auto_generated|pll1|clk[0] ; 100.000      ; -0.084     ; 38.936     ;
; 61.021 ; sc_cpu:cpu|sc_datapath:datapath|pc_reg[3] ; sc_cpu:cpu|sc_datapath:datapath|sc_regfile:regfile|regs~32  ; pll_inst|altpll_component|auto_generated|pll1|clk[0] ; pll_inst|altpll_component|auto_generated|pll1|clk[0] ; 100.000      ; -0.098     ; 38.879     ;
; 61.022 ; sc_cpu:cpu|sc_datapath:datapath|pc_reg[3] ; sc_cpu:cpu|sc_datapath:datapath|sc_regfile:regfile|regs~64  ; pll_inst|altpll_component|auto_generated|pll1|clk[0] ; pll_inst|altpll_component|auto_generated|pll1|clk[0] ; 100.000      ; -0.098     ; 38.878     ;
; 61.031 ; sc_cpu:cpu|sc_datapath:datapath|pc_reg[3] ; sc_cpu:cpu|sc_datapath:datapath|sc_regfile:regfile|regs~448 ; pll_inst|altpll_component|auto_generated|pll1|clk[0] ; pll_inst|altpll_component|auto_generated|pll1|clk[0] ; 100.000      ; -0.112     ; 38.855     ;
; 61.032 ; sc_cpu:cpu|sc_datapath:datapath|pc_reg[3] ; sc_cpu:cpu|sc_datapath:datapath|sc_regfile:regfile|regs~384 ; pll_inst|altpll_component|auto_generated|pll1|clk[0] ; pll_inst|altpll_component|auto_generated|pll1|clk[0] ; 100.000      ; -0.112     ; 38.854     ;
; 61.032 ; sc_cpu:cpu|sc_datapath:datapath|pc_reg[3] ; sc_cpu:cpu|sc_datapath:datapath|sc_regfile:regfile|regs~256 ; pll_inst|altpll_component|auto_generated|pll1|clk[0] ; pll_inst|altpll_component|auto_generated|pll1|clk[0] ; 100.000      ; -0.111     ; 38.855     ;
; 61.032 ; sc_cpu:cpu|sc_datapath:datapath|pc_reg[3] ; sc_cpu:cpu|sc_datapath:datapath|sc_regfile:regfile|regs~288 ; pll_inst|altpll_component|auto_generated|pll1|clk[0] ; pll_inst|altpll_component|auto_generated|pll1|clk[0] ; 100.000      ; -0.111     ; 38.855     ;
; 61.048 ; sc_cpu:cpu|sc_datapath:datapath|pc_reg[3] ; sc_cpu:cpu|sc_datapath:datapath|sc_regfile:regfile|regs~550 ; pll_inst|altpll_component|auto_generated|pll1|clk[0] ; pll_inst|altpll_component|auto_generated|pll1|clk[0] ; 100.000      ; -0.088     ; 38.862     ;
; 61.051 ; sc_cpu:cpu|sc_datapath:datapath|pc_reg[6] ; sc_cpu:cpu|sc_datapath:datapath|sc_regfile:regfile|regs~832 ; pll_inst|altpll_component|auto_generated|pll1|clk[0] ; pll_inst|altpll_component|auto_generated|pll1|clk[0] ; 100.000      ; -0.091     ; 38.856     ;
; 61.054 ; sc_cpu:cpu|sc_datapath:datapath|pc_reg[4] ; sc_cpu:cpu|sc_datapath:datapath|sc_regfile:regfile|regs~864 ; pll_inst|altpll_component|auto_generated|pll1|clk[0] ; pll_inst|altpll_component|auto_generated|pll1|clk[0] ; 100.000      ; -0.085     ; 38.859     ;
; 61.055 ; sc_cpu:cpu|sc_datapath:datapath|pc_reg[4] ; sc_cpu:cpu|sc_datapath:datapath|sc_regfile:regfile|regs~608 ; pll_inst|altpll_component|auto_generated|pll1|clk[0] ; pll_inst|altpll_component|auto_generated|pll1|clk[0] ; 100.000      ; -0.085     ; 38.858     ;
; 61.057 ; sc_cpu:cpu|sc_datapath:datapath|pc_reg[3] ; sc_cpu:cpu|sc_datapath:datapath|sc_regfile:regfile|regs~486 ; pll_inst|altpll_component|auto_generated|pll1|clk[0] ; pll_inst|altpll_component|auto_generated|pll1|clk[0] ; 100.000      ; -0.103     ; 38.838     ;
; 61.058 ; sc_cpu:cpu|sc_datapath:datapath|pc_reg[3] ; sc_cpu:cpu|sc_datapath:datapath|sc_regfile:regfile|regs~646 ; pll_inst|altpll_component|auto_generated|pll1|clk[0] ; pll_inst|altpll_component|auto_generated|pll1|clk[0] ; 100.000      ; -0.102     ; 38.838     ;
; 61.060 ; sc_cpu:cpu|sc_datapath:datapath|pc_reg[3] ; sc_cpu:cpu|sc_datapath:datapath|sc_regfile:regfile|regs~294 ; pll_inst|altpll_component|auto_generated|pll1|clk[0] ; pll_inst|altpll_component|auto_generated|pll1|clk[0] ; 100.000      ; -0.090     ; 38.848     ;
; 61.063 ; sc_cpu:cpu|sc_datapath:datapath|pc_reg[4] ; sc_cpu:cpu|sc_datapath:datapath|sc_regfile:regfile|regs~9   ; pll_inst|altpll_component|auto_generated|pll1|clk[0] ; pll_inst|altpll_component|auto_generated|pll1|clk[0] ; 100.000      ; -0.085     ; 38.850     ;
; 61.066 ; sc_cpu:cpu|sc_datapath:datapath|pc_reg[4] ; sc_cpu:cpu|sc_datapath:datapath|sc_regfile:regfile|regs~41  ; pll_inst|altpll_component|auto_generated|pll1|clk[0] ; pll_inst|altpll_component|auto_generated|pll1|clk[0] ; 100.000      ; -0.085     ; 38.847     ;
; 61.067 ; sc_cpu:cpu|sc_datapath:datapath|pc_reg[3] ; sc_cpu:cpu|sc_datapath:datapath|sc_regfile:regfile|regs~454 ; pll_inst|altpll_component|auto_generated|pll1|clk[0] ; pll_inst|altpll_component|auto_generated|pll1|clk[0] ; 100.000      ; -0.102     ; 38.829     ;
; 61.069 ; sc_cpu:cpu|sc_datapath:datapath|pc_reg[6] ; sc_cpu:cpu|sc_datapath:datapath|sc_regfile:regfile|regs~960 ; pll_inst|altpll_component|auto_generated|pll1|clk[0] ; pll_inst|altpll_component|auto_generated|pll1|clk[0] ; 100.000      ; -0.091     ; 38.838     ;
; 61.073 ; sc_cpu:cpu|sc_datapath:datapath|pc_reg[3] ; sc_cpu:cpu|sc_datapath:datapath|sc_regfile:regfile|regs~934 ; pll_inst|altpll_component|auto_generated|pll1|clk[0] ; pll_inst|altpll_component|auto_generated|pll1|clk[0] ; 100.000      ; -0.088     ; 38.837     ;
; 61.075 ; sc_cpu:cpu|sc_datapath:datapath|pc_reg[3] ; sc_cpu:cpu|sc_datapath:datapath|sc_regfile:regfile|regs~422 ; pll_inst|altpll_component|auto_generated|pll1|clk[0] ; pll_inst|altpll_component|auto_generated|pll1|clk[0] ; 100.000      ; -0.103     ; 38.820     ;
; 61.092 ; sc_cpu:cpu|sc_datapath:datapath|pc_reg[3] ; sc_cpu:cpu|sc_datapath:datapath|sc_regfile:regfile|regs~358 ; pll_inst|altpll_component|auto_generated|pll1|clk[0] ; pll_inst|altpll_component|auto_generated|pll1|clk[0] ; 100.000      ; -0.104     ; 38.802     ;
; 61.094 ; sc_cpu:cpu|sc_datapath:datapath|pc_reg[4] ; sc_cpu:cpu|sc_datapath:datapath|sc_regfile:regfile|regs~800 ; pll_inst|altpll_component|auto_generated|pll1|clk[0] ; pll_inst|altpll_component|auto_generated|pll1|clk[0] ; 100.000      ; -0.067     ; 38.837     ;
; 61.094 ; sc_cpu:cpu|sc_datapath:datapath|pc_reg[4] ; sc_cpu:cpu|sc_datapath:datapath|sc_regfile:regfile|regs~544 ; pll_inst|altpll_component|auto_generated|pll1|clk[0] ; pll_inst|altpll_component|auto_generated|pll1|clk[0] ; 100.000      ; -0.067     ; 38.837     ;
; 61.095 ; sc_cpu:cpu|sc_datapath:datapath|pc_reg[3] ; sc_cpu:cpu|sc_datapath:datapath|sc_regfile:regfile|regs~326 ; pll_inst|altpll_component|auto_generated|pll1|clk[0] ; pll_inst|altpll_component|auto_generated|pll1|clk[0] ; 100.000      ; -0.104     ; 38.799     ;
; 61.106 ; sc_cpu:cpu|sc_datapath:datapath|pc_reg[3] ; sc_cpu:cpu|sc_datapath:datapath|sc_regfile:regfile|regs~390 ; pll_inst|altpll_component|auto_generated|pll1|clk[0] ; pll_inst|altpll_component|auto_generated|pll1|clk[0] ; 100.000      ; -0.089     ; 38.803     ;
; 61.109 ; sc_cpu:cpu|sc_datapath:datapath|pc_reg[3] ; sc_cpu:cpu|sc_datapath:datapath|sc_regfile:regfile|regs~262 ; pll_inst|altpll_component|auto_generated|pll1|clk[0] ; pll_inst|altpll_component|auto_generated|pll1|clk[0] ; 100.000      ; -0.089     ; 38.800     ;
; 61.138 ; sc_cpu:cpu|sc_datapath:datapath|pc_reg[5] ; sc_cpu:cpu|sc_datapath:datapath|sc_regfile:regfile|regs~832 ; pll_inst|altpll_component|auto_generated|pll1|clk[0] ; pll_inst|altpll_component|auto_generated|pll1|clk[0] ; 100.000      ; -0.091     ; 38.769     ;
; 61.156 ; sc_cpu:cpu|sc_datapath:datapath|pc_reg[5] ; sc_cpu:cpu|sc_datapath:datapath|sc_regfile:regfile|regs~960 ; pll_inst|altpll_component|auto_generated|pll1|clk[0] ; pll_inst|altpll_component|auto_generated|pll1|clk[0] ; 100.000      ; -0.091     ; 38.751     ;
; 61.171 ; sc_cpu:cpu|sc_datapath:datapath|pc_reg[4] ; sc_cpu:cpu|sc_datapath:datapath|sc_regfile:regfile|regs~806 ; pll_inst|altpll_component|auto_generated|pll1|clk[0] ; pll_inst|altpll_component|auto_generated|pll1|clk[0] ; 100.000      ; -0.083     ; 38.744     ;
; 61.184 ; sc_cpu:cpu|sc_datapath:datapath|pc_reg[3] ; sc_cpu:cpu|sc_datapath:datapath|sc_regfile:regfile|regs~105 ; pll_inst|altpll_component|auto_generated|pll1|clk[0] ; pll_inst|altpll_component|auto_generated|pll1|clk[0] ; 100.000      ; -0.085     ; 38.729     ;
; 61.187 ; sc_cpu:cpu|sc_datapath:datapath|pc_reg[3] ; sc_cpu:cpu|sc_datapath:datapath|sc_regfile:regfile|regs~73  ; pll_inst|altpll_component|auto_generated|pll1|clk[0] ; pll_inst|altpll_component|auto_generated|pll1|clk[0] ; 100.000      ; -0.085     ; 38.726     ;
; 61.188 ; sc_cpu:cpu|sc_datapath:datapath|pc_reg[7] ; sc_cpu:cpu|sc_datapath:datapath|sc_regfile:regfile|regs~832 ; pll_inst|altpll_component|auto_generated|pll1|clk[0] ; pll_inst|altpll_component|auto_generated|pll1|clk[0] ; 100.000      ; -0.091     ; 38.719     ;
; 61.193 ; sc_cpu:cpu|sc_datapath:datapath|pc_reg[8] ; sc_cpu:cpu|sc_datapath:datapath|sc_regfile:regfile|regs~832 ; pll_inst|altpll_component|auto_generated|pll1|clk[0] ; pll_inst|altpll_component|auto_generated|pll1|clk[0] ; 100.000      ; -0.091     ; 38.714     ;
; 61.206 ; sc_cpu:cpu|sc_datapath:datapath|pc_reg[7] ; sc_cpu:cpu|sc_datapath:datapath|sc_regfile:regfile|regs~960 ; pll_inst|altpll_component|auto_generated|pll1|clk[0] ; pll_inst|altpll_component|auto_generated|pll1|clk[0] ; 100.000      ; -0.091     ; 38.701     ;
; 61.211 ; sc_cpu:cpu|sc_datapath:datapath|pc_reg[8] ; sc_cpu:cpu|sc_datapath:datapath|sc_regfile:regfile|regs~960 ; pll_inst|altpll_component|auto_generated|pll1|clk[0] ; pll_inst|altpll_component|auto_generated|pll1|clk[0] ; 100.000      ; -0.091     ; 38.696     ;
; 61.238 ; sc_cpu:cpu|sc_datapath:datapath|pc_reg[3] ; sc_cpu:cpu|sc_datapath:datapath|sc_regfile:regfile|regs~678 ; pll_inst|altpll_component|auto_generated|pll1|clk[0] ; pll_inst|altpll_component|auto_generated|pll1|clk[0] ; 100.000      ; -0.072     ; 38.688     ;
; 61.238 ; sc_cpu:cpu|sc_datapath:datapath|pc_reg[4] ; sc_cpu:cpu|sc_datapath:datapath|sc_regfile:regfile|regs~928 ; pll_inst|altpll_component|auto_generated|pll1|clk[0] ; pll_inst|altpll_component|auto_generated|pll1|clk[0] ; 100.000      ; -0.067     ; 38.693     ;
; 61.238 ; sc_cpu:cpu|sc_datapath:datapath|pc_reg[4] ; sc_cpu:cpu|sc_datapath:datapath|sc_regfile:regfile|regs~672 ; pll_inst|altpll_component|auto_generated|pll1|clk[0] ; pll_inst|altpll_component|auto_generated|pll1|clk[0] ; 100.000      ; -0.067     ; 38.693     ;
; 61.240 ; sc_cpu:cpu|sc_datapath:datapath|pc_reg[3] ; sc_cpu:cpu|sc_datapath:datapath|sc_regfile:regfile|regs~966 ; pll_inst|altpll_component|auto_generated|pll1|clk[0] ; pll_inst|altpll_component|auto_generated|pll1|clk[0] ; 100.000      ; -0.072     ; 38.686     ;
; 61.251 ; sc_cpu:cpu|sc_datapath:datapath|pc_reg[4] ; sc_cpu:cpu|sc_datapath:datapath|sc_regfile:regfile|regs~5   ; pll_inst|altpll_component|auto_generated|pll1|clk[0] ; pll_inst|altpll_component|auto_generated|pll1|clk[0] ; 100.000      ; -0.091     ; 38.656     ;
; 61.253 ; sc_cpu:cpu|sc_datapath:datapath|pc_reg[4] ; sc_cpu:cpu|sc_datapath:datapath|sc_regfile:regfile|regs~37  ; pll_inst|altpll_component|auto_generated|pll1|clk[0] ; pll_inst|altpll_component|auto_generated|pll1|clk[0] ; 100.000      ; -0.091     ; 38.654     ;
; 61.255 ; sc_cpu:cpu|sc_datapath:datapath|pc_reg[4] ; sc_cpu:cpu|sc_datapath:datapath|sc_regfile:regfile|regs~550 ; pll_inst|altpll_component|auto_generated|pll1|clk[0] ; pll_inst|altpll_component|auto_generated|pll1|clk[0] ; 100.000      ; -0.088     ; 38.655     ;
; 61.262 ; sc_cpu:cpu|sc_datapath:datapath|pc_reg[3] ; sc_cpu:cpu|sc_datapath:datapath|sc_regfile:regfile|regs~576 ; pll_inst|altpll_component|auto_generated|pll1|clk[0] ; pll_inst|altpll_component|auto_generated|pll1|clk[0] ; 100.000      ; -0.109     ; 38.627     ;
; 61.264 ; sc_cpu:cpu|sc_datapath:datapath|pc_reg[4] ; sc_cpu:cpu|sc_datapath:datapath|sc_regfile:regfile|regs~486 ; pll_inst|altpll_component|auto_generated|pll1|clk[0] ; pll_inst|altpll_component|auto_generated|pll1|clk[0] ; 100.000      ; -0.103     ; 38.631     ;
; 61.265 ; sc_cpu:cpu|sc_datapath:datapath|pc_reg[4] ; sc_cpu:cpu|sc_datapath:datapath|sc_regfile:regfile|regs~646 ; pll_inst|altpll_component|auto_generated|pll1|clk[0] ; pll_inst|altpll_component|auto_generated|pll1|clk[0] ; 100.000      ; -0.102     ; 38.631     ;
; 61.267 ; sc_cpu:cpu|sc_datapath:datapath|pc_reg[4] ; sc_cpu:cpu|sc_datapath:datapath|sc_regfile:regfile|regs~294 ; pll_inst|altpll_component|auto_generated|pll1|clk[0] ; pll_inst|altpll_component|auto_generated|pll1|clk[0] ; 100.000      ; -0.090     ; 38.641     ;
; 61.274 ; sc_cpu:cpu|sc_datapath:datapath|pc_reg[4] ; sc_cpu:cpu|sc_datapath:datapath|sc_regfile:regfile|regs~454 ; pll_inst|altpll_component|auto_generated|pll1|clk[0] ; pll_inst|altpll_component|auto_generated|pll1|clk[0] ; 100.000      ; -0.102     ; 38.622     ;
; 61.276 ; sc_cpu:cpu|sc_datapath:datapath|pc_reg[3] ; sc_cpu:cpu|sc_datapath:datapath|sc_regfile:regfile|regs~87  ; pll_inst|altpll_component|auto_generated|pll1|clk[0] ; pll_inst|altpll_component|auto_generated|pll1|clk[0] ; 100.000      ; -0.080     ; 38.642     ;
; 61.279 ; sc_cpu:cpu|sc_datapath:datapath|pc_reg[3] ; sc_cpu:cpu|sc_datapath:datapath|sc_regfile:regfile|regs~119 ; pll_inst|altpll_component|auto_generated|pll1|clk[0] ; pll_inst|altpll_component|auto_generated|pll1|clk[0] ; 100.000      ; -0.080     ; 38.639     ;
; 61.280 ; sc_cpu:cpu|sc_datapath:datapath|pc_reg[4] ; sc_cpu:cpu|sc_datapath:datapath|sc_regfile:regfile|regs~934 ; pll_inst|altpll_component|auto_generated|pll1|clk[0] ; pll_inst|altpll_component|auto_generated|pll1|clk[0] ; 100.000      ; -0.088     ; 38.630     ;
; 61.281 ; sc_cpu:cpu|sc_datapath:datapath|pc_reg[3] ; sc_cpu:cpu|sc_datapath:datapath|sc_regfile:regfile|regs~704 ; pll_inst|altpll_component|auto_generated|pll1|clk[0] ; pll_inst|altpll_component|auto_generated|pll1|clk[0] ; 100.000      ; -0.109     ; 38.608     ;
; 61.282 ; sc_cpu:cpu|sc_datapath:datapath|pc_reg[4] ; sc_cpu:cpu|sc_datapath:datapath|sc_regfile:regfile|regs~422 ; pll_inst|altpll_component|auto_generated|pll1|clk[0] ; pll_inst|altpll_component|auto_generated|pll1|clk[0] ; 100.000      ; -0.103     ; 38.613     ;
; 61.283 ; sc_cpu:cpu|sc_datapath:datapath|pc_reg[3] ; sc_cpu:cpu|sc_datapath:datapath|sc_regfile:regfile|regs~352 ; pll_inst|altpll_component|auto_generated|pll1|clk[0] ; pll_inst|altpll_component|auto_generated|pll1|clk[0] ; 100.000      ; -0.108     ; 38.607     ;
; 61.284 ; sc_cpu:cpu|sc_datapath:datapath|pc_reg[3] ; sc_cpu:cpu|sc_datapath:datapath|sc_regfile:regfile|regs~480 ; pll_inst|altpll_component|auto_generated|pll1|clk[0] ; pll_inst|altpll_component|auto_generated|pll1|clk[0] ; 100.000      ; -0.108     ; 38.606     ;
; 61.284 ; sc_cpu:cpu|sc_datapath:datapath|pc_reg[4] ; sc_cpu:cpu|sc_datapath:datapath|sc_regfile:regfile|regs~0   ; pll_inst|altpll_component|auto_generated|pll1|clk[0] ; pll_inst|altpll_component|auto_generated|pll1|clk[0] ; 100.000      ; -0.097     ; 38.617     ;
; 61.285 ; sc_cpu:cpu|sc_datapath:datapath|pc_reg[4] ; sc_cpu:cpu|sc_datapath:datapath|sc_regfile:regfile|regs~96  ; pll_inst|altpll_component|auto_generated|pll1|clk[0] ; pll_inst|altpll_component|auto_generated|pll1|clk[0] ; 100.000      ; -0.097     ; 38.616     ;
; 61.289 ; sc_cpu:cpu|sc_datapath:datapath|pc_reg[4] ; sc_cpu:cpu|sc_datapath:datapath|sc_regfile:regfile|regs~128 ; pll_inst|altpll_component|auto_generated|pll1|clk[0] ; pll_inst|altpll_component|auto_generated|pll1|clk[0] ; 100.000      ; -0.111     ; 38.598     ;
; 61.290 ; sc_cpu:cpu|sc_datapath:datapath|pc_reg[4] ; sc_cpu:cpu|sc_datapath:datapath|sc_regfile:regfile|regs~160 ; pll_inst|altpll_component|auto_generated|pll1|clk[0] ; pll_inst|altpll_component|auto_generated|pll1|clk[0] ; 100.000      ; -0.111     ; 38.597     ;
; 61.294 ; sc_cpu:cpu|sc_datapath:datapath|pc_reg[4] ; sc_cpu:cpu|sc_datapath:datapath|sc_regfile:regfile|regs~768 ; pll_inst|altpll_component|auto_generated|pll1|clk[0] ; pll_inst|altpll_component|auto_generated|pll1|clk[0] ; 100.000      ; -0.084     ; 38.620     ;
; 61.295 ; sc_cpu:cpu|sc_datapath:datapath|pc_reg[4] ; sc_cpu:cpu|sc_datapath:datapath|sc_regfile:regfile|regs~512 ; pll_inst|altpll_component|auto_generated|pll1|clk[0] ; pll_inst|altpll_component|auto_generated|pll1|clk[0] ; 100.000      ; -0.084     ; 38.619     ;
; 61.297 ; sc_cpu:cpu|sc_datapath:datapath|pc_reg[3] ; sc_cpu:cpu|sc_datapath:datapath|sc_regfile:regfile|regs~224 ; pll_inst|altpll_component|auto_generated|pll1|clk[0] ; pll_inst|altpll_component|auto_generated|pll1|clk[0] ; 100.000      ; -0.107     ; 38.594     ;
; 61.299 ; sc_cpu:cpu|sc_datapath:datapath|pc_reg[3] ; sc_cpu:cpu|sc_datapath:datapath|sc_regfile:regfile|regs~192 ; pll_inst|altpll_component|auto_generated|pll1|clk[0] ; pll_inst|altpll_component|auto_generated|pll1|clk[0] ; 100.000      ; -0.107     ; 38.592     ;
; 61.299 ; sc_cpu:cpu|sc_datapath:datapath|pc_reg[4] ; sc_cpu:cpu|sc_datapath:datapath|sc_regfile:regfile|regs~358 ; pll_inst|altpll_component|auto_generated|pll1|clk[0] ; pll_inst|altpll_component|auto_generated|pll1|clk[0] ; 100.000      ; -0.104     ; 38.595     ;
; 61.302 ; sc_cpu:cpu|sc_datapath:datapath|pc_reg[4] ; sc_cpu:cpu|sc_datapath:datapath|sc_regfile:regfile|regs~326 ; pll_inst|altpll_component|auto_generated|pll1|clk[0] ; pll_inst|altpll_component|auto_generated|pll1|clk[0] ; 100.000      ; -0.104     ; 38.592     ;
; 61.304 ; sc_cpu:cpu|sc_datapath:datapath|pc_reg[3] ; sc_cpu:cpu|sc_datapath:datapath|sc_regfile:regfile|regs~230 ; pll_inst|altpll_component|auto_generated|pll1|clk[0] ; pll_inst|altpll_component|auto_generated|pll1|clk[0] ; 100.000      ; -0.105     ; 38.589     ;
; 61.304 ; sc_cpu:cpu|sc_datapath:datapath|pc_reg[3] ; sc_cpu:cpu|sc_datapath:datapath|sc_regfile:regfile|regs~198 ; pll_inst|altpll_component|auto_generated|pll1|clk[0] ; pll_inst|altpll_component|auto_generated|pll1|clk[0] ; 100.000      ; -0.105     ; 38.589     ;
; 61.311 ; sc_cpu:cpu|sc_datapath:datapath|pc_reg[3] ; sc_cpu:cpu|sc_datapath:datapath|sc_regfile:regfile|regs~55  ; pll_inst|altpll_component|auto_generated|pll1|clk[0] ; pll_inst|altpll_component|auto_generated|pll1|clk[0] ; 100.000      ; -0.085     ; 38.602     ;
; 61.313 ; sc_cpu:cpu|sc_datapath:datapath|pc_reg[4] ; sc_cpu:cpu|sc_datapath:datapath|sc_regfile:regfile|regs~390 ; pll_inst|altpll_component|auto_generated|pll1|clk[0] ; pll_inst|altpll_component|auto_generated|pll1|clk[0] ; 100.000      ; -0.089     ; 38.596     ;
; 61.316 ; sc_cpu:cpu|sc_datapath:datapath|pc_reg[4] ; sc_cpu:cpu|sc_datapath:datapath|sc_regfile:regfile|regs~262 ; pll_inst|altpll_component|auto_generated|pll1|clk[0] ; pll_inst|altpll_component|auto_generated|pll1|clk[0] ; 100.000      ; -0.089     ; 38.593     ;
; 61.322 ; sc_cpu:cpu|sc_datapath:datapath|pc_reg[3] ; sc_cpu:cpu|sc_datapath:datapath|sc_regfile:regfile|regs~736 ; pll_inst|altpll_component|auto_generated|pll1|clk[0] ; pll_inst|altpll_component|auto_generated|pll1|clk[0] ; 100.000      ; -0.104     ; 38.572     ;
; 61.328 ; sc_cpu:cpu|sc_datapath:datapath|pc_reg[3] ; sc_cpu:cpu|sc_datapath:datapath|sc_regfile:regfile|regs~38  ; pll_inst|altpll_component|auto_generated|pll1|clk[0] ; pll_inst|altpll_component|auto_generated|pll1|clk[0] ; 100.000      ; -0.095     ; 38.575     ;
; 61.332 ; sc_cpu:cpu|sc_datapath:datapath|pc_reg[3] ; sc_cpu:cpu|sc_datapath:datapath|sc_regfile:regfile|regs~6   ; pll_inst|altpll_component|auto_generated|pll1|clk[0] ; pll_inst|altpll_component|auto_generated|pll1|clk[0] ; 100.000      ; -0.096     ; 38.570     ;
; 61.332 ; sc_cpu:cpu|sc_datapath:datapath|pc_reg[6] ; sc_cpu:cpu|sc_datapath:datapath|sc_regfile:regfile|regs~864 ; pll_inst|altpll_component|auto_generated|pll1|clk[0] ; pll_inst|altpll_component|auto_generated|pll1|clk[0] ; 100.000      ; -0.085     ; 38.581     ;
; 61.333 ; sc_cpu:cpu|sc_datapath:datapath|pc_reg[6] ; sc_cpu:cpu|sc_datapath:datapath|sc_regfile:regfile|regs~608 ; pll_inst|altpll_component|auto_generated|pll1|clk[0] ; pll_inst|altpll_component|auto_generated|pll1|clk[0] ; 100.000      ; -0.085     ; 38.580     ;
; 61.338 ; sc_cpu:cpu|sc_datapath:datapath|pc_reg[4] ; sc_cpu:cpu|sc_datapath:datapath|sc_regfile:regfile|regs~32  ; pll_inst|altpll_component|auto_generated|pll1|clk[0] ; pll_inst|altpll_component|auto_generated|pll1|clk[0] ; 100.000      ; -0.098     ; 38.562     ;
; 61.339 ; sc_cpu:cpu|sc_datapath:datapath|pc_reg[4] ; sc_cpu:cpu|sc_datapath:datapath|sc_regfile:regfile|regs~64  ; pll_inst|altpll_component|auto_generated|pll1|clk[0] ; pll_inst|altpll_component|auto_generated|pll1|clk[0] ; 100.000      ; -0.098     ; 38.561     ;
; 61.341 ; sc_cpu:cpu|sc_datapath:datapath|pc_reg[6] ; sc_cpu:cpu|sc_datapath:datapath|sc_regfile:regfile|regs~9   ; pll_inst|altpll_component|auto_generated|pll1|clk[0] ; pll_inst|altpll_component|auto_generated|pll1|clk[0] ; 100.000      ; -0.085     ; 38.572     ;
; 61.344 ; sc_cpu:cpu|sc_datapath:datapath|pc_reg[6] ; sc_cpu:cpu|sc_datapath:datapath|sc_regfile:regfile|regs~41  ; pll_inst|altpll_component|auto_generated|pll1|clk[0] ; pll_inst|altpll_component|auto_generated|pll1|clk[0] ; 100.000      ; -0.085     ; 38.569     ;
; 61.347 ; sc_cpu:cpu|sc_datapath:datapath|pc_reg[3] ; sc_cpu:cpu|sc_datapath:datapath|sc_regfile:regfile|regs~70  ; pll_inst|altpll_component|auto_generated|pll1|clk[0] ; pll_inst|altpll_component|auto_generated|pll1|clk[0] ; 100.000      ; -0.090     ; 38.561     ;
; 61.347 ; sc_cpu:cpu|sc_datapath:datapath|pc_reg[3] ; sc_cpu:cpu|sc_datapath:datapath|sc_regfile:regfile|regs~102 ; pll_inst|altpll_component|auto_generated|pll1|clk[0] ; pll_inst|altpll_component|auto_generated|pll1|clk[0] ; 100.000      ; -0.090     ; 38.561     ;
+--------+-------------------------------------------+-------------------------------------------------------------+------------------------------------------------------+------------------------------------------------------+--------------+------------+------------+


+--------------------------------------------------------------------------------------------------------------------------------------------------------------------------------------------------------------------------------------------------------+
; Slow 1200mV 85C Model Hold: 'pll_inst|altpll_component|auto_generated|pll1|clk[0]'                                                                                                                                                                     ;
+-------+--------------------------------------------+--------------------------------------------+------------------------------------------------------+------------------------------------------------------+--------------+------------+------------+
; Slack ; From Node                                  ; To Node                                    ; Launch Clock                                         ; Latch Clock                                          ; Relationship ; Clock Skew ; Data Delay ;
+-------+--------------------------------------------+--------------------------------------------+------------------------------------------------------+------------------------------------------------------+--------------+------------+------------+
; 0.466 ; sc_cpu:cpu|sc_datapath:datapath|pc_reg[31] ; sc_cpu:cpu|sc_datapath:datapath|pc_reg[31] ; pll_inst|altpll_component|auto_generated|pll1|clk[0] ; pll_inst|altpll_component|auto_generated|pll1|clk[0] ; 0.000        ; 0.078      ; 0.730      ;
; 0.658 ; sc_cpu:cpu|sc_datapath:datapath|pc_reg[7]  ; sc_cpu:cpu|sc_datapath:datapath|pc_reg[7]  ; pll_inst|altpll_component|auto_generated|pll1|clk[0] ; pll_inst|altpll_component|auto_generated|pll1|clk[0] ; 0.000        ; 0.078      ; 0.922      ;
; 0.659 ; sc_cpu:cpu|sc_datapath:datapath|pc_reg[23] ; sc_cpu:cpu|sc_datapath:datapath|pc_reg[23] ; pll_inst|altpll_component|auto_generated|pll1|clk[0] ; pll_inst|altpll_component|auto_generated|pll1|clk[0] ; 0.000        ; 0.078      ; 0.923      ;
; 0.659 ; sc_cpu:cpu|sc_datapath:datapath|pc_reg[16] ; sc_cpu:cpu|sc_datapath:datapath|pc_reg[16] ; pll_inst|altpll_component|auto_generated|pll1|clk[0] ; pll_inst|altpll_component|auto_generated|pll1|clk[0] ; 0.000        ; 0.078      ; 0.923      ;
; 0.659 ; sc_cpu:cpu|sc_datapath:datapath|pc_reg[3]  ; sc_cpu:cpu|sc_datapath:datapath|pc_reg[3]  ; pll_inst|altpll_component|auto_generated|pll1|clk[0] ; pll_inst|altpll_component|auto_generated|pll1|clk[0] ; 0.000        ; 0.078      ; 0.923      ;
; 0.660 ; sc_cpu:cpu|sc_datapath:datapath|pc_reg[30] ; sc_cpu:cpu|sc_datapath:datapath|pc_reg[30] ; pll_inst|altpll_component|auto_generated|pll1|clk[0] ; pll_inst|altpll_component|auto_generated|pll1|clk[0] ; 0.000        ; 0.078      ; 0.924      ;
; 0.660 ; sc_cpu:cpu|sc_datapath:datapath|pc_reg[13] ; sc_cpu:cpu|sc_datapath:datapath|pc_reg[13] ; pll_inst|altpll_component|auto_generated|pll1|clk[0] ; pll_inst|altpll_component|auto_generated|pll1|clk[0] ; 0.000        ; 0.078      ; 0.924      ;
; 0.660 ; sc_cpu:cpu|sc_datapath:datapath|pc_reg[11] ; sc_cpu:cpu|sc_datapath:datapath|pc_reg[11] ; pll_inst|altpll_component|auto_generated|pll1|clk[0] ; pll_inst|altpll_component|auto_generated|pll1|clk[0] ; 0.000        ; 0.078      ; 0.924      ;
; 0.660 ; sc_cpu:cpu|sc_datapath:datapath|pc_reg[9]  ; sc_cpu:cpu|sc_datapath:datapath|pc_reg[9]  ; pll_inst|altpll_component|auto_generated|pll1|clk[0] ; pll_inst|altpll_component|auto_generated|pll1|clk[0] ; 0.000        ; 0.078      ; 0.924      ;
; 0.660 ; sc_cpu:cpu|sc_datapath:datapath|pc_reg[5]  ; sc_cpu:cpu|sc_datapath:datapath|pc_reg[5]  ; pll_inst|altpll_component|auto_generated|pll1|clk[0] ; pll_inst|altpll_component|auto_generated|pll1|clk[0] ; 0.000        ; 0.078      ; 0.924      ;
; 0.661 ; sc_cpu:cpu|sc_datapath:datapath|pc_reg[29] ; sc_cpu:cpu|sc_datapath:datapath|pc_reg[29] ; pll_inst|altpll_component|auto_generated|pll1|clk[0] ; pll_inst|altpll_component|auto_generated|pll1|clk[0] ; 0.000        ; 0.078      ; 0.925      ;
; 0.661 ; sc_cpu:cpu|sc_datapath:datapath|pc_reg[28] ; sc_cpu:cpu|sc_datapath:datapath|pc_reg[28] ; pll_inst|altpll_component|auto_generated|pll1|clk[0] ; pll_inst|altpll_component|auto_generated|pll1|clk[0] ; 0.000        ; 0.078      ; 0.925      ;
; 0.661 ; sc_cpu:cpu|sc_datapath:datapath|pc_reg[27] ; sc_cpu:cpu|sc_datapath:datapath|pc_reg[27] ; pll_inst|altpll_component|auto_generated|pll1|clk[0] ; pll_inst|altpll_component|auto_generated|pll1|clk[0] ; 0.000        ; 0.078      ; 0.925      ;
; 0.661 ; sc_cpu:cpu|sc_datapath:datapath|pc_reg[25] ; sc_cpu:cpu|sc_datapath:datapath|pc_reg[25] ; pll_inst|altpll_component|auto_generated|pll1|clk[0] ; pll_inst|altpll_component|auto_generated|pll1|clk[0] ; 0.000        ; 0.078      ; 0.925      ;
; 0.661 ; sc_cpu:cpu|sc_datapath:datapath|pc_reg[21] ; sc_cpu:cpu|sc_datapath:datapath|pc_reg[21] ; pll_inst|altpll_component|auto_generated|pll1|clk[0] ; pll_inst|altpll_component|auto_generated|pll1|clk[0] ; 0.000        ; 0.078      ; 0.925      ;
; 0.661 ; sc_cpu:cpu|sc_datapath:datapath|pc_reg[1]  ; sc_cpu:cpu|sc_datapath:datapath|pc_reg[1]  ; pll_inst|altpll_component|auto_generated|pll1|clk[0] ; pll_inst|altpll_component|auto_generated|pll1|clk[0] ; 0.000        ; 0.078      ; 0.925      ;
; 0.662 ; sc_cpu:cpu|sc_datapath:datapath|pc_reg[18] ; sc_cpu:cpu|sc_datapath:datapath|pc_reg[18] ; pll_inst|altpll_component|auto_generated|pll1|clk[0] ; pll_inst|altpll_component|auto_generated|pll1|clk[0] ; 0.000        ; 0.078      ; 0.926      ;
; 0.663 ; sc_cpu:cpu|sc_datapath:datapath|pc_reg[10] ; sc_cpu:cpu|sc_datapath:datapath|pc_reg[10] ; pll_inst|altpll_component|auto_generated|pll1|clk[0] ; pll_inst|altpll_component|auto_generated|pll1|clk[0] ; 0.000        ; 0.078      ; 0.927      ;
; 0.663 ; sc_cpu:cpu|sc_datapath:datapath|pc_reg[8]  ; sc_cpu:cpu|sc_datapath:datapath|pc_reg[8]  ; pll_inst|altpll_component|auto_generated|pll1|clk[0] ; pll_inst|altpll_component|auto_generated|pll1|clk[0] ; 0.000        ; 0.078      ; 0.927      ;
; 0.675 ; sc_cpu:cpu|sc_datapath:datapath|pc_reg[0]  ; sc_cpu:cpu|sc_datapath:datapath|pc_reg[0]  ; pll_inst|altpll_component|auto_generated|pll1|clk[0] ; pll_inst|altpll_component|auto_generated|pll1|clk[0] ; 0.000        ; 0.078      ; 0.939      ;
; 0.681 ; sc_cpu:cpu|sc_datapath:datapath|pc_reg[17] ; sc_cpu:cpu|sc_datapath:datapath|pc_reg[17] ; pll_inst|altpll_component|auto_generated|pll1|clk[0] ; pll_inst|altpll_component|auto_generated|pll1|clk[0] ; 0.000        ; 0.078      ; 0.945      ;
; 0.681 ; sc_cpu:cpu|sc_datapath:datapath|pc_reg[14] ; sc_cpu:cpu|sc_datapath:datapath|pc_reg[14] ; pll_inst|altpll_component|auto_generated|pll1|clk[0] ; pll_inst|altpll_component|auto_generated|pll1|clk[0] ; 0.000        ; 0.078      ; 0.945      ;
; 0.681 ; sc_cpu:cpu|sc_datapath:datapath|pc_reg[4]  ; sc_cpu:cpu|sc_datapath:datapath|pc_reg[4]  ; pll_inst|altpll_component|auto_generated|pll1|clk[0] ; pll_inst|altpll_component|auto_generated|pll1|clk[0] ; 0.000        ; 0.078      ; 0.945      ;
; 0.682 ; sc_cpu:cpu|sc_datapath:datapath|pc_reg[20] ; sc_cpu:cpu|sc_datapath:datapath|pc_reg[20] ; pll_inst|altpll_component|auto_generated|pll1|clk[0] ; pll_inst|altpll_component|auto_generated|pll1|clk[0] ; 0.000        ; 0.078      ; 0.946      ;
; 0.682 ; sc_cpu:cpu|sc_datapath:datapath|pc_reg[19] ; sc_cpu:cpu|sc_datapath:datapath|pc_reg[19] ; pll_inst|altpll_component|auto_generated|pll1|clk[0] ; pll_inst|altpll_component|auto_generated|pll1|clk[0] ; 0.000        ; 0.078      ; 0.946      ;
; 0.682 ; sc_cpu:cpu|sc_datapath:datapath|pc_reg[15] ; sc_cpu:cpu|sc_datapath:datapath|pc_reg[15] ; pll_inst|altpll_component|auto_generated|pll1|clk[0] ; pll_inst|altpll_component|auto_generated|pll1|clk[0] ; 0.000        ; 0.078      ; 0.946      ;
; 0.682 ; sc_cpu:cpu|sc_datapath:datapath|pc_reg[12] ; sc_cpu:cpu|sc_datapath:datapath|pc_reg[12] ; pll_inst|altpll_component|auto_generated|pll1|clk[0] ; pll_inst|altpll_component|auto_generated|pll1|clk[0] ; 0.000        ; 0.078      ; 0.946      ;
; 0.682 ; sc_cpu:cpu|sc_datapath:datapath|pc_reg[6]  ; sc_cpu:cpu|sc_datapath:datapath|pc_reg[6]  ; pll_inst|altpll_component|auto_generated|pll1|clk[0] ; pll_inst|altpll_component|auto_generated|pll1|clk[0] ; 0.000        ; 0.078      ; 0.946      ;
; 0.683 ; sc_cpu:cpu|sc_datapath:datapath|pc_reg[22] ; sc_cpu:cpu|sc_datapath:datapath|pc_reg[22] ; pll_inst|altpll_component|auto_generated|pll1|clk[0] ; pll_inst|altpll_component|auto_generated|pll1|clk[0] ; 0.000        ; 0.078      ; 0.947      ;
; 0.685 ; sc_cpu:cpu|sc_datapath:datapath|pc_reg[2]  ; sc_cpu:cpu|sc_datapath:datapath|pc_reg[2]  ; pll_inst|altpll_component|auto_generated|pll1|clk[0] ; pll_inst|altpll_component|auto_generated|pll1|clk[0] ; 0.000        ; 0.078      ; 0.949      ;
; 0.687 ; sc_cpu:cpu|sc_datapath:datapath|pc_reg[26] ; sc_cpu:cpu|sc_datapath:datapath|pc_reg[26] ; pll_inst|altpll_component|auto_generated|pll1|clk[0] ; pll_inst|altpll_component|auto_generated|pll1|clk[0] ; 0.000        ; 0.078      ; 0.951      ;
; 0.687 ; sc_cpu:cpu|sc_datapath:datapath|pc_reg[24] ; sc_cpu:cpu|sc_datapath:datapath|pc_reg[24] ; pll_inst|altpll_component|auto_generated|pll1|clk[0] ; pll_inst|altpll_component|auto_generated|pll1|clk[0] ; 0.000        ; 0.078      ; 0.951      ;
; 0.976 ; sc_cpu:cpu|sc_datapath:datapath|pc_reg[7]  ; sc_cpu:cpu|sc_datapath:datapath|pc_reg[8]  ; pll_inst|altpll_component|auto_generated|pll1|clk[0] ; pll_inst|altpll_component|auto_generated|pll1|clk[0] ; 0.000        ; 0.078      ; 1.240      ;
; 0.976 ; sc_cpu:cpu|sc_datapath:datapath|pc_reg[3]  ; sc_cpu:cpu|sc_datapath:datapath|pc_reg[4]  ; pll_inst|altpll_component|auto_generated|pll1|clk[0] ; pll_inst|altpll_component|auto_generated|pll1|clk[0] ; 0.000        ; 0.078      ; 1.240      ;
; 0.977 ; sc_cpu:cpu|sc_datapath:datapath|pc_reg[9]  ; sc_cpu:cpu|sc_datapath:datapath|pc_reg[10] ; pll_inst|altpll_component|auto_generated|pll1|clk[0] ; pll_inst|altpll_component|auto_generated|pll1|clk[0] ; 0.000        ; 0.078      ; 1.241      ;
; 0.977 ; sc_cpu:cpu|sc_datapath:datapath|pc_reg[13] ; sc_cpu:cpu|sc_datapath:datapath|pc_reg[14] ; pll_inst|altpll_component|auto_generated|pll1|clk[0] ; pll_inst|altpll_component|auto_generated|pll1|clk[0] ; 0.000        ; 0.078      ; 1.241      ;
; 0.977 ; sc_cpu:cpu|sc_datapath:datapath|pc_reg[11] ; sc_cpu:cpu|sc_datapath:datapath|pc_reg[12] ; pll_inst|altpll_component|auto_generated|pll1|clk[0] ; pll_inst|altpll_component|auto_generated|pll1|clk[0] ; 0.000        ; 0.078      ; 1.241      ;
; 0.977 ; sc_cpu:cpu|sc_datapath:datapath|pc_reg[5]  ; sc_cpu:cpu|sc_datapath:datapath|pc_reg[6]  ; pll_inst|altpll_component|auto_generated|pll1|clk[0] ; pll_inst|altpll_component|auto_generated|pll1|clk[0] ; 0.000        ; 0.078      ; 1.241      ;
; 0.977 ; sc_cpu:cpu|sc_datapath:datapath|pc_reg[23] ; sc_cpu:cpu|sc_datapath:datapath|pc_reg[24] ; pll_inst|altpll_component|auto_generated|pll1|clk[0] ; pll_inst|altpll_component|auto_generated|pll1|clk[0] ; 0.000        ; 0.078      ; 1.241      ;
; 0.978 ; sc_cpu:cpu|sc_datapath:datapath|pc_reg[29] ; sc_cpu:cpu|sc_datapath:datapath|pc_reg[30] ; pll_inst|altpll_component|auto_generated|pll1|clk[0] ; pll_inst|altpll_component|auto_generated|pll1|clk[0] ; 0.000        ; 0.078      ; 1.242      ;
; 0.978 ; sc_cpu:cpu|sc_datapath:datapath|pc_reg[27] ; sc_cpu:cpu|sc_datapath:datapath|pc_reg[28] ; pll_inst|altpll_component|auto_generated|pll1|clk[0] ; pll_inst|altpll_component|auto_generated|pll1|clk[0] ; 0.000        ; 0.078      ; 1.242      ;
; 0.978 ; sc_cpu:cpu|sc_datapath:datapath|pc_reg[21] ; sc_cpu:cpu|sc_datapath:datapath|pc_reg[22] ; pll_inst|altpll_component|auto_generated|pll1|clk[0] ; pll_inst|altpll_component|auto_generated|pll1|clk[0] ; 0.000        ; 0.078      ; 1.242      ;
; 0.978 ; sc_cpu:cpu|sc_datapath:datapath|pc_reg[25] ; sc_cpu:cpu|sc_datapath:datapath|pc_reg[26] ; pll_inst|altpll_component|auto_generated|pll1|clk[0] ; pll_inst|altpll_component|auto_generated|pll1|clk[0] ; 0.000        ; 0.078      ; 1.242      ;
; 0.987 ; sc_cpu:cpu|sc_datapath:datapath|pc_reg[30] ; sc_cpu:cpu|sc_datapath:datapath|pc_reg[31] ; pll_inst|altpll_component|auto_generated|pll1|clk[0] ; pll_inst|altpll_component|auto_generated|pll1|clk[0] ; 0.000        ; 0.078      ; 1.251      ;
; 0.988 ; sc_cpu:cpu|sc_datapath:datapath|pc_reg[0]  ; sc_cpu:cpu|sc_datapath:datapath|pc_reg[1]  ; pll_inst|altpll_component|auto_generated|pll1|clk[0] ; pll_inst|altpll_component|auto_generated|pll1|clk[0] ; 0.000        ; 0.078      ; 1.252      ;
; 0.988 ; sc_cpu:cpu|sc_datapath:datapath|pc_reg[28] ; sc_cpu:cpu|sc_datapath:datapath|pc_reg[29] ; pll_inst|altpll_component|auto_generated|pll1|clk[0] ; pll_inst|altpll_component|auto_generated|pll1|clk[0] ; 0.000        ; 0.078      ; 1.252      ;
; 0.989 ; sc_cpu:cpu|sc_datapath:datapath|pc_reg[2]  ; sc_cpu:cpu|sc_datapath:datapath|pc_reg[3]  ; pll_inst|altpll_component|auto_generated|pll1|clk[0] ; pll_inst|altpll_component|auto_generated|pll1|clk[0] ; 0.000        ; 0.078      ; 1.253      ;
; 0.989 ; sc_cpu:cpu|sc_datapath:datapath|pc_reg[18] ; sc_cpu:cpu|sc_datapath:datapath|pc_reg[19] ; pll_inst|altpll_component|auto_generated|pll1|clk[0] ; pll_inst|altpll_component|auto_generated|pll1|clk[0] ; 0.000        ; 0.078      ; 1.253      ;
; 0.990 ; sc_cpu:cpu|sc_datapath:datapath|pc_reg[10] ; sc_cpu:cpu|sc_datapath:datapath|pc_reg[11] ; pll_inst|altpll_component|auto_generated|pll1|clk[0] ; pll_inst|altpll_component|auto_generated|pll1|clk[0] ; 0.000        ; 0.078      ; 1.254      ;
; 0.990 ; sc_cpu:cpu|sc_datapath:datapath|pc_reg[8]  ; sc_cpu:cpu|sc_datapath:datapath|pc_reg[9]  ; pll_inst|altpll_component|auto_generated|pll1|clk[0] ; pll_inst|altpll_component|auto_generated|pll1|clk[0] ; 0.000        ; 0.078      ; 1.254      ;
; 0.993 ; sc_cpu:cpu|sc_datapath:datapath|pc_reg[28] ; sc_cpu:cpu|sc_datapath:datapath|pc_reg[30] ; pll_inst|altpll_component|auto_generated|pll1|clk[0] ; pll_inst|altpll_component|auto_generated|pll1|clk[0] ; 0.000        ; 0.078      ; 1.257      ;
; 0.994 ; sc_cpu:cpu|sc_datapath:datapath|pc_reg[18] ; sc_cpu:cpu|sc_datapath:datapath|pc_reg[20] ; pll_inst|altpll_component|auto_generated|pll1|clk[0] ; pll_inst|altpll_component|auto_generated|pll1|clk[0] ; 0.000        ; 0.078      ; 1.258      ;
; 0.994 ; sc_cpu:cpu|sc_datapath:datapath|pc_reg[16] ; sc_cpu:cpu|sc_datapath:datapath|pc_reg[17] ; pll_inst|altpll_component|auto_generated|pll1|clk[0] ; pll_inst|altpll_component|auto_generated|pll1|clk[0] ; 0.000        ; 0.070      ; 1.250      ;
; 0.994 ; sc_cpu:cpu|sc_datapath:datapath|pc_reg[2]  ; sc_cpu:cpu|sc_datapath:datapath|pc_reg[4]  ; pll_inst|altpll_component|auto_generated|pll1|clk[0] ; pll_inst|altpll_component|auto_generated|pll1|clk[0] ; 0.000        ; 0.078      ; 1.258      ;
; 0.995 ; sc_cpu:cpu|sc_datapath:datapath|pc_reg[8]  ; sc_cpu:cpu|sc_datapath:datapath|pc_reg[10] ; pll_inst|altpll_component|auto_generated|pll1|clk[0] ; pll_inst|altpll_component|auto_generated|pll1|clk[0] ; 0.000        ; 0.078      ; 1.259      ;
; 0.995 ; sc_cpu:cpu|sc_datapath:datapath|pc_reg[10] ; sc_cpu:cpu|sc_datapath:datapath|pc_reg[12] ; pll_inst|altpll_component|auto_generated|pll1|clk[0] ; pll_inst|altpll_component|auto_generated|pll1|clk[0] ; 0.000        ; 0.078      ; 1.259      ;
; 0.998 ; sc_cpu:cpu|sc_datapath:datapath|pc_reg[17] ; sc_cpu:cpu|sc_datapath:datapath|pc_reg[18] ; pll_inst|altpll_component|auto_generated|pll1|clk[0] ; pll_inst|altpll_component|auto_generated|pll1|clk[0] ; 0.000        ; 0.078      ; 1.262      ;
; 0.999 ; sc_cpu:cpu|sc_datapath:datapath|pc_reg[15] ; sc_cpu:cpu|sc_datapath:datapath|pc_reg[16] ; pll_inst|altpll_component|auto_generated|pll1|clk[0] ; pll_inst|altpll_component|auto_generated|pll1|clk[0] ; 0.000        ; 0.078      ; 1.263      ;
; 0.999 ; sc_cpu:cpu|sc_datapath:datapath|pc_reg[19] ; sc_cpu:cpu|sc_datapath:datapath|pc_reg[20] ; pll_inst|altpll_component|auto_generated|pll1|clk[0] ; pll_inst|altpll_component|auto_generated|pll1|clk[0] ; 0.000        ; 0.078      ; 1.263      ;
; 0.999 ; sc_cpu:cpu|sc_datapath:datapath|pc_reg[16] ; sc_cpu:cpu|sc_datapath:datapath|pc_reg[18] ; pll_inst|altpll_component|auto_generated|pll1|clk[0] ; pll_inst|altpll_component|auto_generated|pll1|clk[0] ; 0.000        ; 0.070      ; 1.255      ;
; 1.008 ; sc_cpu:cpu|sc_datapath:datapath|pc_reg[4]  ; sc_cpu:cpu|sc_datapath:datapath|pc_reg[5]  ; pll_inst|altpll_component|auto_generated|pll1|clk[0] ; pll_inst|altpll_component|auto_generated|pll1|clk[0] ; 0.000        ; 0.078      ; 1.272      ;
; 1.008 ; sc_cpu:cpu|sc_datapath:datapath|pc_reg[14] ; sc_cpu:cpu|sc_datapath:datapath|pc_reg[15] ; pll_inst|altpll_component|auto_generated|pll1|clk[0] ; pll_inst|altpll_component|auto_generated|pll1|clk[0] ; 0.000        ; 0.078      ; 1.272      ;
; 1.009 ; sc_cpu:cpu|sc_datapath:datapath|pc_reg[6]  ; sc_cpu:cpu|sc_datapath:datapath|pc_reg[7]  ; pll_inst|altpll_component|auto_generated|pll1|clk[0] ; pll_inst|altpll_component|auto_generated|pll1|clk[0] ; 0.000        ; 0.078      ; 1.273      ;
; 1.009 ; sc_cpu:cpu|sc_datapath:datapath|pc_reg[12] ; sc_cpu:cpu|sc_datapath:datapath|pc_reg[13] ; pll_inst|altpll_component|auto_generated|pll1|clk[0] ; pll_inst|altpll_component|auto_generated|pll1|clk[0] ; 0.000        ; 0.078      ; 1.273      ;
; 1.009 ; sc_cpu:cpu|sc_datapath:datapath|pc_reg[20] ; sc_cpu:cpu|sc_datapath:datapath|pc_reg[21] ; pll_inst|altpll_component|auto_generated|pll1|clk[0] ; pll_inst|altpll_component|auto_generated|pll1|clk[0] ; 0.000        ; 0.078      ; 1.273      ;
; 1.010 ; sc_cpu:cpu|sc_datapath:datapath|pc_reg[22] ; sc_cpu:cpu|sc_datapath:datapath|pc_reg[23] ; pll_inst|altpll_component|auto_generated|pll1|clk[0] ; pll_inst|altpll_component|auto_generated|pll1|clk[0] ; 0.000        ; 0.078      ; 1.274      ;
; 1.013 ; sc_cpu:cpu|sc_datapath:datapath|pc_reg[4]  ; sc_cpu:cpu|sc_datapath:datapath|pc_reg[6]  ; pll_inst|altpll_component|auto_generated|pll1|clk[0] ; pll_inst|altpll_component|auto_generated|pll1|clk[0] ; 0.000        ; 0.078      ; 1.277      ;
; 1.013 ; sc_cpu:cpu|sc_datapath:datapath|pc_reg[14] ; sc_cpu:cpu|sc_datapath:datapath|pc_reg[16] ; pll_inst|altpll_component|auto_generated|pll1|clk[0] ; pll_inst|altpll_component|auto_generated|pll1|clk[0] ; 0.000        ; 0.078      ; 1.277      ;
; 1.014 ; sc_cpu:cpu|sc_datapath:datapath|pc_reg[26] ; sc_cpu:cpu|sc_datapath:datapath|pc_reg[27] ; pll_inst|altpll_component|auto_generated|pll1|clk[0] ; pll_inst|altpll_component|auto_generated|pll1|clk[0] ; 0.000        ; 0.078      ; 1.278      ;
; 1.014 ; sc_cpu:cpu|sc_datapath:datapath|pc_reg[24] ; sc_cpu:cpu|sc_datapath:datapath|pc_reg[25] ; pll_inst|altpll_component|auto_generated|pll1|clk[0] ; pll_inst|altpll_component|auto_generated|pll1|clk[0] ; 0.000        ; 0.078      ; 1.278      ;
; 1.014 ; sc_cpu:cpu|sc_datapath:datapath|pc_reg[6]  ; sc_cpu:cpu|sc_datapath:datapath|pc_reg[8]  ; pll_inst|altpll_component|auto_generated|pll1|clk[0] ; pll_inst|altpll_component|auto_generated|pll1|clk[0] ; 0.000        ; 0.078      ; 1.278      ;
; 1.014 ; sc_cpu:cpu|sc_datapath:datapath|pc_reg[12] ; sc_cpu:cpu|sc_datapath:datapath|pc_reg[14] ; pll_inst|altpll_component|auto_generated|pll1|clk[0] ; pll_inst|altpll_component|auto_generated|pll1|clk[0] ; 0.000        ; 0.078      ; 1.278      ;
; 1.014 ; sc_cpu:cpu|sc_datapath:datapath|pc_reg[20] ; sc_cpu:cpu|sc_datapath:datapath|pc_reg[22] ; pll_inst|altpll_component|auto_generated|pll1|clk[0] ; pll_inst|altpll_component|auto_generated|pll1|clk[0] ; 0.000        ; 0.078      ; 1.278      ;
; 1.015 ; sc_cpu:cpu|sc_datapath:datapath|pc_reg[22] ; sc_cpu:cpu|sc_datapath:datapath|pc_reg[24] ; pll_inst|altpll_component|auto_generated|pll1|clk[0] ; pll_inst|altpll_component|auto_generated|pll1|clk[0] ; 0.000        ; 0.078      ; 1.279      ;
; 1.019 ; sc_cpu:cpu|sc_datapath:datapath|pc_reg[26] ; sc_cpu:cpu|sc_datapath:datapath|pc_reg[28] ; pll_inst|altpll_component|auto_generated|pll1|clk[0] ; pll_inst|altpll_component|auto_generated|pll1|clk[0] ; 0.000        ; 0.078      ; 1.283      ;
; 1.019 ; sc_cpu:cpu|sc_datapath:datapath|pc_reg[24] ; sc_cpu:cpu|sc_datapath:datapath|pc_reg[26] ; pll_inst|altpll_component|auto_generated|pll1|clk[0] ; pll_inst|altpll_component|auto_generated|pll1|clk[0] ; 0.000        ; 0.078      ; 1.283      ;
; 1.097 ; sc_cpu:cpu|sc_datapath:datapath|pc_reg[7]  ; sc_cpu:cpu|sc_datapath:datapath|pc_reg[9]  ; pll_inst|altpll_component|auto_generated|pll1|clk[0] ; pll_inst|altpll_component|auto_generated|pll1|clk[0] ; 0.000        ; 0.078      ; 1.361      ;
; 1.097 ; sc_cpu:cpu|sc_datapath:datapath|pc_reg[3]  ; sc_cpu:cpu|sc_datapath:datapath|pc_reg[5]  ; pll_inst|altpll_component|auto_generated|pll1|clk[0] ; pll_inst|altpll_component|auto_generated|pll1|clk[0] ; 0.000        ; 0.078      ; 1.361      ;
; 1.098 ; sc_cpu:cpu|sc_datapath:datapath|pc_reg[9]  ; sc_cpu:cpu|sc_datapath:datapath|pc_reg[11] ; pll_inst|altpll_component|auto_generated|pll1|clk[0] ; pll_inst|altpll_component|auto_generated|pll1|clk[0] ; 0.000        ; 0.078      ; 1.362      ;
; 1.098 ; sc_cpu:cpu|sc_datapath:datapath|pc_reg[13] ; sc_cpu:cpu|sc_datapath:datapath|pc_reg[15] ; pll_inst|altpll_component|auto_generated|pll1|clk[0] ; pll_inst|altpll_component|auto_generated|pll1|clk[0] ; 0.000        ; 0.078      ; 1.362      ;
; 1.098 ; sc_cpu:cpu|sc_datapath:datapath|pc_reg[5]  ; sc_cpu:cpu|sc_datapath:datapath|pc_reg[7]  ; pll_inst|altpll_component|auto_generated|pll1|clk[0] ; pll_inst|altpll_component|auto_generated|pll1|clk[0] ; 0.000        ; 0.078      ; 1.362      ;
; 1.098 ; sc_cpu:cpu|sc_datapath:datapath|pc_reg[11] ; sc_cpu:cpu|sc_datapath:datapath|pc_reg[13] ; pll_inst|altpll_component|auto_generated|pll1|clk[0] ; pll_inst|altpll_component|auto_generated|pll1|clk[0] ; 0.000        ; 0.078      ; 1.362      ;
; 1.098 ; sc_cpu:cpu|sc_datapath:datapath|pc_reg[23] ; sc_cpu:cpu|sc_datapath:datapath|pc_reg[25] ; pll_inst|altpll_component|auto_generated|pll1|clk[0] ; pll_inst|altpll_component|auto_generated|pll1|clk[0] ; 0.000        ; 0.078      ; 1.362      ;
; 1.099 ; sc_cpu:cpu|sc_datapath:datapath|pc_reg[29] ; sc_cpu:cpu|sc_datapath:datapath|pc_reg[31] ; pll_inst|altpll_component|auto_generated|pll1|clk[0] ; pll_inst|altpll_component|auto_generated|pll1|clk[0] ; 0.000        ; 0.078      ; 1.363      ;
; 1.099 ; sc_cpu:cpu|sc_datapath:datapath|pc_reg[27] ; sc_cpu:cpu|sc_datapath:datapath|pc_reg[29] ; pll_inst|altpll_component|auto_generated|pll1|clk[0] ; pll_inst|altpll_component|auto_generated|pll1|clk[0] ; 0.000        ; 0.078      ; 1.363      ;
; 1.099 ; sc_cpu:cpu|sc_datapath:datapath|pc_reg[21] ; sc_cpu:cpu|sc_datapath:datapath|pc_reg[23] ; pll_inst|altpll_component|auto_generated|pll1|clk[0] ; pll_inst|altpll_component|auto_generated|pll1|clk[0] ; 0.000        ; 0.078      ; 1.363      ;
; 1.099 ; sc_cpu:cpu|sc_datapath:datapath|pc_reg[25] ; sc_cpu:cpu|sc_datapath:datapath|pc_reg[27] ; pll_inst|altpll_component|auto_generated|pll1|clk[0] ; pll_inst|altpll_component|auto_generated|pll1|clk[0] ; 0.000        ; 0.078      ; 1.363      ;
; 1.102 ; sc_cpu:cpu|sc_datapath:datapath|pc_reg[7]  ; sc_cpu:cpu|sc_datapath:datapath|pc_reg[10] ; pll_inst|altpll_component|auto_generated|pll1|clk[0] ; pll_inst|altpll_component|auto_generated|pll1|clk[0] ; 0.000        ; 0.078      ; 1.366      ;
; 1.102 ; sc_cpu:cpu|sc_datapath:datapath|pc_reg[3]  ; sc_cpu:cpu|sc_datapath:datapath|pc_reg[6]  ; pll_inst|altpll_component|auto_generated|pll1|clk[0] ; pll_inst|altpll_component|auto_generated|pll1|clk[0] ; 0.000        ; 0.078      ; 1.366      ;
; 1.103 ; sc_cpu:cpu|sc_datapath:datapath|pc_reg[9]  ; sc_cpu:cpu|sc_datapath:datapath|pc_reg[12] ; pll_inst|altpll_component|auto_generated|pll1|clk[0] ; pll_inst|altpll_component|auto_generated|pll1|clk[0] ; 0.000        ; 0.078      ; 1.367      ;
; 1.103 ; sc_cpu:cpu|sc_datapath:datapath|pc_reg[13] ; sc_cpu:cpu|sc_datapath:datapath|pc_reg[16] ; pll_inst|altpll_component|auto_generated|pll1|clk[0] ; pll_inst|altpll_component|auto_generated|pll1|clk[0] ; 0.000        ; 0.078      ; 1.367      ;
; 1.103 ; sc_cpu:cpu|sc_datapath:datapath|pc_reg[5]  ; sc_cpu:cpu|sc_datapath:datapath|pc_reg[8]  ; pll_inst|altpll_component|auto_generated|pll1|clk[0] ; pll_inst|altpll_component|auto_generated|pll1|clk[0] ; 0.000        ; 0.078      ; 1.367      ;
; 1.103 ; sc_cpu:cpu|sc_datapath:datapath|pc_reg[11] ; sc_cpu:cpu|sc_datapath:datapath|pc_reg[14] ; pll_inst|altpll_component|auto_generated|pll1|clk[0] ; pll_inst|altpll_component|auto_generated|pll1|clk[0] ; 0.000        ; 0.078      ; 1.367      ;
; 1.103 ; sc_cpu:cpu|sc_datapath:datapath|pc_reg[23] ; sc_cpu:cpu|sc_datapath:datapath|pc_reg[26] ; pll_inst|altpll_component|auto_generated|pll1|clk[0] ; pll_inst|altpll_component|auto_generated|pll1|clk[0] ; 0.000        ; 0.078      ; 1.367      ;
; 1.104 ; sc_cpu:cpu|sc_datapath:datapath|pc_reg[27] ; sc_cpu:cpu|sc_datapath:datapath|pc_reg[30] ; pll_inst|altpll_component|auto_generated|pll1|clk[0] ; pll_inst|altpll_component|auto_generated|pll1|clk[0] ; 0.000        ; 0.078      ; 1.368      ;
; 1.104 ; sc_cpu:cpu|sc_datapath:datapath|pc_reg[21] ; sc_cpu:cpu|sc_datapath:datapath|pc_reg[24] ; pll_inst|altpll_component|auto_generated|pll1|clk[0] ; pll_inst|altpll_component|auto_generated|pll1|clk[0] ; 0.000        ; 0.078      ; 1.368      ;
; 1.104 ; sc_cpu:cpu|sc_datapath:datapath|pc_reg[25] ; sc_cpu:cpu|sc_datapath:datapath|pc_reg[28] ; pll_inst|altpll_component|auto_generated|pll1|clk[0] ; pll_inst|altpll_component|auto_generated|pll1|clk[0] ; 0.000        ; 0.078      ; 1.368      ;
; 1.114 ; sc_cpu:cpu|sc_datapath:datapath|pc_reg[28] ; sc_cpu:cpu|sc_datapath:datapath|pc_reg[31] ; pll_inst|altpll_component|auto_generated|pll1|clk[0] ; pll_inst|altpll_component|auto_generated|pll1|clk[0] ; 0.000        ; 0.078      ; 1.378      ;
; 1.115 ; sc_cpu:cpu|sc_datapath:datapath|pc_reg[18] ; sc_cpu:cpu|sc_datapath:datapath|pc_reg[21] ; pll_inst|altpll_component|auto_generated|pll1|clk[0] ; pll_inst|altpll_component|auto_generated|pll1|clk[0] ; 0.000        ; 0.078      ; 1.379      ;
; 1.115 ; sc_cpu:cpu|sc_datapath:datapath|pc_reg[2]  ; sc_cpu:cpu|sc_datapath:datapath|pc_reg[5]  ; pll_inst|altpll_component|auto_generated|pll1|clk[0] ; pll_inst|altpll_component|auto_generated|pll1|clk[0] ; 0.000        ; 0.078      ; 1.379      ;
+-------+--------------------------------------------+--------------------------------------------+------------------------------------------------------+------------------------------------------------------+--------------+------------+------------+


-----------------------------------------------
; Slow 1200mV 85C Model Metastability Summary ;
-----------------------------------------------
No synchronizer chains to report.


+-------------------------------------------------------------------------------------------+
; Slow 1200mV 0C Model Fmax Summary                                                         ;
+-----------+-----------------+------------------------------------------------------+------+
; Fmax      ; Restricted Fmax ; Clock Name                                           ; Note ;
+-----------+-----------------+------------------------------------------------------+------+
; 27.22 MHz ; 27.22 MHz       ; pll_inst|altpll_component|auto_generated|pll1|clk[0] ;      ;
+-----------+-----------------+------------------------------------------------------+------+
This panel reports FMAX for every clock in the design, regardless of the user-specified clock periods.  FMAX is only computed for paths where the source and destination registers or ports are driven by the same clock.  Paths of different clocks, including generated clocks, are ignored.  For paths between a clock and its inversion, FMAX is computed as if the rising and falling edges are scaled along with FMAX, such that the duty cycle (in terms of a percentage) is maintained. Altera recommends that you always use clock constraints and other slack reports for sign-off analysis.


+-------------------------------------------------------------------------------+
; Slow 1200mV 0C Model Setup Summary                                            ;
+------------------------------------------------------+--------+---------------+
; Clock                                                ; Slack  ; End Point TNS ;
+------------------------------------------------------+--------+---------------+
; pll_inst|altpll_component|auto_generated|pll1|clk[0] ; 63.259 ; 0.000         ;
+------------------------------------------------------+--------+---------------+


+------------------------------------------------------------------------------+
; Slow 1200mV 0C Model Hold Summary                                            ;
+------------------------------------------------------+-------+---------------+
; Clock                                                ; Slack ; End Point TNS ;
+------------------------------------------------------+-------+---------------+
; pll_inst|altpll_component|auto_generated|pll1|clk[0] ; 0.421 ; 0.000         ;
+------------------------------------------------------+-------+---------------+


-----------------------------------------
; Slow 1200mV 0C Model Recovery Summary ;
-----------------------------------------
No paths to report.


----------------------------------------
; Slow 1200mV 0C Model Removal Summary ;
----------------------------------------
No paths to report.


+-------------------------------------------------------------------------------+
; Slow 1200mV 0C Model Minimum Pulse Width Summary                              ;
+------------------------------------------------------+--------+---------------+
; Clock                                                ; Slack  ; End Point TNS ;
+------------------------------------------------------+--------+---------------+
; clk                                                  ; 9.887  ; 0.000         ;
; pll_inst|altpll_component|auto_generated|pll1|clk[0] ; 49.708 ; 0.000         ;
+------------------------------------------------------+--------+---------------+


+-------------------------------------------------------------------------------------------------------------------------------------------------------------------------------------------------------------------------------------------------------------------------+
; Slow 1200mV 0C Model Setup: 'pll_inst|altpll_component|auto_generated|pll1|clk[0]'                                                                                                                                                                                      ;
+--------+-------------------------------------------+-------------------------------------------------------------+------------------------------------------------------+------------------------------------------------------+--------------+------------+------------+
; Slack  ; From Node                                 ; To Node                                                     ; Launch Clock                                         ; Latch Clock                                          ; Relationship ; Clock Skew ; Data Delay ;
+--------+-------------------------------------------+-------------------------------------------------------------+------------------------------------------------------+------------------------------------------------------+--------------+------------+------------+
; 63.259 ; sc_cpu:cpu|sc_datapath:datapath|pc_reg[3] ; sc_cpu:cpu|sc_datapath:datapath|sc_regfile:regfile|regs~832 ; pll_inst|altpll_component|auto_generated|pll1|clk[0] ; pll_inst|altpll_component|auto_generated|pll1|clk[0] ; 100.000      ; -0.079     ; 36.661     ;
; 63.287 ; sc_cpu:cpu|sc_datapath:datapath|pc_reg[3] ; sc_cpu:cpu|sc_datapath:datapath|sc_regfile:regfile|regs~960 ; pll_inst|altpll_component|auto_generated|pll1|clk[0] ; pll_inst|altpll_component|auto_generated|pll1|clk[0] ; 100.000      ; -0.079     ; 36.633     ;
; 63.481 ; sc_cpu:cpu|sc_datapath:datapath|pc_reg[3] ; sc_cpu:cpu|sc_datapath:datapath|sc_regfile:regfile|regs~9   ; pll_inst|altpll_component|auto_generated|pll1|clk[0] ; pll_inst|altpll_component|auto_generated|pll1|clk[0] ; 100.000      ; -0.072     ; 36.446     ;
; 63.484 ; sc_cpu:cpu|sc_datapath:datapath|pc_reg[3] ; sc_cpu:cpu|sc_datapath:datapath|sc_regfile:regfile|regs~41  ; pll_inst|altpll_component|auto_generated|pll1|clk[0] ; pll_inst|altpll_component|auto_generated|pll1|clk[0] ; 100.000      ; -0.072     ; 36.443     ;
; 63.531 ; sc_cpu:cpu|sc_datapath:datapath|pc_reg[3] ; sc_cpu:cpu|sc_datapath:datapath|sc_regfile:regfile|regs~864 ; pll_inst|altpll_component|auto_generated|pll1|clk[0] ; pll_inst|altpll_component|auto_generated|pll1|clk[0] ; 100.000      ; -0.072     ; 36.396     ;
; 63.532 ; sc_cpu:cpu|sc_datapath:datapath|pc_reg[3] ; sc_cpu:cpu|sc_datapath:datapath|sc_regfile:regfile|regs~608 ; pll_inst|altpll_component|auto_generated|pll1|clk[0] ; pll_inst|altpll_component|auto_generated|pll1|clk[0] ; 100.000      ; -0.072     ; 36.395     ;
; 63.568 ; sc_cpu:cpu|sc_datapath:datapath|pc_reg[3] ; sc_cpu:cpu|sc_datapath:datapath|sc_regfile:regfile|regs~800 ; pll_inst|altpll_component|auto_generated|pll1|clk[0] ; pll_inst|altpll_component|auto_generated|pll1|clk[0] ; 100.000      ; -0.055     ; 36.376     ;
; 63.568 ; sc_cpu:cpu|sc_datapath:datapath|pc_reg[3] ; sc_cpu:cpu|sc_datapath:datapath|sc_regfile:regfile|regs~544 ; pll_inst|altpll_component|auto_generated|pll1|clk[0] ; pll_inst|altpll_component|auto_generated|pll1|clk[0] ; 100.000      ; -0.055     ; 36.376     ;
; 63.630 ; sc_cpu:cpu|sc_datapath:datapath|pc_reg[3] ; sc_cpu:cpu|sc_datapath:datapath|sc_regfile:regfile|regs~5   ; pll_inst|altpll_component|auto_generated|pll1|clk[0] ; pll_inst|altpll_component|auto_generated|pll1|clk[0] ; 100.000      ; -0.078     ; 36.291     ;
; 63.630 ; sc_cpu:cpu|sc_datapath:datapath|pc_reg[4] ; sc_cpu:cpu|sc_datapath:datapath|sc_regfile:regfile|regs~832 ; pll_inst|altpll_component|auto_generated|pll1|clk[0] ; pll_inst|altpll_component|auto_generated|pll1|clk[0] ; 100.000      ; -0.079     ; 36.290     ;
; 63.631 ; sc_cpu:cpu|sc_datapath:datapath|pc_reg[3] ; sc_cpu:cpu|sc_datapath:datapath|sc_regfile:regfile|regs~37  ; pll_inst|altpll_component|auto_generated|pll1|clk[0] ; pll_inst|altpll_component|auto_generated|pll1|clk[0] ; 100.000      ; -0.078     ; 36.290     ;
; 63.658 ; sc_cpu:cpu|sc_datapath:datapath|pc_reg[4] ; sc_cpu:cpu|sc_datapath:datapath|sc_regfile:regfile|regs~960 ; pll_inst|altpll_component|auto_generated|pll1|clk[0] ; pll_inst|altpll_component|auto_generated|pll1|clk[0] ; 100.000      ; -0.079     ; 36.262     ;
; 63.689 ; sc_cpu:cpu|sc_datapath:datapath|pc_reg[3] ; sc_cpu:cpu|sc_datapath:datapath|sc_regfile:regfile|regs~928 ; pll_inst|altpll_component|auto_generated|pll1|clk[0] ; pll_inst|altpll_component|auto_generated|pll1|clk[0] ; 100.000      ; -0.054     ; 36.256     ;
; 63.689 ; sc_cpu:cpu|sc_datapath:datapath|pc_reg[3] ; sc_cpu:cpu|sc_datapath:datapath|sc_regfile:regfile|regs~672 ; pll_inst|altpll_component|auto_generated|pll1|clk[0] ; pll_inst|altpll_component|auto_generated|pll1|clk[0] ; 100.000      ; -0.054     ; 36.256     ;
; 63.769 ; sc_cpu:cpu|sc_datapath:datapath|pc_reg[3] ; sc_cpu:cpu|sc_datapath:datapath|sc_regfile:regfile|regs~0   ; pll_inst|altpll_component|auto_generated|pll1|clk[0] ; pll_inst|altpll_component|auto_generated|pll1|clk[0] ; 100.000      ; -0.084     ; 36.146     ;
; 63.771 ; sc_cpu:cpu|sc_datapath:datapath|pc_reg[3] ; sc_cpu:cpu|sc_datapath:datapath|sc_regfile:regfile|regs~96  ; pll_inst|altpll_component|auto_generated|pll1|clk[0] ; pll_inst|altpll_component|auto_generated|pll1|clk[0] ; 100.000      ; -0.084     ; 36.144     ;
; 63.774 ; sc_cpu:cpu|sc_datapath:datapath|pc_reg[3] ; sc_cpu:cpu|sc_datapath:datapath|sc_regfile:regfile|regs~128 ; pll_inst|altpll_component|auto_generated|pll1|clk[0] ; pll_inst|altpll_component|auto_generated|pll1|clk[0] ; 100.000      ; -0.101     ; 36.124     ;
; 63.776 ; sc_cpu:cpu|sc_datapath:datapath|pc_reg[3] ; sc_cpu:cpu|sc_datapath:datapath|sc_regfile:regfile|regs~160 ; pll_inst|altpll_component|auto_generated|pll1|clk[0] ; pll_inst|altpll_component|auto_generated|pll1|clk[0] ; 100.000      ; -0.101     ; 36.122     ;
; 63.777 ; sc_cpu:cpu|sc_datapath:datapath|pc_reg[3] ; sc_cpu:cpu|sc_datapath:datapath|sc_regfile:regfile|regs~768 ; pll_inst|altpll_component|auto_generated|pll1|clk[0] ; pll_inst|altpll_component|auto_generated|pll1|clk[0] ; 100.000      ; -0.071     ; 36.151     ;
; 63.777 ; sc_cpu:cpu|sc_datapath:datapath|pc_reg[3] ; sc_cpu:cpu|sc_datapath:datapath|sc_regfile:regfile|regs~512 ; pll_inst|altpll_component|auto_generated|pll1|clk[0] ; pll_inst|altpll_component|auto_generated|pll1|clk[0] ; 100.000      ; -0.071     ; 36.151     ;
; 63.812 ; sc_cpu:cpu|sc_datapath:datapath|pc_reg[3] ; sc_cpu:cpu|sc_datapath:datapath|sc_regfile:regfile|regs~806 ; pll_inst|altpll_component|auto_generated|pll1|clk[0] ; pll_inst|altpll_component|auto_generated|pll1|clk[0] ; 100.000      ; -0.070     ; 36.117     ;
; 63.812 ; sc_cpu:cpu|sc_datapath:datapath|pc_reg[3] ; sc_cpu:cpu|sc_datapath:datapath|sc_regfile:regfile|regs~448 ; pll_inst|altpll_component|auto_generated|pll1|clk[0] ; pll_inst|altpll_component|auto_generated|pll1|clk[0] ; 100.000      ; -0.099     ; 36.088     ;
; 63.813 ; sc_cpu:cpu|sc_datapath:datapath|pc_reg[3] ; sc_cpu:cpu|sc_datapath:datapath|sc_regfile:regfile|regs~384 ; pll_inst|altpll_component|auto_generated|pll1|clk[0] ; pll_inst|altpll_component|auto_generated|pll1|clk[0] ; 100.000      ; -0.099     ; 36.087     ;
; 63.813 ; sc_cpu:cpu|sc_datapath:datapath|pc_reg[3] ; sc_cpu:cpu|sc_datapath:datapath|sc_regfile:regfile|regs~256 ; pll_inst|altpll_component|auto_generated|pll1|clk[0] ; pll_inst|altpll_component|auto_generated|pll1|clk[0] ; 100.000      ; -0.098     ; 36.088     ;
; 63.813 ; sc_cpu:cpu|sc_datapath:datapath|pc_reg[3] ; sc_cpu:cpu|sc_datapath:datapath|sc_regfile:regfile|regs~288 ; pll_inst|altpll_component|auto_generated|pll1|clk[0] ; pll_inst|altpll_component|auto_generated|pll1|clk[0] ; 100.000      ; -0.098     ; 36.088     ;
; 63.817 ; sc_cpu:cpu|sc_datapath:datapath|pc_reg[3] ; sc_cpu:cpu|sc_datapath:datapath|sc_regfile:regfile|regs~32  ; pll_inst|altpll_component|auto_generated|pll1|clk[0] ; pll_inst|altpll_component|auto_generated|pll1|clk[0] ; 100.000      ; -0.085     ; 36.097     ;
; 63.819 ; sc_cpu:cpu|sc_datapath:datapath|pc_reg[3] ; sc_cpu:cpu|sc_datapath:datapath|sc_regfile:regfile|regs~64  ; pll_inst|altpll_component|auto_generated|pll1|clk[0] ; pll_inst|altpll_component|auto_generated|pll1|clk[0] ; 100.000      ; -0.085     ; 36.095     ;
; 63.852 ; sc_cpu:cpu|sc_datapath:datapath|pc_reg[4] ; sc_cpu:cpu|sc_datapath:datapath|sc_regfile:regfile|regs~9   ; pll_inst|altpll_component|auto_generated|pll1|clk[0] ; pll_inst|altpll_component|auto_generated|pll1|clk[0] ; 100.000      ; -0.072     ; 36.075     ;
; 63.855 ; sc_cpu:cpu|sc_datapath:datapath|pc_reg[4] ; sc_cpu:cpu|sc_datapath:datapath|sc_regfile:regfile|regs~41  ; pll_inst|altpll_component|auto_generated|pll1|clk[0] ; pll_inst|altpll_component|auto_generated|pll1|clk[0] ; 100.000      ; -0.072     ; 36.072     ;
; 63.873 ; sc_cpu:cpu|sc_datapath:datapath|pc_reg[6] ; sc_cpu:cpu|sc_datapath:datapath|sc_regfile:regfile|regs~832 ; pll_inst|altpll_component|auto_generated|pll1|clk[0] ; pll_inst|altpll_component|auto_generated|pll1|clk[0] ; 100.000      ; -0.079     ; 36.047     ;
; 63.877 ; sc_cpu:cpu|sc_datapath:datapath|pc_reg[5] ; sc_cpu:cpu|sc_datapath:datapath|sc_regfile:regfile|regs~832 ; pll_inst|altpll_component|auto_generated|pll1|clk[0] ; pll_inst|altpll_component|auto_generated|pll1|clk[0] ; 100.000      ; -0.079     ; 36.043     ;
; 63.886 ; sc_cpu:cpu|sc_datapath:datapath|pc_reg[3] ; sc_cpu:cpu|sc_datapath:datapath|sc_regfile:regfile|regs~550 ; pll_inst|altpll_component|auto_generated|pll1|clk[0] ; pll_inst|altpll_component|auto_generated|pll1|clk[0] ; 100.000      ; -0.076     ; 36.037     ;
; 63.889 ; sc_cpu:cpu|sc_datapath:datapath|pc_reg[3] ; sc_cpu:cpu|sc_datapath:datapath|sc_regfile:regfile|regs~486 ; pll_inst|altpll_component|auto_generated|pll1|clk[0] ; pll_inst|altpll_component|auto_generated|pll1|clk[0] ; 100.000      ; -0.092     ; 36.018     ;
; 63.891 ; sc_cpu:cpu|sc_datapath:datapath|pc_reg[3] ; sc_cpu:cpu|sc_datapath:datapath|sc_regfile:regfile|regs~646 ; pll_inst|altpll_component|auto_generated|pll1|clk[0] ; pll_inst|altpll_component|auto_generated|pll1|clk[0] ; 100.000      ; -0.089     ; 36.019     ;
; 63.895 ; sc_cpu:cpu|sc_datapath:datapath|pc_reg[3] ; sc_cpu:cpu|sc_datapath:datapath|sc_regfile:regfile|regs~294 ; pll_inst|altpll_component|auto_generated|pll1|clk[0] ; pll_inst|altpll_component|auto_generated|pll1|clk[0] ; 100.000      ; -0.077     ; 36.027     ;
; 63.899 ; sc_cpu:cpu|sc_datapath:datapath|pc_reg[3] ; sc_cpu:cpu|sc_datapath:datapath|sc_regfile:regfile|regs~454 ; pll_inst|altpll_component|auto_generated|pll1|clk[0] ; pll_inst|altpll_component|auto_generated|pll1|clk[0] ; 100.000      ; -0.091     ; 36.009     ;
; 63.901 ; sc_cpu:cpu|sc_datapath:datapath|pc_reg[6] ; sc_cpu:cpu|sc_datapath:datapath|sc_regfile:regfile|regs~960 ; pll_inst|altpll_component|auto_generated|pll1|clk[0] ; pll_inst|altpll_component|auto_generated|pll1|clk[0] ; 100.000      ; -0.079     ; 36.019     ;
; 63.902 ; sc_cpu:cpu|sc_datapath:datapath|pc_reg[4] ; sc_cpu:cpu|sc_datapath:datapath|sc_regfile:regfile|regs~864 ; pll_inst|altpll_component|auto_generated|pll1|clk[0] ; pll_inst|altpll_component|auto_generated|pll1|clk[0] ; 100.000      ; -0.072     ; 36.025     ;
; 63.903 ; sc_cpu:cpu|sc_datapath:datapath|pc_reg[4] ; sc_cpu:cpu|sc_datapath:datapath|sc_regfile:regfile|regs~608 ; pll_inst|altpll_component|auto_generated|pll1|clk[0] ; pll_inst|altpll_component|auto_generated|pll1|clk[0] ; 100.000      ; -0.072     ; 36.024     ;
; 63.905 ; sc_cpu:cpu|sc_datapath:datapath|pc_reg[5] ; sc_cpu:cpu|sc_datapath:datapath|sc_regfile:regfile|regs~960 ; pll_inst|altpll_component|auto_generated|pll1|clk[0] ; pll_inst|altpll_component|auto_generated|pll1|clk[0] ; 100.000      ; -0.079     ; 36.015     ;
; 63.914 ; sc_cpu:cpu|sc_datapath:datapath|pc_reg[3] ; sc_cpu:cpu|sc_datapath:datapath|sc_regfile:regfile|regs~934 ; pll_inst|altpll_component|auto_generated|pll1|clk[0] ; pll_inst|altpll_component|auto_generated|pll1|clk[0] ; 100.000      ; -0.076     ; 36.009     ;
; 63.915 ; sc_cpu:cpu|sc_datapath:datapath|pc_reg[3] ; sc_cpu:cpu|sc_datapath:datapath|sc_regfile:regfile|regs~422 ; pll_inst|altpll_component|auto_generated|pll1|clk[0] ; pll_inst|altpll_component|auto_generated|pll1|clk[0] ; 100.000      ; -0.092     ; 35.992     ;
; 63.917 ; sc_cpu:cpu|sc_datapath:datapath|pc_reg[3] ; sc_cpu:cpu|sc_datapath:datapath|sc_regfile:regfile|regs~358 ; pll_inst|altpll_component|auto_generated|pll1|clk[0] ; pll_inst|altpll_component|auto_generated|pll1|clk[0] ; 100.000      ; -0.093     ; 35.989     ;
; 63.920 ; sc_cpu:cpu|sc_datapath:datapath|pc_reg[3] ; sc_cpu:cpu|sc_datapath:datapath|sc_regfile:regfile|regs~326 ; pll_inst|altpll_component|auto_generated|pll1|clk[0] ; pll_inst|altpll_component|auto_generated|pll1|clk[0] ; 100.000      ; -0.093     ; 35.986     ;
; 63.935 ; sc_cpu:cpu|sc_datapath:datapath|pc_reg[3] ; sc_cpu:cpu|sc_datapath:datapath|sc_regfile:regfile|regs~105 ; pll_inst|altpll_component|auto_generated|pll1|clk[0] ; pll_inst|altpll_component|auto_generated|pll1|clk[0] ; 100.000      ; -0.073     ; 35.991     ;
; 63.937 ; sc_cpu:cpu|sc_datapath:datapath|pc_reg[3] ; sc_cpu:cpu|sc_datapath:datapath|sc_regfile:regfile|regs~390 ; pll_inst|altpll_component|auto_generated|pll1|clk[0] ; pll_inst|altpll_component|auto_generated|pll1|clk[0] ; 100.000      ; -0.076     ; 35.986     ;
; 63.938 ; sc_cpu:cpu|sc_datapath:datapath|pc_reg[3] ; sc_cpu:cpu|sc_datapath:datapath|sc_regfile:regfile|regs~73  ; pll_inst|altpll_component|auto_generated|pll1|clk[0] ; pll_inst|altpll_component|auto_generated|pll1|clk[0] ; 100.000      ; -0.073     ; 35.988     ;
; 63.939 ; sc_cpu:cpu|sc_datapath:datapath|pc_reg[4] ; sc_cpu:cpu|sc_datapath:datapath|sc_regfile:regfile|regs~800 ; pll_inst|altpll_component|auto_generated|pll1|clk[0] ; pll_inst|altpll_component|auto_generated|pll1|clk[0] ; 100.000      ; -0.055     ; 36.005     ;
; 63.939 ; sc_cpu:cpu|sc_datapath:datapath|pc_reg[4] ; sc_cpu:cpu|sc_datapath:datapath|sc_regfile:regfile|regs~544 ; pll_inst|altpll_component|auto_generated|pll1|clk[0] ; pll_inst|altpll_component|auto_generated|pll1|clk[0] ; 100.000      ; -0.055     ; 36.005     ;
; 63.940 ; sc_cpu:cpu|sc_datapath:datapath|pc_reg[3] ; sc_cpu:cpu|sc_datapath:datapath|sc_regfile:regfile|regs~262 ; pll_inst|altpll_component|auto_generated|pll1|clk[0] ; pll_inst|altpll_component|auto_generated|pll1|clk[0] ; 100.000      ; -0.076     ; 35.983     ;
; 63.959 ; sc_cpu:cpu|sc_datapath:datapath|pc_reg[3] ; sc_cpu:cpu|sc_datapath:datapath|sc_regfile:regfile|regs~87  ; pll_inst|altpll_component|auto_generated|pll1|clk[0] ; pll_inst|altpll_component|auto_generated|pll1|clk[0] ; 100.000      ; -0.067     ; 35.973     ;
; 63.962 ; sc_cpu:cpu|sc_datapath:datapath|pc_reg[3] ; sc_cpu:cpu|sc_datapath:datapath|sc_regfile:regfile|regs~119 ; pll_inst|altpll_component|auto_generated|pll1|clk[0] ; pll_inst|altpll_component|auto_generated|pll1|clk[0] ; 100.000      ; -0.067     ; 35.970     ;
; 63.987 ; sc_cpu:cpu|sc_datapath:datapath|pc_reg[4] ; sc_cpu:cpu|sc_datapath:datapath|sc_regfile:regfile|regs~806 ; pll_inst|altpll_component|auto_generated|pll1|clk[0] ; pll_inst|altpll_component|auto_generated|pll1|clk[0] ; 100.000      ; -0.070     ; 35.942     ;
; 63.992 ; sc_cpu:cpu|sc_datapath:datapath|pc_reg[3] ; sc_cpu:cpu|sc_datapath:datapath|sc_regfile:regfile|regs~55  ; pll_inst|altpll_component|auto_generated|pll1|clk[0] ; pll_inst|altpll_component|auto_generated|pll1|clk[0] ; 100.000      ; -0.072     ; 35.935     ;
; 64.001 ; sc_cpu:cpu|sc_datapath:datapath|pc_reg[4] ; sc_cpu:cpu|sc_datapath:datapath|sc_regfile:regfile|regs~5   ; pll_inst|altpll_component|auto_generated|pll1|clk[0] ; pll_inst|altpll_component|auto_generated|pll1|clk[0] ; 100.000      ; -0.078     ; 35.920     ;
; 64.002 ; sc_cpu:cpu|sc_datapath:datapath|pc_reg[4] ; sc_cpu:cpu|sc_datapath:datapath|sc_regfile:regfile|regs~37  ; pll_inst|altpll_component|auto_generated|pll1|clk[0] ; pll_inst|altpll_component|auto_generated|pll1|clk[0] ; 100.000      ; -0.078     ; 35.919     ;
; 64.025 ; sc_cpu:cpu|sc_datapath:datapath|pc_reg[3] ; sc_cpu:cpu|sc_datapath:datapath|sc_regfile:regfile|regs~293 ; pll_inst|altpll_component|auto_generated|pll1|clk[0] ; pll_inst|altpll_component|auto_generated|pll1|clk[0] ; 100.000      ; -0.077     ; 35.897     ;
; 64.026 ; sc_cpu:cpu|sc_datapath:datapath|pc_reg[3] ; sc_cpu:cpu|sc_datapath:datapath|sc_regfile:regfile|regs~453 ; pll_inst|altpll_component|auto_generated|pll1|clk[0] ; pll_inst|altpll_component|auto_generated|pll1|clk[0] ; 100.000      ; -0.077     ; 35.896     ;
; 64.049 ; sc_cpu:cpu|sc_datapath:datapath|pc_reg[3] ; sc_cpu:cpu|sc_datapath:datapath|sc_regfile:regfile|regs~576 ; pll_inst|altpll_component|auto_generated|pll1|clk[0] ; pll_inst|altpll_component|auto_generated|pll1|clk[0] ; 100.000      ; -0.097     ; 35.853     ;
; 64.059 ; sc_cpu:cpu|sc_datapath:datapath|pc_reg[7] ; sc_cpu:cpu|sc_datapath:datapath|sc_regfile:regfile|regs~832 ; pll_inst|altpll_component|auto_generated|pll1|clk[0] ; pll_inst|altpll_component|auto_generated|pll1|clk[0] ; 100.000      ; -0.079     ; 35.861     ;
; 64.060 ; sc_cpu:cpu|sc_datapath:datapath|pc_reg[4] ; sc_cpu:cpu|sc_datapath:datapath|sc_regfile:regfile|regs~928 ; pll_inst|altpll_component|auto_generated|pll1|clk[0] ; pll_inst|altpll_component|auto_generated|pll1|clk[0] ; 100.000      ; -0.054     ; 35.885     ;
; 64.060 ; sc_cpu:cpu|sc_datapath:datapath|pc_reg[4] ; sc_cpu:cpu|sc_datapath:datapath|sc_regfile:regfile|regs~672 ; pll_inst|altpll_component|auto_generated|pll1|clk[0] ; pll_inst|altpll_component|auto_generated|pll1|clk[0] ; 100.000      ; -0.054     ; 35.885     ;
; 64.061 ; sc_cpu:cpu|sc_datapath:datapath|pc_reg[4] ; sc_cpu:cpu|sc_datapath:datapath|sc_regfile:regfile|regs~550 ; pll_inst|altpll_component|auto_generated|pll1|clk[0] ; pll_inst|altpll_component|auto_generated|pll1|clk[0] ; 100.000      ; -0.076     ; 35.862     ;
; 64.064 ; sc_cpu:cpu|sc_datapath:datapath|pc_reg[4] ; sc_cpu:cpu|sc_datapath:datapath|sc_regfile:regfile|regs~486 ; pll_inst|altpll_component|auto_generated|pll1|clk[0] ; pll_inst|altpll_component|auto_generated|pll1|clk[0] ; 100.000      ; -0.092     ; 35.843     ;
; 64.066 ; sc_cpu:cpu|sc_datapath:datapath|pc_reg[4] ; sc_cpu:cpu|sc_datapath:datapath|sc_regfile:regfile|regs~646 ; pll_inst|altpll_component|auto_generated|pll1|clk[0] ; pll_inst|altpll_component|auto_generated|pll1|clk[0] ; 100.000      ; -0.089     ; 35.844     ;
; 64.070 ; sc_cpu:cpu|sc_datapath:datapath|pc_reg[4] ; sc_cpu:cpu|sc_datapath:datapath|sc_regfile:regfile|regs~294 ; pll_inst|altpll_component|auto_generated|pll1|clk[0] ; pll_inst|altpll_component|auto_generated|pll1|clk[0] ; 100.000      ; -0.077     ; 35.852     ;
; 64.074 ; sc_cpu:cpu|sc_datapath:datapath|pc_reg[8] ; sc_cpu:cpu|sc_datapath:datapath|sc_regfile:regfile|regs~832 ; pll_inst|altpll_component|auto_generated|pll1|clk[0] ; pll_inst|altpll_component|auto_generated|pll1|clk[0] ; 100.000      ; -0.079     ; 35.846     ;
; 64.074 ; sc_cpu:cpu|sc_datapath:datapath|pc_reg[4] ; sc_cpu:cpu|sc_datapath:datapath|sc_regfile:regfile|regs~454 ; pll_inst|altpll_component|auto_generated|pll1|clk[0] ; pll_inst|altpll_component|auto_generated|pll1|clk[0] ; 100.000      ; -0.091     ; 35.834     ;
; 64.076 ; sc_cpu:cpu|sc_datapath:datapath|pc_reg[3] ; sc_cpu:cpu|sc_datapath:datapath|sc_regfile:regfile|regs~704 ; pll_inst|altpll_component|auto_generated|pll1|clk[0] ; pll_inst|altpll_component|auto_generated|pll1|clk[0] ; 100.000      ; -0.097     ; 35.826     ;
; 64.078 ; sc_cpu:cpu|sc_datapath:datapath|pc_reg[3] ; sc_cpu:cpu|sc_datapath:datapath|sc_regfile:regfile|regs~352 ; pll_inst|altpll_component|auto_generated|pll1|clk[0] ; pll_inst|altpll_component|auto_generated|pll1|clk[0] ; 100.000      ; -0.097     ; 35.824     ;
; 64.079 ; sc_cpu:cpu|sc_datapath:datapath|pc_reg[3] ; sc_cpu:cpu|sc_datapath:datapath|sc_regfile:regfile|regs~480 ; pll_inst|altpll_component|auto_generated|pll1|clk[0] ; pll_inst|altpll_component|auto_generated|pll1|clk[0] ; 100.000      ; -0.097     ; 35.823     ;
; 64.083 ; sc_cpu:cpu|sc_datapath:datapath|pc_reg[3] ; sc_cpu:cpu|sc_datapath:datapath|sc_regfile:regfile|regs~229 ; pll_inst|altpll_component|auto_generated|pll1|clk[0] ; pll_inst|altpll_component|auto_generated|pll1|clk[0] ; 100.000      ; -0.085     ; 35.831     ;
; 64.086 ; sc_cpu:cpu|sc_datapath:datapath|pc_reg[3] ; sc_cpu:cpu|sc_datapath:datapath|sc_regfile:regfile|regs~133 ; pll_inst|altpll_component|auto_generated|pll1|clk[0] ; pll_inst|altpll_component|auto_generated|pll1|clk[0] ; 100.000      ; -0.085     ; 35.828     ;
; 64.087 ; sc_cpu:cpu|sc_datapath:datapath|pc_reg[7] ; sc_cpu:cpu|sc_datapath:datapath|sc_regfile:regfile|regs~960 ; pll_inst|altpll_component|auto_generated|pll1|clk[0] ; pll_inst|altpll_component|auto_generated|pll1|clk[0] ; 100.000      ; -0.079     ; 35.833     ;
; 64.089 ; sc_cpu:cpu|sc_datapath:datapath|pc_reg[3] ; sc_cpu:cpu|sc_datapath:datapath|sc_regfile:regfile|regs~678 ; pll_inst|altpll_component|auto_generated|pll1|clk[0] ; pll_inst|altpll_component|auto_generated|pll1|clk[0] ; 100.000      ; -0.060     ; 35.850     ;
; 64.089 ; sc_cpu:cpu|sc_datapath:datapath|pc_reg[3] ; sc_cpu:cpu|sc_datapath:datapath|sc_regfile:regfile|regs~224 ; pll_inst|altpll_component|auto_generated|pll1|clk[0] ; pll_inst|altpll_component|auto_generated|pll1|clk[0] ; 100.000      ; -0.096     ; 35.814     ;
; 64.089 ; sc_cpu:cpu|sc_datapath:datapath|pc_reg[4] ; sc_cpu:cpu|sc_datapath:datapath|sc_regfile:regfile|regs~934 ; pll_inst|altpll_component|auto_generated|pll1|clk[0] ; pll_inst|altpll_component|auto_generated|pll1|clk[0] ; 100.000      ; -0.076     ; 35.834     ;
; 64.090 ; sc_cpu:cpu|sc_datapath:datapath|pc_reg[4] ; sc_cpu:cpu|sc_datapath:datapath|sc_regfile:regfile|regs~422 ; pll_inst|altpll_component|auto_generated|pll1|clk[0] ; pll_inst|altpll_component|auto_generated|pll1|clk[0] ; 100.000      ; -0.092     ; 35.817     ;
; 64.091 ; sc_cpu:cpu|sc_datapath:datapath|pc_reg[3] ; sc_cpu:cpu|sc_datapath:datapath|sc_regfile:regfile|regs~966 ; pll_inst|altpll_component|auto_generated|pll1|clk[0] ; pll_inst|altpll_component|auto_generated|pll1|clk[0] ; 100.000      ; -0.060     ; 35.848     ;
; 64.091 ; sc_cpu:cpu|sc_datapath:datapath|pc_reg[3] ; sc_cpu:cpu|sc_datapath:datapath|sc_regfile:regfile|regs~192 ; pll_inst|altpll_component|auto_generated|pll1|clk[0] ; pll_inst|altpll_component|auto_generated|pll1|clk[0] ; 100.000      ; -0.096     ; 35.812     ;
; 64.092 ; sc_cpu:cpu|sc_datapath:datapath|pc_reg[4] ; sc_cpu:cpu|sc_datapath:datapath|sc_regfile:regfile|regs~358 ; pll_inst|altpll_component|auto_generated|pll1|clk[0] ; pll_inst|altpll_component|auto_generated|pll1|clk[0] ; 100.000      ; -0.093     ; 35.814     ;
; 64.093 ; sc_cpu:cpu|sc_datapath:datapath|pc_reg[3] ; sc_cpu:cpu|sc_datapath:datapath|sc_regfile:regfile|regs~197 ; pll_inst|altpll_component|auto_generated|pll1|clk[0] ; pll_inst|altpll_component|auto_generated|pll1|clk[0] ; 100.000      ; -0.086     ; 35.820     ;
; 64.093 ; sc_cpu:cpu|sc_datapath:datapath|pc_reg[3] ; sc_cpu:cpu|sc_datapath:datapath|sc_regfile:regfile|regs~165 ; pll_inst|altpll_component|auto_generated|pll1|clk[0] ; pll_inst|altpll_component|auto_generated|pll1|clk[0] ; 100.000      ; -0.086     ; 35.820     ;
; 64.095 ; sc_cpu:cpu|sc_datapath:datapath|pc_reg[6] ; sc_cpu:cpu|sc_datapath:datapath|sc_regfile:regfile|regs~9   ; pll_inst|altpll_component|auto_generated|pll1|clk[0] ; pll_inst|altpll_component|auto_generated|pll1|clk[0] ; 100.000      ; -0.072     ; 35.832     ;
; 64.095 ; sc_cpu:cpu|sc_datapath:datapath|pc_reg[4] ; sc_cpu:cpu|sc_datapath:datapath|sc_regfile:regfile|regs~326 ; pll_inst|altpll_component|auto_generated|pll1|clk[0] ; pll_inst|altpll_component|auto_generated|pll1|clk[0] ; 100.000      ; -0.093     ; 35.811     ;
; 64.098 ; sc_cpu:cpu|sc_datapath:datapath|pc_reg[6] ; sc_cpu:cpu|sc_datapath:datapath|sc_regfile:regfile|regs~41  ; pll_inst|altpll_component|auto_generated|pll1|clk[0] ; pll_inst|altpll_component|auto_generated|pll1|clk[0] ; 100.000      ; -0.072     ; 35.829     ;
; 64.099 ; sc_cpu:cpu|sc_datapath:datapath|pc_reg[5] ; sc_cpu:cpu|sc_datapath:datapath|sc_regfile:regfile|regs~9   ; pll_inst|altpll_component|auto_generated|pll1|clk[0] ; pll_inst|altpll_component|auto_generated|pll1|clk[0] ; 100.000      ; -0.072     ; 35.828     ;
; 64.102 ; sc_cpu:cpu|sc_datapath:datapath|pc_reg[8] ; sc_cpu:cpu|sc_datapath:datapath|sc_regfile:regfile|regs~960 ; pll_inst|altpll_component|auto_generated|pll1|clk[0] ; pll_inst|altpll_component|auto_generated|pll1|clk[0] ; 100.000      ; -0.079     ; 35.818     ;
; 64.102 ; sc_cpu:cpu|sc_datapath:datapath|pc_reg[5] ; sc_cpu:cpu|sc_datapath:datapath|sc_regfile:regfile|regs~41  ; pll_inst|altpll_component|auto_generated|pll1|clk[0] ; pll_inst|altpll_component|auto_generated|pll1|clk[0] ; 100.000      ; -0.072     ; 35.825     ;
; 64.104 ; sc_cpu:cpu|sc_datapath:datapath|pc_reg[3] ; sc_cpu:cpu|sc_datapath:datapath|sc_regfile:regfile|regs~736 ; pll_inst|altpll_component|auto_generated|pll1|clk[0] ; pll_inst|altpll_component|auto_generated|pll1|clk[0] ; 100.000      ; -0.092     ; 35.803     ;
; 64.112 ; sc_cpu:cpu|sc_datapath:datapath|pc_reg[4] ; sc_cpu:cpu|sc_datapath:datapath|sc_regfile:regfile|regs~390 ; pll_inst|altpll_component|auto_generated|pll1|clk[0] ; pll_inst|altpll_component|auto_generated|pll1|clk[0] ; 100.000      ; -0.076     ; 35.811     ;
; 64.115 ; sc_cpu:cpu|sc_datapath:datapath|pc_reg[4] ; sc_cpu:cpu|sc_datapath:datapath|sc_regfile:regfile|regs~262 ; pll_inst|altpll_component|auto_generated|pll1|clk[0] ; pll_inst|altpll_component|auto_generated|pll1|clk[0] ; 100.000      ; -0.076     ; 35.808     ;
; 64.129 ; sc_cpu:cpu|sc_datapath:datapath|pc_reg[3] ; sc_cpu:cpu|sc_datapath:datapath|sc_regfile:regfile|regs~101 ; pll_inst|altpll_component|auto_generated|pll1|clk[0] ; pll_inst|altpll_component|auto_generated|pll1|clk[0] ; 100.000      ; -0.073     ; 35.797     ;
; 64.130 ; sc_cpu:cpu|sc_datapath:datapath|pc_reg[3] ; sc_cpu:cpu|sc_datapath:datapath|sc_regfile:regfile|regs~69  ; pll_inst|altpll_component|auto_generated|pll1|clk[0] ; pll_inst|altpll_component|auto_generated|pll1|clk[0] ; 100.000      ; -0.073     ; 35.796     ;
; 64.139 ; sc_cpu:cpu|sc_datapath:datapath|pc_reg[3] ; sc_cpu:cpu|sc_datapath:datapath|sc_regfile:regfile|regs~230 ; pll_inst|altpll_component|auto_generated|pll1|clk[0] ; pll_inst|altpll_component|auto_generated|pll1|clk[0] ; 100.000      ; -0.094     ; 35.766     ;
; 64.139 ; sc_cpu:cpu|sc_datapath:datapath|pc_reg[3] ; sc_cpu:cpu|sc_datapath:datapath|sc_regfile:regfile|regs~198 ; pll_inst|altpll_component|auto_generated|pll1|clk[0] ; pll_inst|altpll_component|auto_generated|pll1|clk[0] ; 100.000      ; -0.094     ; 35.766     ;
; 64.140 ; sc_cpu:cpu|sc_datapath:datapath|pc_reg[4] ; sc_cpu:cpu|sc_datapath:datapath|sc_regfile:regfile|regs~0   ; pll_inst|altpll_component|auto_generated|pll1|clk[0] ; pll_inst|altpll_component|auto_generated|pll1|clk[0] ; 100.000      ; -0.084     ; 35.775     ;
; 64.142 ; sc_cpu:cpu|sc_datapath:datapath|pc_reg[4] ; sc_cpu:cpu|sc_datapath:datapath|sc_regfile:regfile|regs~96  ; pll_inst|altpll_component|auto_generated|pll1|clk[0] ; pll_inst|altpll_component|auto_generated|pll1|clk[0] ; 100.000      ; -0.084     ; 35.773     ;
; 64.145 ; sc_cpu:cpu|sc_datapath:datapath|pc_reg[6] ; sc_cpu:cpu|sc_datapath:datapath|sc_regfile:regfile|regs~864 ; pll_inst|altpll_component|auto_generated|pll1|clk[0] ; pll_inst|altpll_component|auto_generated|pll1|clk[0] ; 100.000      ; -0.072     ; 35.782     ;
; 64.145 ; sc_cpu:cpu|sc_datapath:datapath|pc_reg[4] ; sc_cpu:cpu|sc_datapath:datapath|sc_regfile:regfile|regs~128 ; pll_inst|altpll_component|auto_generated|pll1|clk[0] ; pll_inst|altpll_component|auto_generated|pll1|clk[0] ; 100.000      ; -0.101     ; 35.753     ;
+--------+-------------------------------------------+-------------------------------------------------------------+------------------------------------------------------+------------------------------------------------------+--------------+------------+------------+


+--------------------------------------------------------------------------------------------------------------------------------------------------------------------------------------------------------------------------------------------------------+
; Slow 1200mV 0C Model Hold: 'pll_inst|altpll_component|auto_generated|pll1|clk[0]'                                                                                                                                                                      ;
+-------+--------------------------------------------+--------------------------------------------+------------------------------------------------------+------------------------------------------------------+--------------+------------+------------+
; Slack ; From Node                                  ; To Node                                    ; Launch Clock                                         ; Latch Clock                                          ; Relationship ; Clock Skew ; Data Delay ;
+-------+--------------------------------------------+--------------------------------------------+------------------------------------------------------+------------------------------------------------------+--------------+------------+------------+
; 0.421 ; sc_cpu:cpu|sc_datapath:datapath|pc_reg[31] ; sc_cpu:cpu|sc_datapath:datapath|pc_reg[31] ; pll_inst|altpll_component|auto_generated|pll1|clk[0] ; pll_inst|altpll_component|auto_generated|pll1|clk[0] ; 0.000        ; 0.069      ; 0.661      ;
; 0.601 ; sc_cpu:cpu|sc_datapath:datapath|pc_reg[16] ; sc_cpu:cpu|sc_datapath:datapath|pc_reg[16] ; pll_inst|altpll_component|auto_generated|pll1|clk[0] ; pll_inst|altpll_component|auto_generated|pll1|clk[0] ; 0.000        ; 0.070      ; 0.842      ;
; 0.601 ; sc_cpu:cpu|sc_datapath:datapath|pc_reg[7]  ; sc_cpu:cpu|sc_datapath:datapath|pc_reg[7]  ; pll_inst|altpll_component|auto_generated|pll1|clk[0] ; pll_inst|altpll_component|auto_generated|pll1|clk[0] ; 0.000        ; 0.070      ; 0.842      ;
; 0.603 ; sc_cpu:cpu|sc_datapath:datapath|pc_reg[23] ; sc_cpu:cpu|sc_datapath:datapath|pc_reg[23] ; pll_inst|altpll_component|auto_generated|pll1|clk[0] ; pll_inst|altpll_component|auto_generated|pll1|clk[0] ; 0.000        ; 0.069      ; 0.843      ;
; 0.603 ; sc_cpu:cpu|sc_datapath:datapath|pc_reg[3]  ; sc_cpu:cpu|sc_datapath:datapath|pc_reg[3]  ; pll_inst|altpll_component|auto_generated|pll1|clk[0] ; pll_inst|altpll_component|auto_generated|pll1|clk[0] ; 0.000        ; 0.070      ; 0.844      ;
; 0.604 ; sc_cpu:cpu|sc_datapath:datapath|pc_reg[30] ; sc_cpu:cpu|sc_datapath:datapath|pc_reg[30] ; pll_inst|altpll_component|auto_generated|pll1|clk[0] ; pll_inst|altpll_component|auto_generated|pll1|clk[0] ; 0.000        ; 0.069      ; 0.844      ;
; 0.604 ; sc_cpu:cpu|sc_datapath:datapath|pc_reg[28] ; sc_cpu:cpu|sc_datapath:datapath|pc_reg[28] ; pll_inst|altpll_component|auto_generated|pll1|clk[0] ; pll_inst|altpll_component|auto_generated|pll1|clk[0] ; 0.000        ; 0.069      ; 0.844      ;
; 0.604 ; sc_cpu:cpu|sc_datapath:datapath|pc_reg[13] ; sc_cpu:cpu|sc_datapath:datapath|pc_reg[13] ; pll_inst|altpll_component|auto_generated|pll1|clk[0] ; pll_inst|altpll_component|auto_generated|pll1|clk[0] ; 0.000        ; 0.070      ; 0.845      ;
; 0.604 ; sc_cpu:cpu|sc_datapath:datapath|pc_reg[11] ; sc_cpu:cpu|sc_datapath:datapath|pc_reg[11] ; pll_inst|altpll_component|auto_generated|pll1|clk[0] ; pll_inst|altpll_component|auto_generated|pll1|clk[0] ; 0.000        ; 0.070      ; 0.845      ;
; 0.604 ; sc_cpu:cpu|sc_datapath:datapath|pc_reg[9]  ; sc_cpu:cpu|sc_datapath:datapath|pc_reg[9]  ; pll_inst|altpll_component|auto_generated|pll1|clk[0] ; pll_inst|altpll_component|auto_generated|pll1|clk[0] ; 0.000        ; 0.070      ; 0.845      ;
; 0.604 ; sc_cpu:cpu|sc_datapath:datapath|pc_reg[5]  ; sc_cpu:cpu|sc_datapath:datapath|pc_reg[5]  ; pll_inst|altpll_component|auto_generated|pll1|clk[0] ; pll_inst|altpll_component|auto_generated|pll1|clk[0] ; 0.000        ; 0.070      ; 0.845      ;
; 0.605 ; sc_cpu:cpu|sc_datapath:datapath|pc_reg[1]  ; sc_cpu:cpu|sc_datapath:datapath|pc_reg[1]  ; pll_inst|altpll_component|auto_generated|pll1|clk[0] ; pll_inst|altpll_component|auto_generated|pll1|clk[0] ; 0.000        ; 0.069      ; 0.845      ;
; 0.606 ; sc_cpu:cpu|sc_datapath:datapath|pc_reg[29] ; sc_cpu:cpu|sc_datapath:datapath|pc_reg[29] ; pll_inst|altpll_component|auto_generated|pll1|clk[0] ; pll_inst|altpll_component|auto_generated|pll1|clk[0] ; 0.000        ; 0.069      ; 0.846      ;
; 0.606 ; sc_cpu:cpu|sc_datapath:datapath|pc_reg[27] ; sc_cpu:cpu|sc_datapath:datapath|pc_reg[27] ; pll_inst|altpll_component|auto_generated|pll1|clk[0] ; pll_inst|altpll_component|auto_generated|pll1|clk[0] ; 0.000        ; 0.069      ; 0.846      ;
; 0.606 ; sc_cpu:cpu|sc_datapath:datapath|pc_reg[25] ; sc_cpu:cpu|sc_datapath:datapath|pc_reg[25] ; pll_inst|altpll_component|auto_generated|pll1|clk[0] ; pll_inst|altpll_component|auto_generated|pll1|clk[0] ; 0.000        ; 0.069      ; 0.846      ;
; 0.606 ; sc_cpu:cpu|sc_datapath:datapath|pc_reg[21] ; sc_cpu:cpu|sc_datapath:datapath|pc_reg[21] ; pll_inst|altpll_component|auto_generated|pll1|clk[0] ; pll_inst|altpll_component|auto_generated|pll1|clk[0] ; 0.000        ; 0.069      ; 0.846      ;
; 0.606 ; sc_cpu:cpu|sc_datapath:datapath|pc_reg[18] ; sc_cpu:cpu|sc_datapath:datapath|pc_reg[18] ; pll_inst|altpll_component|auto_generated|pll1|clk[0] ; pll_inst|altpll_component|auto_generated|pll1|clk[0] ; 0.000        ; 0.069      ; 0.846      ;
; 0.606 ; sc_cpu:cpu|sc_datapath:datapath|pc_reg[10] ; sc_cpu:cpu|sc_datapath:datapath|pc_reg[10] ; pll_inst|altpll_component|auto_generated|pll1|clk[0] ; pll_inst|altpll_component|auto_generated|pll1|clk[0] ; 0.000        ; 0.070      ; 0.847      ;
; 0.606 ; sc_cpu:cpu|sc_datapath:datapath|pc_reg[8]  ; sc_cpu:cpu|sc_datapath:datapath|pc_reg[8]  ; pll_inst|altpll_component|auto_generated|pll1|clk[0] ; pll_inst|altpll_component|auto_generated|pll1|clk[0] ; 0.000        ; 0.070      ; 0.847      ;
; 0.620 ; sc_cpu:cpu|sc_datapath:datapath|pc_reg[14] ; sc_cpu:cpu|sc_datapath:datapath|pc_reg[14] ; pll_inst|altpll_component|auto_generated|pll1|clk[0] ; pll_inst|altpll_component|auto_generated|pll1|clk[0] ; 0.000        ; 0.070      ; 0.861      ;
; 0.620 ; sc_cpu:cpu|sc_datapath:datapath|pc_reg[0]  ; sc_cpu:cpu|sc_datapath:datapath|pc_reg[0]  ; pll_inst|altpll_component|auto_generated|pll1|clk[0] ; pll_inst|altpll_component|auto_generated|pll1|clk[0] ; 0.000        ; 0.069      ; 0.860      ;
; 0.620 ; sc_cpu:cpu|sc_datapath:datapath|pc_reg[4]  ; sc_cpu:cpu|sc_datapath:datapath|pc_reg[4]  ; pll_inst|altpll_component|auto_generated|pll1|clk[0] ; pll_inst|altpll_component|auto_generated|pll1|clk[0] ; 0.000        ; 0.070      ; 0.861      ;
; 0.620 ; sc_cpu:cpu|sc_datapath:datapath|pc_reg[6]  ; sc_cpu:cpu|sc_datapath:datapath|pc_reg[6]  ; pll_inst|altpll_component|auto_generated|pll1|clk[0] ; pll_inst|altpll_component|auto_generated|pll1|clk[0] ; 0.000        ; 0.070      ; 0.861      ;
; 0.621 ; sc_cpu:cpu|sc_datapath:datapath|pc_reg[12] ; sc_cpu:cpu|sc_datapath:datapath|pc_reg[12] ; pll_inst|altpll_component|auto_generated|pll1|clk[0] ; pll_inst|altpll_component|auto_generated|pll1|clk[0] ; 0.000        ; 0.070      ; 0.862      ;
; 0.622 ; sc_cpu:cpu|sc_datapath:datapath|pc_reg[22] ; sc_cpu:cpu|sc_datapath:datapath|pc_reg[22] ; pll_inst|altpll_component|auto_generated|pll1|clk[0] ; pll_inst|altpll_component|auto_generated|pll1|clk[0] ; 0.000        ; 0.069      ; 0.862      ;
; 0.622 ; sc_cpu:cpu|sc_datapath:datapath|pc_reg[20] ; sc_cpu:cpu|sc_datapath:datapath|pc_reg[20] ; pll_inst|altpll_component|auto_generated|pll1|clk[0] ; pll_inst|altpll_component|auto_generated|pll1|clk[0] ; 0.000        ; 0.069      ; 0.862      ;
; 0.622 ; sc_cpu:cpu|sc_datapath:datapath|pc_reg[15] ; sc_cpu:cpu|sc_datapath:datapath|pc_reg[15] ; pll_inst|altpll_component|auto_generated|pll1|clk[0] ; pll_inst|altpll_component|auto_generated|pll1|clk[0] ; 0.000        ; 0.070      ; 0.863      ;
; 0.623 ; sc_cpu:cpu|sc_datapath:datapath|pc_reg[17] ; sc_cpu:cpu|sc_datapath:datapath|pc_reg[17] ; pll_inst|altpll_component|auto_generated|pll1|clk[0] ; pll_inst|altpll_component|auto_generated|pll1|clk[0] ; 0.000        ; 0.069      ; 0.863      ;
; 0.624 ; sc_cpu:cpu|sc_datapath:datapath|pc_reg[19] ; sc_cpu:cpu|sc_datapath:datapath|pc_reg[19] ; pll_inst|altpll_component|auto_generated|pll1|clk[0] ; pll_inst|altpll_component|auto_generated|pll1|clk[0] ; 0.000        ; 0.069      ; 0.864      ;
; 0.626 ; sc_cpu:cpu|sc_datapath:datapath|pc_reg[2]  ; sc_cpu:cpu|sc_datapath:datapath|pc_reg[2]  ; pll_inst|altpll_component|auto_generated|pll1|clk[0] ; pll_inst|altpll_component|auto_generated|pll1|clk[0] ; 0.000        ; 0.070      ; 0.867      ;
; 0.627 ; sc_cpu:cpu|sc_datapath:datapath|pc_reg[26] ; sc_cpu:cpu|sc_datapath:datapath|pc_reg[26] ; pll_inst|altpll_component|auto_generated|pll1|clk[0] ; pll_inst|altpll_component|auto_generated|pll1|clk[0] ; 0.000        ; 0.069      ; 0.867      ;
; 0.627 ; sc_cpu:cpu|sc_datapath:datapath|pc_reg[24] ; sc_cpu:cpu|sc_datapath:datapath|pc_reg[24] ; pll_inst|altpll_component|auto_generated|pll1|clk[0] ; pll_inst|altpll_component|auto_generated|pll1|clk[0] ; 0.000        ; 0.069      ; 0.867      ;
; 0.887 ; sc_cpu:cpu|sc_datapath:datapath|pc_reg[7]  ; sc_cpu:cpu|sc_datapath:datapath|pc_reg[8]  ; pll_inst|altpll_component|auto_generated|pll1|clk[0] ; pll_inst|altpll_component|auto_generated|pll1|clk[0] ; 0.000        ; 0.070      ; 1.128      ;
; 0.889 ; sc_cpu:cpu|sc_datapath:datapath|pc_reg[23] ; sc_cpu:cpu|sc_datapath:datapath|pc_reg[24] ; pll_inst|altpll_component|auto_generated|pll1|clk[0] ; pll_inst|altpll_component|auto_generated|pll1|clk[0] ; 0.000        ; 0.069      ; 1.129      ;
; 0.890 ; sc_cpu:cpu|sc_datapath:datapath|pc_reg[3]  ; sc_cpu:cpu|sc_datapath:datapath|pc_reg[4]  ; pll_inst|altpll_component|auto_generated|pll1|clk[0] ; pll_inst|altpll_component|auto_generated|pll1|clk[0] ; 0.000        ; 0.070      ; 1.131      ;
; 0.891 ; sc_cpu:cpu|sc_datapath:datapath|pc_reg[9]  ; sc_cpu:cpu|sc_datapath:datapath|pc_reg[10] ; pll_inst|altpll_component|auto_generated|pll1|clk[0] ; pll_inst|altpll_component|auto_generated|pll1|clk[0] ; 0.000        ; 0.070      ; 1.132      ;
; 0.891 ; sc_cpu:cpu|sc_datapath:datapath|pc_reg[13] ; sc_cpu:cpu|sc_datapath:datapath|pc_reg[14] ; pll_inst|altpll_component|auto_generated|pll1|clk[0] ; pll_inst|altpll_component|auto_generated|pll1|clk[0] ; 0.000        ; 0.070      ; 1.132      ;
; 0.891 ; sc_cpu:cpu|sc_datapath:datapath|pc_reg[5]  ; sc_cpu:cpu|sc_datapath:datapath|pc_reg[6]  ; pll_inst|altpll_component|auto_generated|pll1|clk[0] ; pll_inst|altpll_component|auto_generated|pll1|clk[0] ; 0.000        ; 0.070      ; 1.132      ;
; 0.891 ; sc_cpu:cpu|sc_datapath:datapath|pc_reg[11] ; sc_cpu:cpu|sc_datapath:datapath|pc_reg[12] ; pll_inst|altpll_component|auto_generated|pll1|clk[0] ; pll_inst|altpll_component|auto_generated|pll1|clk[0] ; 0.000        ; 0.070      ; 1.132      ;
; 0.892 ; sc_cpu:cpu|sc_datapath:datapath|pc_reg[30] ; sc_cpu:cpu|sc_datapath:datapath|pc_reg[31] ; pll_inst|altpll_component|auto_generated|pll1|clk[0] ; pll_inst|altpll_component|auto_generated|pll1|clk[0] ; 0.000        ; 0.069      ; 1.132      ;
; 0.892 ; sc_cpu:cpu|sc_datapath:datapath|pc_reg[28] ; sc_cpu:cpu|sc_datapath:datapath|pc_reg[29] ; pll_inst|altpll_component|auto_generated|pll1|clk[0] ; pll_inst|altpll_component|auto_generated|pll1|clk[0] ; 0.000        ; 0.069      ; 1.132      ;
; 0.893 ; sc_cpu:cpu|sc_datapath:datapath|pc_reg[29] ; sc_cpu:cpu|sc_datapath:datapath|pc_reg[30] ; pll_inst|altpll_component|auto_generated|pll1|clk[0] ; pll_inst|altpll_component|auto_generated|pll1|clk[0] ; 0.000        ; 0.069      ; 1.133      ;
; 0.893 ; sc_cpu:cpu|sc_datapath:datapath|pc_reg[27] ; sc_cpu:cpu|sc_datapath:datapath|pc_reg[28] ; pll_inst|altpll_component|auto_generated|pll1|clk[0] ; pll_inst|altpll_component|auto_generated|pll1|clk[0] ; 0.000        ; 0.069      ; 1.133      ;
; 0.893 ; sc_cpu:cpu|sc_datapath:datapath|pc_reg[21] ; sc_cpu:cpu|sc_datapath:datapath|pc_reg[22] ; pll_inst|altpll_component|auto_generated|pll1|clk[0] ; pll_inst|altpll_component|auto_generated|pll1|clk[0] ; 0.000        ; 0.069      ; 1.133      ;
; 0.893 ; sc_cpu:cpu|sc_datapath:datapath|pc_reg[2]  ; sc_cpu:cpu|sc_datapath:datapath|pc_reg[3]  ; pll_inst|altpll_component|auto_generated|pll1|clk[0] ; pll_inst|altpll_component|auto_generated|pll1|clk[0] ; 0.000        ; 0.070      ; 1.134      ;
; 0.893 ; sc_cpu:cpu|sc_datapath:datapath|pc_reg[0]  ; sc_cpu:cpu|sc_datapath:datapath|pc_reg[1]  ; pll_inst|altpll_component|auto_generated|pll1|clk[0] ; pll_inst|altpll_component|auto_generated|pll1|clk[0] ; 0.000        ; 0.069      ; 1.133      ;
; 0.893 ; sc_cpu:cpu|sc_datapath:datapath|pc_reg[25] ; sc_cpu:cpu|sc_datapath:datapath|pc_reg[26] ; pll_inst|altpll_component|auto_generated|pll1|clk[0] ; pll_inst|altpll_component|auto_generated|pll1|clk[0] ; 0.000        ; 0.069      ; 1.133      ;
; 0.894 ; sc_cpu:cpu|sc_datapath:datapath|pc_reg[10] ; sc_cpu:cpu|sc_datapath:datapath|pc_reg[11] ; pll_inst|altpll_component|auto_generated|pll1|clk[0] ; pll_inst|altpll_component|auto_generated|pll1|clk[0] ; 0.000        ; 0.070      ; 1.135      ;
; 0.894 ; sc_cpu:cpu|sc_datapath:datapath|pc_reg[8]  ; sc_cpu:cpu|sc_datapath:datapath|pc_reg[9]  ; pll_inst|altpll_component|auto_generated|pll1|clk[0] ; pll_inst|altpll_component|auto_generated|pll1|clk[0] ; 0.000        ; 0.070      ; 1.135      ;
; 0.894 ; sc_cpu:cpu|sc_datapath:datapath|pc_reg[18] ; sc_cpu:cpu|sc_datapath:datapath|pc_reg[19] ; pll_inst|altpll_component|auto_generated|pll1|clk[0] ; pll_inst|altpll_component|auto_generated|pll1|clk[0] ; 0.000        ; 0.069      ; 1.134      ;
; 0.899 ; sc_cpu:cpu|sc_datapath:datapath|pc_reg[16] ; sc_cpu:cpu|sc_datapath:datapath|pc_reg[17] ; pll_inst|altpll_component|auto_generated|pll1|clk[0] ; pll_inst|altpll_component|auto_generated|pll1|clk[0] ; 0.000        ; 0.060      ; 1.130      ;
; 0.903 ; sc_cpu:cpu|sc_datapath:datapath|pc_reg[28] ; sc_cpu:cpu|sc_datapath:datapath|pc_reg[30] ; pll_inst|altpll_component|auto_generated|pll1|clk[0] ; pll_inst|altpll_component|auto_generated|pll1|clk[0] ; 0.000        ; 0.069      ; 1.143      ;
; 0.904 ; sc_cpu:cpu|sc_datapath:datapath|pc_reg[2]  ; sc_cpu:cpu|sc_datapath:datapath|pc_reg[4]  ; pll_inst|altpll_component|auto_generated|pll1|clk[0] ; pll_inst|altpll_component|auto_generated|pll1|clk[0] ; 0.000        ; 0.070      ; 1.145      ;
; 0.905 ; sc_cpu:cpu|sc_datapath:datapath|pc_reg[18] ; sc_cpu:cpu|sc_datapath:datapath|pc_reg[20] ; pll_inst|altpll_component|auto_generated|pll1|clk[0] ; pll_inst|altpll_component|auto_generated|pll1|clk[0] ; 0.000        ; 0.069      ; 1.145      ;
; 0.905 ; sc_cpu:cpu|sc_datapath:datapath|pc_reg[8]  ; sc_cpu:cpu|sc_datapath:datapath|pc_reg[10] ; pll_inst|altpll_component|auto_generated|pll1|clk[0] ; pll_inst|altpll_component|auto_generated|pll1|clk[0] ; 0.000        ; 0.070      ; 1.146      ;
; 0.905 ; sc_cpu:cpu|sc_datapath:datapath|pc_reg[10] ; sc_cpu:cpu|sc_datapath:datapath|pc_reg[12] ; pll_inst|altpll_component|auto_generated|pll1|clk[0] ; pll_inst|altpll_component|auto_generated|pll1|clk[0] ; 0.000        ; 0.070      ; 1.146      ;
; 0.908 ; sc_cpu:cpu|sc_datapath:datapath|pc_reg[6]  ; sc_cpu:cpu|sc_datapath:datapath|pc_reg[7]  ; pll_inst|altpll_component|auto_generated|pll1|clk[0] ; pll_inst|altpll_component|auto_generated|pll1|clk[0] ; 0.000        ; 0.070      ; 1.149      ;
; 0.908 ; sc_cpu:cpu|sc_datapath:datapath|pc_reg[4]  ; sc_cpu:cpu|sc_datapath:datapath|pc_reg[5]  ; pll_inst|altpll_component|auto_generated|pll1|clk[0] ; pll_inst|altpll_component|auto_generated|pll1|clk[0] ; 0.000        ; 0.070      ; 1.149      ;
; 0.908 ; sc_cpu:cpu|sc_datapath:datapath|pc_reg[14] ; sc_cpu:cpu|sc_datapath:datapath|pc_reg[15] ; pll_inst|altpll_component|auto_generated|pll1|clk[0] ; pll_inst|altpll_component|auto_generated|pll1|clk[0] ; 0.000        ; 0.070      ; 1.149      ;
; 0.909 ; sc_cpu:cpu|sc_datapath:datapath|pc_reg[15] ; sc_cpu:cpu|sc_datapath:datapath|pc_reg[16] ; pll_inst|altpll_component|auto_generated|pll1|clk[0] ; pll_inst|altpll_component|auto_generated|pll1|clk[0] ; 0.000        ; 0.070      ; 1.150      ;
; 0.909 ; sc_cpu:cpu|sc_datapath:datapath|pc_reg[12] ; sc_cpu:cpu|sc_datapath:datapath|pc_reg[13] ; pll_inst|altpll_component|auto_generated|pll1|clk[0] ; pll_inst|altpll_component|auto_generated|pll1|clk[0] ; 0.000        ; 0.070      ; 1.150      ;
; 0.910 ; sc_cpu:cpu|sc_datapath:datapath|pc_reg[17] ; sc_cpu:cpu|sc_datapath:datapath|pc_reg[18] ; pll_inst|altpll_component|auto_generated|pll1|clk[0] ; pll_inst|altpll_component|auto_generated|pll1|clk[0] ; 0.000        ; 0.069      ; 1.150      ;
; 0.910 ; sc_cpu:cpu|sc_datapath:datapath|pc_reg[22] ; sc_cpu:cpu|sc_datapath:datapath|pc_reg[23] ; pll_inst|altpll_component|auto_generated|pll1|clk[0] ; pll_inst|altpll_component|auto_generated|pll1|clk[0] ; 0.000        ; 0.069      ; 1.150      ;
; 0.910 ; sc_cpu:cpu|sc_datapath:datapath|pc_reg[20] ; sc_cpu:cpu|sc_datapath:datapath|pc_reg[21] ; pll_inst|altpll_component|auto_generated|pll1|clk[0] ; pll_inst|altpll_component|auto_generated|pll1|clk[0] ; 0.000        ; 0.069      ; 1.150      ;
; 0.910 ; sc_cpu:cpu|sc_datapath:datapath|pc_reg[16] ; sc_cpu:cpu|sc_datapath:datapath|pc_reg[18] ; pll_inst|altpll_component|auto_generated|pll1|clk[0] ; pll_inst|altpll_component|auto_generated|pll1|clk[0] ; 0.000        ; 0.060      ; 1.141      ;
; 0.911 ; sc_cpu:cpu|sc_datapath:datapath|pc_reg[19] ; sc_cpu:cpu|sc_datapath:datapath|pc_reg[20] ; pll_inst|altpll_component|auto_generated|pll1|clk[0] ; pll_inst|altpll_component|auto_generated|pll1|clk[0] ; 0.000        ; 0.069      ; 1.151      ;
; 0.915 ; sc_cpu:cpu|sc_datapath:datapath|pc_reg[26] ; sc_cpu:cpu|sc_datapath:datapath|pc_reg[27] ; pll_inst|altpll_component|auto_generated|pll1|clk[0] ; pll_inst|altpll_component|auto_generated|pll1|clk[0] ; 0.000        ; 0.069      ; 1.155      ;
; 0.915 ; sc_cpu:cpu|sc_datapath:datapath|pc_reg[24] ; sc_cpu:cpu|sc_datapath:datapath|pc_reg[25] ; pll_inst|altpll_component|auto_generated|pll1|clk[0] ; pll_inst|altpll_component|auto_generated|pll1|clk[0] ; 0.000        ; 0.069      ; 1.155      ;
; 0.919 ; sc_cpu:cpu|sc_datapath:datapath|pc_reg[6]  ; sc_cpu:cpu|sc_datapath:datapath|pc_reg[8]  ; pll_inst|altpll_component|auto_generated|pll1|clk[0] ; pll_inst|altpll_component|auto_generated|pll1|clk[0] ; 0.000        ; 0.070      ; 1.160      ;
; 0.919 ; sc_cpu:cpu|sc_datapath:datapath|pc_reg[4]  ; sc_cpu:cpu|sc_datapath:datapath|pc_reg[6]  ; pll_inst|altpll_component|auto_generated|pll1|clk[0] ; pll_inst|altpll_component|auto_generated|pll1|clk[0] ; 0.000        ; 0.070      ; 1.160      ;
; 0.919 ; sc_cpu:cpu|sc_datapath:datapath|pc_reg[14] ; sc_cpu:cpu|sc_datapath:datapath|pc_reg[16] ; pll_inst|altpll_component|auto_generated|pll1|clk[0] ; pll_inst|altpll_component|auto_generated|pll1|clk[0] ; 0.000        ; 0.070      ; 1.160      ;
; 0.920 ; sc_cpu:cpu|sc_datapath:datapath|pc_reg[12] ; sc_cpu:cpu|sc_datapath:datapath|pc_reg[14] ; pll_inst|altpll_component|auto_generated|pll1|clk[0] ; pll_inst|altpll_component|auto_generated|pll1|clk[0] ; 0.000        ; 0.070      ; 1.161      ;
; 0.921 ; sc_cpu:cpu|sc_datapath:datapath|pc_reg[22] ; sc_cpu:cpu|sc_datapath:datapath|pc_reg[24] ; pll_inst|altpll_component|auto_generated|pll1|clk[0] ; pll_inst|altpll_component|auto_generated|pll1|clk[0] ; 0.000        ; 0.069      ; 1.161      ;
; 0.921 ; sc_cpu:cpu|sc_datapath:datapath|pc_reg[20] ; sc_cpu:cpu|sc_datapath:datapath|pc_reg[22] ; pll_inst|altpll_component|auto_generated|pll1|clk[0] ; pll_inst|altpll_component|auto_generated|pll1|clk[0] ; 0.000        ; 0.069      ; 1.161      ;
; 0.926 ; sc_cpu:cpu|sc_datapath:datapath|pc_reg[26] ; sc_cpu:cpu|sc_datapath:datapath|pc_reg[28] ; pll_inst|altpll_component|auto_generated|pll1|clk[0] ; pll_inst|altpll_component|auto_generated|pll1|clk[0] ; 0.000        ; 0.069      ; 1.166      ;
; 0.926 ; sc_cpu:cpu|sc_datapath:datapath|pc_reg[24] ; sc_cpu:cpu|sc_datapath:datapath|pc_reg[26] ; pll_inst|altpll_component|auto_generated|pll1|clk[0] ; pll_inst|altpll_component|auto_generated|pll1|clk[0] ; 0.000        ; 0.069      ; 1.166      ;
; 0.986 ; sc_cpu:cpu|sc_datapath:datapath|pc_reg[7]  ; sc_cpu:cpu|sc_datapath:datapath|pc_reg[9]  ; pll_inst|altpll_component|auto_generated|pll1|clk[0] ; pll_inst|altpll_component|auto_generated|pll1|clk[0] ; 0.000        ; 0.070      ; 1.227      ;
; 0.988 ; sc_cpu:cpu|sc_datapath:datapath|pc_reg[23] ; sc_cpu:cpu|sc_datapath:datapath|pc_reg[25] ; pll_inst|altpll_component|auto_generated|pll1|clk[0] ; pll_inst|altpll_component|auto_generated|pll1|clk[0] ; 0.000        ; 0.069      ; 1.228      ;
; 0.989 ; sc_cpu:cpu|sc_datapath:datapath|pc_reg[3]  ; sc_cpu:cpu|sc_datapath:datapath|pc_reg[5]  ; pll_inst|altpll_component|auto_generated|pll1|clk[0] ; pll_inst|altpll_component|auto_generated|pll1|clk[0] ; 0.000        ; 0.070      ; 1.230      ;
; 0.990 ; sc_cpu:cpu|sc_datapath:datapath|pc_reg[9]  ; sc_cpu:cpu|sc_datapath:datapath|pc_reg[11] ; pll_inst|altpll_component|auto_generated|pll1|clk[0] ; pll_inst|altpll_component|auto_generated|pll1|clk[0] ; 0.000        ; 0.070      ; 1.231      ;
; 0.990 ; sc_cpu:cpu|sc_datapath:datapath|pc_reg[5]  ; sc_cpu:cpu|sc_datapath:datapath|pc_reg[7]  ; pll_inst|altpll_component|auto_generated|pll1|clk[0] ; pll_inst|altpll_component|auto_generated|pll1|clk[0] ; 0.000        ; 0.070      ; 1.231      ;
; 0.990 ; sc_cpu:cpu|sc_datapath:datapath|pc_reg[13] ; sc_cpu:cpu|sc_datapath:datapath|pc_reg[15] ; pll_inst|altpll_component|auto_generated|pll1|clk[0] ; pll_inst|altpll_component|auto_generated|pll1|clk[0] ; 0.000        ; 0.070      ; 1.231      ;
; 0.990 ; sc_cpu:cpu|sc_datapath:datapath|pc_reg[11] ; sc_cpu:cpu|sc_datapath:datapath|pc_reg[13] ; pll_inst|altpll_component|auto_generated|pll1|clk[0] ; pll_inst|altpll_component|auto_generated|pll1|clk[0] ; 0.000        ; 0.070      ; 1.231      ;
; 0.992 ; sc_cpu:cpu|sc_datapath:datapath|pc_reg[29] ; sc_cpu:cpu|sc_datapath:datapath|pc_reg[31] ; pll_inst|altpll_component|auto_generated|pll1|clk[0] ; pll_inst|altpll_component|auto_generated|pll1|clk[0] ; 0.000        ; 0.069      ; 1.232      ;
; 0.992 ; sc_cpu:cpu|sc_datapath:datapath|pc_reg[27] ; sc_cpu:cpu|sc_datapath:datapath|pc_reg[29] ; pll_inst|altpll_component|auto_generated|pll1|clk[0] ; pll_inst|altpll_component|auto_generated|pll1|clk[0] ; 0.000        ; 0.069      ; 1.232      ;
; 0.992 ; sc_cpu:cpu|sc_datapath:datapath|pc_reg[21] ; sc_cpu:cpu|sc_datapath:datapath|pc_reg[23] ; pll_inst|altpll_component|auto_generated|pll1|clk[0] ; pll_inst|altpll_component|auto_generated|pll1|clk[0] ; 0.000        ; 0.069      ; 1.232      ;
; 0.992 ; sc_cpu:cpu|sc_datapath:datapath|pc_reg[25] ; sc_cpu:cpu|sc_datapath:datapath|pc_reg[27] ; pll_inst|altpll_component|auto_generated|pll1|clk[0] ; pll_inst|altpll_component|auto_generated|pll1|clk[0] ; 0.000        ; 0.069      ; 1.232      ;
; 0.997 ; sc_cpu:cpu|sc_datapath:datapath|pc_reg[7]  ; sc_cpu:cpu|sc_datapath:datapath|pc_reg[10] ; pll_inst|altpll_component|auto_generated|pll1|clk[0] ; pll_inst|altpll_component|auto_generated|pll1|clk[0] ; 0.000        ; 0.070      ; 1.238      ;
; 0.999 ; sc_cpu:cpu|sc_datapath:datapath|pc_reg[23] ; sc_cpu:cpu|sc_datapath:datapath|pc_reg[26] ; pll_inst|altpll_component|auto_generated|pll1|clk[0] ; pll_inst|altpll_component|auto_generated|pll1|clk[0] ; 0.000        ; 0.069      ; 1.239      ;
; 1.000 ; sc_cpu:cpu|sc_datapath:datapath|pc_reg[3]  ; sc_cpu:cpu|sc_datapath:datapath|pc_reg[6]  ; pll_inst|altpll_component|auto_generated|pll1|clk[0] ; pll_inst|altpll_component|auto_generated|pll1|clk[0] ; 0.000        ; 0.070      ; 1.241      ;
; 1.001 ; sc_cpu:cpu|sc_datapath:datapath|pc_reg[9]  ; sc_cpu:cpu|sc_datapath:datapath|pc_reg[12] ; pll_inst|altpll_component|auto_generated|pll1|clk[0] ; pll_inst|altpll_component|auto_generated|pll1|clk[0] ; 0.000        ; 0.070      ; 1.242      ;
; 1.001 ; sc_cpu:cpu|sc_datapath:datapath|pc_reg[5]  ; sc_cpu:cpu|sc_datapath:datapath|pc_reg[8]  ; pll_inst|altpll_component|auto_generated|pll1|clk[0] ; pll_inst|altpll_component|auto_generated|pll1|clk[0] ; 0.000        ; 0.070      ; 1.242      ;
; 1.001 ; sc_cpu:cpu|sc_datapath:datapath|pc_reg[13] ; sc_cpu:cpu|sc_datapath:datapath|pc_reg[16] ; pll_inst|altpll_component|auto_generated|pll1|clk[0] ; pll_inst|altpll_component|auto_generated|pll1|clk[0] ; 0.000        ; 0.070      ; 1.242      ;
; 1.001 ; sc_cpu:cpu|sc_datapath:datapath|pc_reg[11] ; sc_cpu:cpu|sc_datapath:datapath|pc_reg[14] ; pll_inst|altpll_component|auto_generated|pll1|clk[0] ; pll_inst|altpll_component|auto_generated|pll1|clk[0] ; 0.000        ; 0.070      ; 1.242      ;
; 1.002 ; sc_cpu:cpu|sc_datapath:datapath|pc_reg[28] ; sc_cpu:cpu|sc_datapath:datapath|pc_reg[31] ; pll_inst|altpll_component|auto_generated|pll1|clk[0] ; pll_inst|altpll_component|auto_generated|pll1|clk[0] ; 0.000        ; 0.069      ; 1.242      ;
; 1.003 ; sc_cpu:cpu|sc_datapath:datapath|pc_reg[27] ; sc_cpu:cpu|sc_datapath:datapath|pc_reg[30] ; pll_inst|altpll_component|auto_generated|pll1|clk[0] ; pll_inst|altpll_component|auto_generated|pll1|clk[0] ; 0.000        ; 0.069      ; 1.243      ;
; 1.003 ; sc_cpu:cpu|sc_datapath:datapath|pc_reg[21] ; sc_cpu:cpu|sc_datapath:datapath|pc_reg[24] ; pll_inst|altpll_component|auto_generated|pll1|clk[0] ; pll_inst|altpll_component|auto_generated|pll1|clk[0] ; 0.000        ; 0.069      ; 1.243      ;
; 1.003 ; sc_cpu:cpu|sc_datapath:datapath|pc_reg[25] ; sc_cpu:cpu|sc_datapath:datapath|pc_reg[28] ; pll_inst|altpll_component|auto_generated|pll1|clk[0] ; pll_inst|altpll_component|auto_generated|pll1|clk[0] ; 0.000        ; 0.069      ; 1.243      ;
; 1.003 ; sc_cpu:cpu|sc_datapath:datapath|pc_reg[2]  ; sc_cpu:cpu|sc_datapath:datapath|pc_reg[5]  ; pll_inst|altpll_component|auto_generated|pll1|clk[0] ; pll_inst|altpll_component|auto_generated|pll1|clk[0] ; 0.000        ; 0.070      ; 1.244      ;
; 1.004 ; sc_cpu:cpu|sc_datapath:datapath|pc_reg[18] ; sc_cpu:cpu|sc_datapath:datapath|pc_reg[21] ; pll_inst|altpll_component|auto_generated|pll1|clk[0] ; pll_inst|altpll_component|auto_generated|pll1|clk[0] ; 0.000        ; 0.069      ; 1.244      ;
+-------+--------------------------------------------+--------------------------------------------+------------------------------------------------------+------------------------------------------------------+--------------+------------+------------+


----------------------------------------------
; Slow 1200mV 0C Model Metastability Summary ;
----------------------------------------------
No synchronizer chains to report.


+-------------------------------------------------------------------------------+
; Fast 1200mV 0C Model Setup Summary                                            ;
+------------------------------------------------------+--------+---------------+
; Clock                                                ; Slack  ; End Point TNS ;
+------------------------------------------------------+--------+---------------+
; pll_inst|altpll_component|auto_generated|pll1|clk[0] ; 78.845 ; 0.000         ;
+------------------------------------------------------+--------+---------------+


+------------------------------------------------------------------------------+
; Fast 1200mV 0C Model Hold Summary                                            ;
+------------------------------------------------------+-------+---------------+
; Clock                                                ; Slack ; End Point TNS ;
+------------------------------------------------------+-------+---------------+
; pll_inst|altpll_component|auto_generated|pll1|clk[0] ; 0.213 ; 0.000         ;
+------------------------------------------------------+-------+---------------+


-----------------------------------------
; Fast 1200mV 0C Model Recovery Summary ;
-----------------------------------------
No paths to report.


----------------------------------------
; Fast 1200mV 0C Model Removal Summary ;
----------------------------------------
No paths to report.


+-------------------------------------------------------------------------------+
; Fast 1200mV 0C Model Minimum Pulse Width Summary                              ;
+------------------------------------------------------+--------+---------------+
; Clock                                                ; Slack  ; End Point TNS ;
+------------------------------------------------------+--------+---------------+
; clk                                                  ; 9.574  ; 0.000         ;
; pll_inst|altpll_component|auto_generated|pll1|clk[0] ; 49.779 ; 0.000         ;
+------------------------------------------------------+--------+---------------+


+-------------------------------------------------------------------------------------------------------------------------------------------------------------------------------------------------------------------------------------------------------------------------+
; Fast 1200mV 0C Model Setup: 'pll_inst|altpll_component|auto_generated|pll1|clk[0]'                                                                                                                                                                                      ;
+--------+-------------------------------------------+-------------------------------------------------------------+------------------------------------------------------+------------------------------------------------------+--------------+------------+------------+
; Slack  ; From Node                                 ; To Node                                                     ; Launch Clock                                         ; Latch Clock                                          ; Relationship ; Clock Skew ; Data Delay ;
+--------+-------------------------------------------+-------------------------------------------------------------+------------------------------------------------------+------------------------------------------------------+--------------+------------+------------+
; 78.845 ; sc_cpu:cpu|sc_datapath:datapath|pc_reg[3] ; sc_cpu:cpu|sc_datapath:datapath|sc_regfile:regfile|regs~960 ; pll_inst|altpll_component|auto_generated|pll1|clk[0] ; pll_inst|altpll_component|auto_generated|pll1|clk[0] ; 100.000      ; -0.036     ; 21.106     ;
; 78.852 ; sc_cpu:cpu|sc_datapath:datapath|pc_reg[3] ; sc_cpu:cpu|sc_datapath:datapath|sc_regfile:regfile|regs~832 ; pll_inst|altpll_component|auto_generated|pll1|clk[0] ; pll_inst|altpll_component|auto_generated|pll1|clk[0] ; 100.000      ; -0.036     ; 21.099     ;
; 79.011 ; sc_cpu:cpu|sc_datapath:datapath|pc_reg[3] ; sc_cpu:cpu|sc_datapath:datapath|sc_regfile:regfile|regs~864 ; pll_inst|altpll_component|auto_generated|pll1|clk[0] ; pll_inst|altpll_component|auto_generated|pll1|clk[0] ; 100.000      ; -0.029     ; 20.947     ;
; 79.013 ; sc_cpu:cpu|sc_datapath:datapath|pc_reg[3] ; sc_cpu:cpu|sc_datapath:datapath|sc_regfile:regfile|regs~608 ; pll_inst|altpll_component|auto_generated|pll1|clk[0] ; pll_inst|altpll_component|auto_generated|pll1|clk[0] ; 100.000      ; -0.029     ; 20.945     ;
; 79.044 ; sc_cpu:cpu|sc_datapath:datapath|pc_reg[4] ; sc_cpu:cpu|sc_datapath:datapath|sc_regfile:regfile|regs~960 ; pll_inst|altpll_component|auto_generated|pll1|clk[0] ; pll_inst|altpll_component|auto_generated|pll1|clk[0] ; 100.000      ; -0.036     ; 20.907     ;
; 79.046 ; sc_cpu:cpu|sc_datapath:datapath|pc_reg[3] ; sc_cpu:cpu|sc_datapath:datapath|sc_regfile:regfile|regs~544 ; pll_inst|altpll_component|auto_generated|pll1|clk[0] ; pll_inst|altpll_component|auto_generated|pll1|clk[0] ; 100.000      ; -0.014     ; 20.927     ;
; 79.047 ; sc_cpu:cpu|sc_datapath:datapath|pc_reg[3] ; sc_cpu:cpu|sc_datapath:datapath|sc_regfile:regfile|regs~800 ; pll_inst|altpll_component|auto_generated|pll1|clk[0] ; pll_inst|altpll_component|auto_generated|pll1|clk[0] ; 100.000      ; -0.014     ; 20.926     ;
; 79.051 ; sc_cpu:cpu|sc_datapath:datapath|pc_reg[4] ; sc_cpu:cpu|sc_datapath:datapath|sc_regfile:regfile|regs~832 ; pll_inst|altpll_component|auto_generated|pll1|clk[0] ; pll_inst|altpll_component|auto_generated|pll1|clk[0] ; 100.000      ; -0.036     ; 20.900     ;
; 79.094 ; sc_cpu:cpu|sc_datapath:datapath|pc_reg[3] ; sc_cpu:cpu|sc_datapath:datapath|sc_regfile:regfile|regs~672 ; pll_inst|altpll_component|auto_generated|pll1|clk[0] ; pll_inst|altpll_component|auto_generated|pll1|clk[0] ; 100.000      ; -0.013     ; 20.880     ;
; 79.095 ; sc_cpu:cpu|sc_datapath:datapath|pc_reg[3] ; sc_cpu:cpu|sc_datapath:datapath|sc_regfile:regfile|regs~928 ; pll_inst|altpll_component|auto_generated|pll1|clk[0] ; pll_inst|altpll_component|auto_generated|pll1|clk[0] ; 100.000      ; -0.013     ; 20.879     ;
; 79.127 ; sc_cpu:cpu|sc_datapath:datapath|pc_reg[3] ; sc_cpu:cpu|sc_datapath:datapath|sc_regfile:regfile|regs~9   ; pll_inst|altpll_component|auto_generated|pll1|clk[0] ; pll_inst|altpll_component|auto_generated|pll1|clk[0] ; 100.000      ; -0.031     ; 20.829     ;
; 79.130 ; sc_cpu:cpu|sc_datapath:datapath|pc_reg[3] ; sc_cpu:cpu|sc_datapath:datapath|sc_regfile:regfile|regs~41  ; pll_inst|altpll_component|auto_generated|pll1|clk[0] ; pll_inst|altpll_component|auto_generated|pll1|clk[0] ; 100.000      ; -0.031     ; 20.826     ;
; 79.132 ; sc_cpu:cpu|sc_datapath:datapath|pc_reg[3] ; sc_cpu:cpu|sc_datapath:datapath|sc_regfile:regfile|regs~128 ; pll_inst|altpll_component|auto_generated|pll1|clk[0] ; pll_inst|altpll_component|auto_generated|pll1|clk[0] ; 100.000      ; -0.059     ; 20.796     ;
; 79.133 ; sc_cpu:cpu|sc_datapath:datapath|pc_reg[3] ; sc_cpu:cpu|sc_datapath:datapath|sc_regfile:regfile|regs~160 ; pll_inst|altpll_component|auto_generated|pll1|clk[0] ; pll_inst|altpll_component|auto_generated|pll1|clk[0] ; 100.000      ; -0.059     ; 20.795     ;
; 79.140 ; sc_cpu:cpu|sc_datapath:datapath|pc_reg[3] ; sc_cpu:cpu|sc_datapath:datapath|sc_regfile:regfile|regs~768 ; pll_inst|altpll_component|auto_generated|pll1|clk[0] ; pll_inst|altpll_component|auto_generated|pll1|clk[0] ; 100.000      ; -0.030     ; 20.817     ;
; 79.140 ; sc_cpu:cpu|sc_datapath:datapath|pc_reg[3] ; sc_cpu:cpu|sc_datapath:datapath|sc_regfile:regfile|regs~512 ; pll_inst|altpll_component|auto_generated|pll1|clk[0] ; pll_inst|altpll_component|auto_generated|pll1|clk[0] ; 100.000      ; -0.030     ; 20.817     ;
; 79.143 ; sc_cpu:cpu|sc_datapath:datapath|pc_reg[3] ; sc_cpu:cpu|sc_datapath:datapath|sc_regfile:regfile|regs~0   ; pll_inst|altpll_component|auto_generated|pll1|clk[0] ; pll_inst|altpll_component|auto_generated|pll1|clk[0] ; 100.000      ; -0.044     ; 20.800     ;
; 79.145 ; sc_cpu:cpu|sc_datapath:datapath|pc_reg[3] ; sc_cpu:cpu|sc_datapath:datapath|sc_regfile:regfile|regs~96  ; pll_inst|altpll_component|auto_generated|pll1|clk[0] ; pll_inst|altpll_component|auto_generated|pll1|clk[0] ; 100.000      ; -0.044     ; 20.798     ;
; 79.165 ; sc_cpu:cpu|sc_datapath:datapath|pc_reg[3] ; sc_cpu:cpu|sc_datapath:datapath|sc_regfile:regfile|regs~32  ; pll_inst|altpll_component|auto_generated|pll1|clk[0] ; pll_inst|altpll_component|auto_generated|pll1|clk[0] ; 100.000      ; -0.045     ; 20.777     ;
; 79.167 ; sc_cpu:cpu|sc_datapath:datapath|pc_reg[3] ; sc_cpu:cpu|sc_datapath:datapath|sc_regfile:regfile|regs~64  ; pll_inst|altpll_component|auto_generated|pll1|clk[0] ; pll_inst|altpll_component|auto_generated|pll1|clk[0] ; 100.000      ; -0.045     ; 20.775     ;
; 79.171 ; sc_cpu:cpu|sc_datapath:datapath|pc_reg[3] ; sc_cpu:cpu|sc_datapath:datapath|sc_regfile:regfile|regs~448 ; pll_inst|altpll_component|auto_generated|pll1|clk[0] ; pll_inst|altpll_component|auto_generated|pll1|clk[0] ; 100.000      ; -0.056     ; 20.760     ;
; 79.173 ; sc_cpu:cpu|sc_datapath:datapath|pc_reg[3] ; sc_cpu:cpu|sc_datapath:datapath|sc_regfile:regfile|regs~384 ; pll_inst|altpll_component|auto_generated|pll1|clk[0] ; pll_inst|altpll_component|auto_generated|pll1|clk[0] ; 100.000      ; -0.056     ; 20.758     ;
; 79.174 ; sc_cpu:cpu|sc_datapath:datapath|pc_reg[3] ; sc_cpu:cpu|sc_datapath:datapath|sc_regfile:regfile|regs~256 ; pll_inst|altpll_component|auto_generated|pll1|clk[0] ; pll_inst|altpll_component|auto_generated|pll1|clk[0] ; 100.000      ; -0.055     ; 20.758     ;
; 79.174 ; sc_cpu:cpu|sc_datapath:datapath|pc_reg[3] ; sc_cpu:cpu|sc_datapath:datapath|sc_regfile:regfile|regs~288 ; pll_inst|altpll_component|auto_generated|pll1|clk[0] ; pll_inst|altpll_component|auto_generated|pll1|clk[0] ; 100.000      ; -0.055     ; 20.758     ;
; 79.181 ; sc_cpu:cpu|sc_datapath:datapath|pc_reg[6] ; sc_cpu:cpu|sc_datapath:datapath|sc_regfile:regfile|regs~960 ; pll_inst|altpll_component|auto_generated|pll1|clk[0] ; pll_inst|altpll_component|auto_generated|pll1|clk[0] ; 100.000      ; -0.036     ; 20.770     ;
; 79.188 ; sc_cpu:cpu|sc_datapath:datapath|pc_reg[6] ; sc_cpu:cpu|sc_datapath:datapath|sc_regfile:regfile|regs~832 ; pll_inst|altpll_component|auto_generated|pll1|clk[0] ; pll_inst|altpll_component|auto_generated|pll1|clk[0] ; 100.000      ; -0.036     ; 20.763     ;
; 79.200 ; sc_cpu:cpu|sc_datapath:datapath|pc_reg[5] ; sc_cpu:cpu|sc_datapath:datapath|sc_regfile:regfile|regs~960 ; pll_inst|altpll_component|auto_generated|pll1|clk[0] ; pll_inst|altpll_component|auto_generated|pll1|clk[0] ; 100.000      ; -0.036     ; 20.751     ;
; 79.207 ; sc_cpu:cpu|sc_datapath:datapath|pc_reg[5] ; sc_cpu:cpu|sc_datapath:datapath|sc_regfile:regfile|regs~832 ; pll_inst|altpll_component|auto_generated|pll1|clk[0] ; pll_inst|altpll_component|auto_generated|pll1|clk[0] ; 100.000      ; -0.036     ; 20.744     ;
; 79.210 ; sc_cpu:cpu|sc_datapath:datapath|pc_reg[4] ; sc_cpu:cpu|sc_datapath:datapath|sc_regfile:regfile|regs~864 ; pll_inst|altpll_component|auto_generated|pll1|clk[0] ; pll_inst|altpll_component|auto_generated|pll1|clk[0] ; 100.000      ; -0.029     ; 20.748     ;
; 79.212 ; sc_cpu:cpu|sc_datapath:datapath|pc_reg[4] ; sc_cpu:cpu|sc_datapath:datapath|sc_regfile:regfile|regs~608 ; pll_inst|altpll_component|auto_generated|pll1|clk[0] ; pll_inst|altpll_component|auto_generated|pll1|clk[0] ; 100.000      ; -0.029     ; 20.746     ;
; 79.245 ; sc_cpu:cpu|sc_datapath:datapath|pc_reg[4] ; sc_cpu:cpu|sc_datapath:datapath|sc_regfile:regfile|regs~544 ; pll_inst|altpll_component|auto_generated|pll1|clk[0] ; pll_inst|altpll_component|auto_generated|pll1|clk[0] ; 100.000      ; -0.014     ; 20.728     ;
; 79.246 ; sc_cpu:cpu|sc_datapath:datapath|pc_reg[4] ; sc_cpu:cpu|sc_datapath:datapath|sc_regfile:regfile|regs~800 ; pll_inst|altpll_component|auto_generated|pll1|clk[0] ; pll_inst|altpll_component|auto_generated|pll1|clk[0] ; 100.000      ; -0.014     ; 20.727     ;
; 79.253 ; sc_cpu:cpu|sc_datapath:datapath|pc_reg[3] ; sc_cpu:cpu|sc_datapath:datapath|sc_regfile:regfile|regs~5   ; pll_inst|altpll_component|auto_generated|pll1|clk[0] ; pll_inst|altpll_component|auto_generated|pll1|clk[0] ; 100.000      ; -0.038     ; 20.696     ;
; 79.255 ; sc_cpu:cpu|sc_datapath:datapath|pc_reg[3] ; sc_cpu:cpu|sc_datapath:datapath|sc_regfile:regfile|regs~37  ; pll_inst|altpll_component|auto_generated|pll1|clk[0] ; pll_inst|altpll_component|auto_generated|pll1|clk[0] ; 100.000      ; -0.038     ; 20.694     ;
; 79.288 ; sc_cpu:cpu|sc_datapath:datapath|pc_reg[3] ; sc_cpu:cpu|sc_datapath:datapath|sc_regfile:regfile|regs~480 ; pll_inst|altpll_component|auto_generated|pll1|clk[0] ; pll_inst|altpll_component|auto_generated|pll1|clk[0] ; 100.000      ; -0.054     ; 20.645     ;
; 79.288 ; sc_cpu:cpu|sc_datapath:datapath|pc_reg[3] ; sc_cpu:cpu|sc_datapath:datapath|sc_regfile:regfile|regs~352 ; pll_inst|altpll_component|auto_generated|pll1|clk[0] ; pll_inst|altpll_component|auto_generated|pll1|clk[0] ; 100.000      ; -0.054     ; 20.645     ;
; 79.293 ; sc_cpu:cpu|sc_datapath:datapath|pc_reg[4] ; sc_cpu:cpu|sc_datapath:datapath|sc_regfile:regfile|regs~672 ; pll_inst|altpll_component|auto_generated|pll1|clk[0] ; pll_inst|altpll_component|auto_generated|pll1|clk[0] ; 100.000      ; -0.013     ; 20.681     ;
; 79.294 ; sc_cpu:cpu|sc_datapath:datapath|pc_reg[4] ; sc_cpu:cpu|sc_datapath:datapath|sc_regfile:regfile|regs~928 ; pll_inst|altpll_component|auto_generated|pll1|clk[0] ; pll_inst|altpll_component|auto_generated|pll1|clk[0] ; 100.000      ; -0.013     ; 20.680     ;
; 79.300 ; sc_cpu:cpu|sc_datapath:datapath|pc_reg[3] ; sc_cpu:cpu|sc_datapath:datapath|sc_regfile:regfile|regs~704 ; pll_inst|altpll_component|auto_generated|pll1|clk[0] ; pll_inst|altpll_component|auto_generated|pll1|clk[0] ; 100.000      ; -0.053     ; 20.634     ;
; 79.307 ; sc_cpu:cpu|sc_datapath:datapath|pc_reg[3] ; sc_cpu:cpu|sc_datapath:datapath|sc_regfile:regfile|regs~576 ; pll_inst|altpll_component|auto_generated|pll1|clk[0] ; pll_inst|altpll_component|auto_generated|pll1|clk[0] ; 100.000      ; -0.053     ; 20.627     ;
; 79.311 ; sc_cpu:cpu|sc_datapath:datapath|pc_reg[3] ; sc_cpu:cpu|sc_datapath:datapath|sc_regfile:regfile|regs~736 ; pll_inst|altpll_component|auto_generated|pll1|clk[0] ; pll_inst|altpll_component|auto_generated|pll1|clk[0] ; 100.000      ; -0.052     ; 20.624     ;
; 79.316 ; sc_cpu:cpu|sc_datapath:datapath|pc_reg[3] ; sc_cpu:cpu|sc_datapath:datapath|sc_regfile:regfile|regs~224 ; pll_inst|altpll_component|auto_generated|pll1|clk[0] ; pll_inst|altpll_component|auto_generated|pll1|clk[0] ; 100.000      ; -0.053     ; 20.618     ;
; 79.318 ; sc_cpu:cpu|sc_datapath:datapath|pc_reg[3] ; sc_cpu:cpu|sc_datapath:datapath|sc_regfile:regfile|regs~192 ; pll_inst|altpll_component|auto_generated|pll1|clk[0] ; pll_inst|altpll_component|auto_generated|pll1|clk[0] ; 100.000      ; -0.053     ; 20.616     ;
; 79.326 ; sc_cpu:cpu|sc_datapath:datapath|pc_reg[4] ; sc_cpu:cpu|sc_datapath:datapath|sc_regfile:regfile|regs~9   ; pll_inst|altpll_component|auto_generated|pll1|clk[0] ; pll_inst|altpll_component|auto_generated|pll1|clk[0] ; 100.000      ; -0.031     ; 20.630     ;
; 79.329 ; sc_cpu:cpu|sc_datapath:datapath|pc_reg[4] ; sc_cpu:cpu|sc_datapath:datapath|sc_regfile:regfile|regs~41  ; pll_inst|altpll_component|auto_generated|pll1|clk[0] ; pll_inst|altpll_component|auto_generated|pll1|clk[0] ; 100.000      ; -0.031     ; 20.627     ;
; 79.330 ; sc_cpu:cpu|sc_datapath:datapath|pc_reg[3] ; sc_cpu:cpu|sc_datapath:datapath|sc_regfile:regfile|regs~416 ; pll_inst|altpll_component|auto_generated|pll1|clk[0] ; pll_inst|altpll_component|auto_generated|pll1|clk[0] ; 100.000      ; -0.051     ; 20.606     ;
; 79.330 ; sc_cpu:cpu|sc_datapath:datapath|pc_reg[3] ; sc_cpu:cpu|sc_datapath:datapath|sc_regfile:regfile|regs~320 ; pll_inst|altpll_component|auto_generated|pll1|clk[0] ; pll_inst|altpll_component|auto_generated|pll1|clk[0] ; 100.000      ; -0.051     ; 20.606     ;
; 79.331 ; sc_cpu:cpu|sc_datapath:datapath|pc_reg[4] ; sc_cpu:cpu|sc_datapath:datapath|sc_regfile:regfile|regs~128 ; pll_inst|altpll_component|auto_generated|pll1|clk[0] ; pll_inst|altpll_component|auto_generated|pll1|clk[0] ; 100.000      ; -0.059     ; 20.597     ;
; 79.332 ; sc_cpu:cpu|sc_datapath:datapath|pc_reg[4] ; sc_cpu:cpu|sc_datapath:datapath|sc_regfile:regfile|regs~160 ; pll_inst|altpll_component|auto_generated|pll1|clk[0] ; pll_inst|altpll_component|auto_generated|pll1|clk[0] ; 100.000      ; -0.059     ; 20.596     ;
; 79.339 ; sc_cpu:cpu|sc_datapath:datapath|pc_reg[4] ; sc_cpu:cpu|sc_datapath:datapath|sc_regfile:regfile|regs~768 ; pll_inst|altpll_component|auto_generated|pll1|clk[0] ; pll_inst|altpll_component|auto_generated|pll1|clk[0] ; 100.000      ; -0.030     ; 20.618     ;
; 79.339 ; sc_cpu:cpu|sc_datapath:datapath|pc_reg[4] ; sc_cpu:cpu|sc_datapath:datapath|sc_regfile:regfile|regs~512 ; pll_inst|altpll_component|auto_generated|pll1|clk[0] ; pll_inst|altpll_component|auto_generated|pll1|clk[0] ; 100.000      ; -0.030     ; 20.618     ;
; 79.342 ; sc_cpu:cpu|sc_datapath:datapath|pc_reg[4] ; sc_cpu:cpu|sc_datapath:datapath|sc_regfile:regfile|regs~0   ; pll_inst|altpll_component|auto_generated|pll1|clk[0] ; pll_inst|altpll_component|auto_generated|pll1|clk[0] ; 100.000      ; -0.044     ; 20.601     ;
; 79.344 ; sc_cpu:cpu|sc_datapath:datapath|pc_reg[4] ; sc_cpu:cpu|sc_datapath:datapath|sc_regfile:regfile|regs~96  ; pll_inst|altpll_component|auto_generated|pll1|clk[0] ; pll_inst|altpll_component|auto_generated|pll1|clk[0] ; 100.000      ; -0.044     ; 20.599     ;
; 79.347 ; sc_cpu:cpu|sc_datapath:datapath|pc_reg[6] ; sc_cpu:cpu|sc_datapath:datapath|sc_regfile:regfile|regs~864 ; pll_inst|altpll_component|auto_generated|pll1|clk[0] ; pll_inst|altpll_component|auto_generated|pll1|clk[0] ; 100.000      ; -0.029     ; 20.611     ;
; 79.349 ; sc_cpu:cpu|sc_datapath:datapath|pc_reg[6] ; sc_cpu:cpu|sc_datapath:datapath|sc_regfile:regfile|regs~608 ; pll_inst|altpll_component|auto_generated|pll1|clk[0] ; pll_inst|altpll_component|auto_generated|pll1|clk[0] ; 100.000      ; -0.029     ; 20.609     ;
; 79.353 ; sc_cpu:cpu|sc_datapath:datapath|pc_reg[3] ; sc_cpu:cpu|sc_datapath:datapath|sc_regfile:regfile|regs~640 ; pll_inst|altpll_component|auto_generated|pll1|clk[0] ; pll_inst|altpll_component|auto_generated|pll1|clk[0] ; 100.000      ; -0.048     ; 20.586     ;
; 79.355 ; sc_cpu:cpu|sc_datapath:datapath|pc_reg[3] ; sc_cpu:cpu|sc_datapath:datapath|sc_regfile:regfile|regs~105 ; pll_inst|altpll_component|auto_generated|pll1|clk[0] ; pll_inst|altpll_component|auto_generated|pll1|clk[0] ; 100.000      ; -0.032     ; 20.600     ;
; 79.358 ; sc_cpu:cpu|sc_datapath:datapath|pc_reg[3] ; sc_cpu:cpu|sc_datapath:datapath|sc_regfile:regfile|regs~73  ; pll_inst|altpll_component|auto_generated|pll1|clk[0] ; pll_inst|altpll_component|auto_generated|pll1|clk[0] ; 100.000      ; -0.032     ; 20.597     ;
; 79.364 ; sc_cpu:cpu|sc_datapath:datapath|pc_reg[4] ; sc_cpu:cpu|sc_datapath:datapath|sc_regfile:regfile|regs~32  ; pll_inst|altpll_component|auto_generated|pll1|clk[0] ; pll_inst|altpll_component|auto_generated|pll1|clk[0] ; 100.000      ; -0.045     ; 20.578     ;
; 79.366 ; sc_cpu:cpu|sc_datapath:datapath|pc_reg[5] ; sc_cpu:cpu|sc_datapath:datapath|sc_regfile:regfile|regs~864 ; pll_inst|altpll_component|auto_generated|pll1|clk[0] ; pll_inst|altpll_component|auto_generated|pll1|clk[0] ; 100.000      ; -0.029     ; 20.592     ;
; 79.366 ; sc_cpu:cpu|sc_datapath:datapath|pc_reg[4] ; sc_cpu:cpu|sc_datapath:datapath|sc_regfile:regfile|regs~64  ; pll_inst|altpll_component|auto_generated|pll1|clk[0] ; pll_inst|altpll_component|auto_generated|pll1|clk[0] ; 100.000      ; -0.045     ; 20.576     ;
; 79.368 ; sc_cpu:cpu|sc_datapath:datapath|pc_reg[5] ; sc_cpu:cpu|sc_datapath:datapath|sc_regfile:regfile|regs~608 ; pll_inst|altpll_component|auto_generated|pll1|clk[0] ; pll_inst|altpll_component|auto_generated|pll1|clk[0] ; 100.000      ; -0.029     ; 20.590     ;
; 79.370 ; sc_cpu:cpu|sc_datapath:datapath|pc_reg[4] ; sc_cpu:cpu|sc_datapath:datapath|sc_regfile:regfile|regs~448 ; pll_inst|altpll_component|auto_generated|pll1|clk[0] ; pll_inst|altpll_component|auto_generated|pll1|clk[0] ; 100.000      ; -0.056     ; 20.561     ;
; 79.372 ; sc_cpu:cpu|sc_datapath:datapath|pc_reg[4] ; sc_cpu:cpu|sc_datapath:datapath|sc_regfile:regfile|regs~384 ; pll_inst|altpll_component|auto_generated|pll1|clk[0] ; pll_inst|altpll_component|auto_generated|pll1|clk[0] ; 100.000      ; -0.056     ; 20.559     ;
; 79.373 ; sc_cpu:cpu|sc_datapath:datapath|pc_reg[4] ; sc_cpu:cpu|sc_datapath:datapath|sc_regfile:regfile|regs~256 ; pll_inst|altpll_component|auto_generated|pll1|clk[0] ; pll_inst|altpll_component|auto_generated|pll1|clk[0] ; 100.000      ; -0.055     ; 20.559     ;
; 79.373 ; sc_cpu:cpu|sc_datapath:datapath|pc_reg[4] ; sc_cpu:cpu|sc_datapath:datapath|sc_regfile:regfile|regs~288 ; pll_inst|altpll_component|auto_generated|pll1|clk[0] ; pll_inst|altpll_component|auto_generated|pll1|clk[0] ; 100.000      ; -0.055     ; 20.559     ;
; 79.382 ; sc_cpu:cpu|sc_datapath:datapath|pc_reg[6] ; sc_cpu:cpu|sc_datapath:datapath|sc_regfile:regfile|regs~544 ; pll_inst|altpll_component|auto_generated|pll1|clk[0] ; pll_inst|altpll_component|auto_generated|pll1|clk[0] ; 100.000      ; -0.014     ; 20.591     ;
; 79.383 ; sc_cpu:cpu|sc_datapath:datapath|pc_reg[6] ; sc_cpu:cpu|sc_datapath:datapath|sc_regfile:regfile|regs~800 ; pll_inst|altpll_component|auto_generated|pll1|clk[0] ; pll_inst|altpll_component|auto_generated|pll1|clk[0] ; 100.000      ; -0.014     ; 20.590     ;
; 79.401 ; sc_cpu:cpu|sc_datapath:datapath|pc_reg[5] ; sc_cpu:cpu|sc_datapath:datapath|sc_regfile:regfile|regs~544 ; pll_inst|altpll_component|auto_generated|pll1|clk[0] ; pll_inst|altpll_component|auto_generated|pll1|clk[0] ; 100.000      ; -0.014     ; 20.572     ;
; 79.402 ; sc_cpu:cpu|sc_datapath:datapath|pc_reg[5] ; sc_cpu:cpu|sc_datapath:datapath|sc_regfile:regfile|regs~800 ; pll_inst|altpll_component|auto_generated|pll1|clk[0] ; pll_inst|altpll_component|auto_generated|pll1|clk[0] ; 100.000      ; -0.014     ; 20.571     ;
; 79.410 ; sc_cpu:cpu|sc_datapath:datapath|pc_reg[3] ; sc_cpu:cpu|sc_datapath:datapath|sc_regfile:regfile|regs~87  ; pll_inst|altpll_component|auto_generated|pll1|clk[0] ; pll_inst|altpll_component|auto_generated|pll1|clk[0] ; 100.000      ; -0.026     ; 20.551     ;
; 79.414 ; sc_cpu:cpu|sc_datapath:datapath|pc_reg[3] ; sc_cpu:cpu|sc_datapath:datapath|sc_regfile:regfile|regs~119 ; pll_inst|altpll_component|auto_generated|pll1|clk[0] ; pll_inst|altpll_component|auto_generated|pll1|clk[0] ; 100.000      ; -0.026     ; 20.547     ;
; 79.430 ; sc_cpu:cpu|sc_datapath:datapath|pc_reg[6] ; sc_cpu:cpu|sc_datapath:datapath|sc_regfile:regfile|regs~672 ; pll_inst|altpll_component|auto_generated|pll1|clk[0] ; pll_inst|altpll_component|auto_generated|pll1|clk[0] ; 100.000      ; -0.013     ; 20.544     ;
; 79.431 ; sc_cpu:cpu|sc_datapath:datapath|pc_reg[3] ; sc_cpu:cpu|sc_datapath:datapath|sc_regfile:regfile|regs~896 ; pll_inst|altpll_component|auto_generated|pll1|clk[0] ; pll_inst|altpll_component|auto_generated|pll1|clk[0] ; 100.000      ; -0.042     ; 20.514     ;
; 79.431 ; sc_cpu:cpu|sc_datapath:datapath|pc_reg[6] ; sc_cpu:cpu|sc_datapath:datapath|sc_regfile:regfile|regs~928 ; pll_inst|altpll_component|auto_generated|pll1|clk[0] ; pll_inst|altpll_component|auto_generated|pll1|clk[0] ; 100.000      ; -0.013     ; 20.543     ;
; 79.436 ; sc_cpu:cpu|sc_datapath:datapath|pc_reg[3] ; sc_cpu:cpu|sc_datapath:datapath|sc_regfile:regfile|regs~55  ; pll_inst|altpll_component|auto_generated|pll1|clk[0] ; pll_inst|altpll_component|auto_generated|pll1|clk[0] ; 100.000      ; -0.031     ; 20.520     ;
; 79.448 ; sc_cpu:cpu|sc_datapath:datapath|pc_reg[3] ; sc_cpu:cpu|sc_datapath:datapath|sc_regfile:regfile|regs~293 ; pll_inst|altpll_component|auto_generated|pll1|clk[0] ; pll_inst|altpll_component|auto_generated|pll1|clk[0] ; 100.000      ; -0.034     ; 20.505     ;
; 79.449 ; sc_cpu:cpu|sc_datapath:datapath|pc_reg[3] ; sc_cpu:cpu|sc_datapath:datapath|sc_regfile:regfile|regs~453 ; pll_inst|altpll_component|auto_generated|pll1|clk[0] ; pll_inst|altpll_component|auto_generated|pll1|clk[0] ; 100.000      ; -0.034     ; 20.504     ;
; 79.449 ; sc_cpu:cpu|sc_datapath:datapath|pc_reg[5] ; sc_cpu:cpu|sc_datapath:datapath|sc_regfile:regfile|regs~672 ; pll_inst|altpll_component|auto_generated|pll1|clk[0] ; pll_inst|altpll_component|auto_generated|pll1|clk[0] ; 100.000      ; -0.013     ; 20.525     ;
; 79.450 ; sc_cpu:cpu|sc_datapath:datapath|pc_reg[5] ; sc_cpu:cpu|sc_datapath:datapath|sc_regfile:regfile|regs~928 ; pll_inst|altpll_component|auto_generated|pll1|clk[0] ; pll_inst|altpll_component|auto_generated|pll1|clk[0] ; 100.000      ; -0.013     ; 20.524     ;
; 79.452 ; sc_cpu:cpu|sc_datapath:datapath|pc_reg[4] ; sc_cpu:cpu|sc_datapath:datapath|sc_regfile:regfile|regs~5   ; pll_inst|altpll_component|auto_generated|pll1|clk[0] ; pll_inst|altpll_component|auto_generated|pll1|clk[0] ; 100.000      ; -0.038     ; 20.497     ;
; 79.454 ; sc_cpu:cpu|sc_datapath:datapath|pc_reg[4] ; sc_cpu:cpu|sc_datapath:datapath|sc_regfile:regfile|regs~37  ; pll_inst|altpll_component|auto_generated|pll1|clk[0] ; pll_inst|altpll_component|auto_generated|pll1|clk[0] ; 100.000      ; -0.038     ; 20.495     ;
; 79.463 ; sc_cpu:cpu|sc_datapath:datapath|pc_reg[6] ; sc_cpu:cpu|sc_datapath:datapath|sc_regfile:regfile|regs~9   ; pll_inst|altpll_component|auto_generated|pll1|clk[0] ; pll_inst|altpll_component|auto_generated|pll1|clk[0] ; 100.000      ; -0.031     ; 20.493     ;
; 79.466 ; sc_cpu:cpu|sc_datapath:datapath|pc_reg[6] ; sc_cpu:cpu|sc_datapath:datapath|sc_regfile:regfile|regs~41  ; pll_inst|altpll_component|auto_generated|pll1|clk[0] ; pll_inst|altpll_component|auto_generated|pll1|clk[0] ; 100.000      ; -0.031     ; 20.490     ;
; 79.468 ; sc_cpu:cpu|sc_datapath:datapath|pc_reg[6] ; sc_cpu:cpu|sc_datapath:datapath|sc_regfile:regfile|regs~128 ; pll_inst|altpll_component|auto_generated|pll1|clk[0] ; pll_inst|altpll_component|auto_generated|pll1|clk[0] ; 100.000      ; -0.059     ; 20.460     ;
; 79.469 ; sc_cpu:cpu|sc_datapath:datapath|pc_reg[6] ; sc_cpu:cpu|sc_datapath:datapath|sc_regfile:regfile|regs~160 ; pll_inst|altpll_component|auto_generated|pll1|clk[0] ; pll_inst|altpll_component|auto_generated|pll1|clk[0] ; 100.000      ; -0.059     ; 20.459     ;
; 79.476 ; sc_cpu:cpu|sc_datapath:datapath|pc_reg[6] ; sc_cpu:cpu|sc_datapath:datapath|sc_regfile:regfile|regs~768 ; pll_inst|altpll_component|auto_generated|pll1|clk[0] ; pll_inst|altpll_component|auto_generated|pll1|clk[0] ; 100.000      ; -0.030     ; 20.481     ;
; 79.476 ; sc_cpu:cpu|sc_datapath:datapath|pc_reg[6] ; sc_cpu:cpu|sc_datapath:datapath|sc_regfile:regfile|regs~512 ; pll_inst|altpll_component|auto_generated|pll1|clk[0] ; pll_inst|altpll_component|auto_generated|pll1|clk[0] ; 100.000      ; -0.030     ; 20.481     ;
; 79.479 ; sc_cpu:cpu|sc_datapath:datapath|pc_reg[6] ; sc_cpu:cpu|sc_datapath:datapath|sc_regfile:regfile|regs~0   ; pll_inst|altpll_component|auto_generated|pll1|clk[0] ; pll_inst|altpll_component|auto_generated|pll1|clk[0] ; 100.000      ; -0.044     ; 20.464     ;
; 79.480 ; sc_cpu:cpu|sc_datapath:datapath|pc_reg[3] ; sc_cpu:cpu|sc_datapath:datapath|sc_regfile:regfile|regs~308 ; pll_inst|altpll_component|auto_generated|pll1|clk[0] ; pll_inst|altpll_component|auto_generated|pll1|clk[0] ; 100.000      ; -0.047     ; 20.460     ;
; 79.481 ; sc_cpu:cpu|sc_datapath:datapath|pc_reg[6] ; sc_cpu:cpu|sc_datapath:datapath|sc_regfile:regfile|regs~96  ; pll_inst|altpll_component|auto_generated|pll1|clk[0] ; pll_inst|altpll_component|auto_generated|pll1|clk[0] ; 100.000      ; -0.044     ; 20.462     ;
; 79.482 ; sc_cpu:cpu|sc_datapath:datapath|pc_reg[5] ; sc_cpu:cpu|sc_datapath:datapath|sc_regfile:regfile|regs~9   ; pll_inst|altpll_component|auto_generated|pll1|clk[0] ; pll_inst|altpll_component|auto_generated|pll1|clk[0] ; 100.000      ; -0.031     ; 20.474     ;
; 79.484 ; sc_cpu:cpu|sc_datapath:datapath|pc_reg[3] ; sc_cpu:cpu|sc_datapath:datapath|sc_regfile:regfile|regs~197 ; pll_inst|altpll_component|auto_generated|pll1|clk[0] ; pll_inst|altpll_component|auto_generated|pll1|clk[0] ; 100.000      ; -0.044     ; 20.459     ;
; 79.484 ; sc_cpu:cpu|sc_datapath:datapath|pc_reg[3] ; sc_cpu:cpu|sc_datapath:datapath|sc_regfile:regfile|regs~165 ; pll_inst|altpll_component|auto_generated|pll1|clk[0] ; pll_inst|altpll_component|auto_generated|pll1|clk[0] ; 100.000      ; -0.044     ; 20.459     ;
; 79.484 ; sc_cpu:cpu|sc_datapath:datapath|pc_reg[3] ; sc_cpu:cpu|sc_datapath:datapath|sc_regfile:regfile|regs~276 ; pll_inst|altpll_component|auto_generated|pll1|clk[0] ; pll_inst|altpll_component|auto_generated|pll1|clk[0] ; 100.000      ; -0.047     ; 20.456     ;
; 79.485 ; sc_cpu:cpu|sc_datapath:datapath|pc_reg[5] ; sc_cpu:cpu|sc_datapath:datapath|sc_regfile:regfile|regs~41  ; pll_inst|altpll_component|auto_generated|pll1|clk[0] ; pll_inst|altpll_component|auto_generated|pll1|clk[0] ; 100.000      ; -0.031     ; 20.471     ;
; 79.486 ; sc_cpu:cpu|sc_datapath:datapath|pc_reg[3] ; sc_cpu:cpu|sc_datapath:datapath|sc_regfile:regfile|regs~229 ; pll_inst|altpll_component|auto_generated|pll1|clk[0] ; pll_inst|altpll_component|auto_generated|pll1|clk[0] ; 100.000      ; -0.043     ; 20.458     ;
; 79.487 ; sc_cpu:cpu|sc_datapath:datapath|pc_reg[8] ; sc_cpu:cpu|sc_datapath:datapath|sc_regfile:regfile|regs~960 ; pll_inst|altpll_component|auto_generated|pll1|clk[0] ; pll_inst|altpll_component|auto_generated|pll1|clk[0] ; 100.000      ; -0.036     ; 20.464     ;
; 79.487 ; sc_cpu:cpu|sc_datapath:datapath|pc_reg[5] ; sc_cpu:cpu|sc_datapath:datapath|sc_regfile:regfile|regs~128 ; pll_inst|altpll_component|auto_generated|pll1|clk[0] ; pll_inst|altpll_component|auto_generated|pll1|clk[0] ; 100.000      ; -0.059     ; 20.441     ;
; 79.487 ; sc_cpu:cpu|sc_datapath:datapath|pc_reg[4] ; sc_cpu:cpu|sc_datapath:datapath|sc_regfile:regfile|regs~480 ; pll_inst|altpll_component|auto_generated|pll1|clk[0] ; pll_inst|altpll_component|auto_generated|pll1|clk[0] ; 100.000      ; -0.054     ; 20.446     ;
+--------+-------------------------------------------+-------------------------------------------------------------+------------------------------------------------------+------------------------------------------------------+--------------+------------+------------+


+--------------------------------------------------------------------------------------------------------------------------------------------------------------------------------------------------------------------------------------------------------+
; Fast 1200mV 0C Model Hold: 'pll_inst|altpll_component|auto_generated|pll1|clk[0]'                                                                                                                                                                      ;
+-------+--------------------------------------------+--------------------------------------------+------------------------------------------------------+------------------------------------------------------+--------------+------------+------------+
; Slack ; From Node                                  ; To Node                                    ; Launch Clock                                         ; Latch Clock                                          ; Relationship ; Clock Skew ; Data Delay ;
+-------+--------------------------------------------+--------------------------------------------+------------------------------------------------------+------------------------------------------------------+--------------+------------+------------+
; 0.213 ; sc_cpu:cpu|sc_datapath:datapath|pc_reg[31] ; sc_cpu:cpu|sc_datapath:datapath|pc_reg[31] ; pll_inst|altpll_component|auto_generated|pll1|clk[0] ; pll_inst|altpll_component|auto_generated|pll1|clk[0] ; 0.000        ; 0.039      ; 0.336      ;
; 0.301 ; sc_cpu:cpu|sc_datapath:datapath|pc_reg[16] ; sc_cpu:cpu|sc_datapath:datapath|pc_reg[16] ; pll_inst|altpll_component|auto_generated|pll1|clk[0] ; pll_inst|altpll_component|auto_generated|pll1|clk[0] ; 0.000        ; 0.039      ; 0.424      ;
; 0.301 ; sc_cpu:cpu|sc_datapath:datapath|pc_reg[7]  ; sc_cpu:cpu|sc_datapath:datapath|pc_reg[7]  ; pll_inst|altpll_component|auto_generated|pll1|clk[0] ; pll_inst|altpll_component|auto_generated|pll1|clk[0] ; 0.000        ; 0.039      ; 0.424      ;
; 0.302 ; sc_cpu:cpu|sc_datapath:datapath|pc_reg[23] ; sc_cpu:cpu|sc_datapath:datapath|pc_reg[23] ; pll_inst|altpll_component|auto_generated|pll1|clk[0] ; pll_inst|altpll_component|auto_generated|pll1|clk[0] ; 0.000        ; 0.039      ; 0.425      ;
; 0.302 ; sc_cpu:cpu|sc_datapath:datapath|pc_reg[9]  ; sc_cpu:cpu|sc_datapath:datapath|pc_reg[9]  ; pll_inst|altpll_component|auto_generated|pll1|clk[0] ; pll_inst|altpll_component|auto_generated|pll1|clk[0] ; 0.000        ; 0.039      ; 0.425      ;
; 0.302 ; sc_cpu:cpu|sc_datapath:datapath|pc_reg[3]  ; sc_cpu:cpu|sc_datapath:datapath|pc_reg[3]  ; pll_inst|altpll_component|auto_generated|pll1|clk[0] ; pll_inst|altpll_component|auto_generated|pll1|clk[0] ; 0.000        ; 0.039      ; 0.425      ;
; 0.302 ; sc_cpu:cpu|sc_datapath:datapath|pc_reg[1]  ; sc_cpu:cpu|sc_datapath:datapath|pc_reg[1]  ; pll_inst|altpll_component|auto_generated|pll1|clk[0] ; pll_inst|altpll_component|auto_generated|pll1|clk[0] ; 0.000        ; 0.039      ; 0.425      ;
; 0.303 ; sc_cpu:cpu|sc_datapath:datapath|pc_reg[30] ; sc_cpu:cpu|sc_datapath:datapath|pc_reg[30] ; pll_inst|altpll_component|auto_generated|pll1|clk[0] ; pll_inst|altpll_component|auto_generated|pll1|clk[0] ; 0.000        ; 0.039      ; 0.426      ;
; 0.303 ; sc_cpu:cpu|sc_datapath:datapath|pc_reg[28] ; sc_cpu:cpu|sc_datapath:datapath|pc_reg[28] ; pll_inst|altpll_component|auto_generated|pll1|clk[0] ; pll_inst|altpll_component|auto_generated|pll1|clk[0] ; 0.000        ; 0.039      ; 0.426      ;
; 0.303 ; sc_cpu:cpu|sc_datapath:datapath|pc_reg[25] ; sc_cpu:cpu|sc_datapath:datapath|pc_reg[25] ; pll_inst|altpll_component|auto_generated|pll1|clk[0] ; pll_inst|altpll_component|auto_generated|pll1|clk[0] ; 0.000        ; 0.039      ; 0.426      ;
; 0.303 ; sc_cpu:cpu|sc_datapath:datapath|pc_reg[21] ; sc_cpu:cpu|sc_datapath:datapath|pc_reg[21] ; pll_inst|altpll_component|auto_generated|pll1|clk[0] ; pll_inst|altpll_component|auto_generated|pll1|clk[0] ; 0.000        ; 0.039      ; 0.426      ;
; 0.303 ; sc_cpu:cpu|sc_datapath:datapath|pc_reg[18] ; sc_cpu:cpu|sc_datapath:datapath|pc_reg[18] ; pll_inst|altpll_component|auto_generated|pll1|clk[0] ; pll_inst|altpll_component|auto_generated|pll1|clk[0] ; 0.000        ; 0.039      ; 0.426      ;
; 0.303 ; sc_cpu:cpu|sc_datapath:datapath|pc_reg[13] ; sc_cpu:cpu|sc_datapath:datapath|pc_reg[13] ; pll_inst|altpll_component|auto_generated|pll1|clk[0] ; pll_inst|altpll_component|auto_generated|pll1|clk[0] ; 0.000        ; 0.039      ; 0.426      ;
; 0.303 ; sc_cpu:cpu|sc_datapath:datapath|pc_reg[11] ; sc_cpu:cpu|sc_datapath:datapath|pc_reg[11] ; pll_inst|altpll_component|auto_generated|pll1|clk[0] ; pll_inst|altpll_component|auto_generated|pll1|clk[0] ; 0.000        ; 0.039      ; 0.426      ;
; 0.303 ; sc_cpu:cpu|sc_datapath:datapath|pc_reg[5]  ; sc_cpu:cpu|sc_datapath:datapath|pc_reg[5]  ; pll_inst|altpll_component|auto_generated|pll1|clk[0] ; pll_inst|altpll_component|auto_generated|pll1|clk[0] ; 0.000        ; 0.039      ; 0.426      ;
; 0.303 ; sc_cpu:cpu|sc_datapath:datapath|pc_reg[8]  ; sc_cpu:cpu|sc_datapath:datapath|pc_reg[8]  ; pll_inst|altpll_component|auto_generated|pll1|clk[0] ; pll_inst|altpll_component|auto_generated|pll1|clk[0] ; 0.000        ; 0.039      ; 0.426      ;
; 0.304 ; sc_cpu:cpu|sc_datapath:datapath|pc_reg[29] ; sc_cpu:cpu|sc_datapath:datapath|pc_reg[29] ; pll_inst|altpll_component|auto_generated|pll1|clk[0] ; pll_inst|altpll_component|auto_generated|pll1|clk[0] ; 0.000        ; 0.039      ; 0.427      ;
; 0.304 ; sc_cpu:cpu|sc_datapath:datapath|pc_reg[27] ; sc_cpu:cpu|sc_datapath:datapath|pc_reg[27] ; pll_inst|altpll_component|auto_generated|pll1|clk[0] ; pll_inst|altpll_component|auto_generated|pll1|clk[0] ; 0.000        ; 0.039      ; 0.427      ;
; 0.304 ; sc_cpu:cpu|sc_datapath:datapath|pc_reg[10] ; sc_cpu:cpu|sc_datapath:datapath|pc_reg[10] ; pll_inst|altpll_component|auto_generated|pll1|clk[0] ; pll_inst|altpll_component|auto_generated|pll1|clk[0] ; 0.000        ; 0.039      ; 0.427      ;
; 0.307 ; sc_cpu:cpu|sc_datapath:datapath|pc_reg[0]  ; sc_cpu:cpu|sc_datapath:datapath|pc_reg[0]  ; pll_inst|altpll_component|auto_generated|pll1|clk[0] ; pll_inst|altpll_component|auto_generated|pll1|clk[0] ; 0.000        ; 0.039      ; 0.430      ;
; 0.313 ; sc_cpu:cpu|sc_datapath:datapath|pc_reg[17] ; sc_cpu:cpu|sc_datapath:datapath|pc_reg[17] ; pll_inst|altpll_component|auto_generated|pll1|clk[0] ; pll_inst|altpll_component|auto_generated|pll1|clk[0] ; 0.000        ; 0.039      ; 0.436      ;
; 0.314 ; sc_cpu:cpu|sc_datapath:datapath|pc_reg[20] ; sc_cpu:cpu|sc_datapath:datapath|pc_reg[20] ; pll_inst|altpll_component|auto_generated|pll1|clk[0] ; pll_inst|altpll_component|auto_generated|pll1|clk[0] ; 0.000        ; 0.039      ; 0.437      ;
; 0.314 ; sc_cpu:cpu|sc_datapath:datapath|pc_reg[19] ; sc_cpu:cpu|sc_datapath:datapath|pc_reg[19] ; pll_inst|altpll_component|auto_generated|pll1|clk[0] ; pll_inst|altpll_component|auto_generated|pll1|clk[0] ; 0.000        ; 0.039      ; 0.437      ;
; 0.314 ; sc_cpu:cpu|sc_datapath:datapath|pc_reg[15] ; sc_cpu:cpu|sc_datapath:datapath|pc_reg[15] ; pll_inst|altpll_component|auto_generated|pll1|clk[0] ; pll_inst|altpll_component|auto_generated|pll1|clk[0] ; 0.000        ; 0.039      ; 0.437      ;
; 0.314 ; sc_cpu:cpu|sc_datapath:datapath|pc_reg[14] ; sc_cpu:cpu|sc_datapath:datapath|pc_reg[14] ; pll_inst|altpll_component|auto_generated|pll1|clk[0] ; pll_inst|altpll_component|auto_generated|pll1|clk[0] ; 0.000        ; 0.039      ; 0.437      ;
; 0.314 ; sc_cpu:cpu|sc_datapath:datapath|pc_reg[12] ; sc_cpu:cpu|sc_datapath:datapath|pc_reg[12] ; pll_inst|altpll_component|auto_generated|pll1|clk[0] ; pll_inst|altpll_component|auto_generated|pll1|clk[0] ; 0.000        ; 0.039      ; 0.437      ;
; 0.314 ; sc_cpu:cpu|sc_datapath:datapath|pc_reg[2]  ; sc_cpu:cpu|sc_datapath:datapath|pc_reg[2]  ; pll_inst|altpll_component|auto_generated|pll1|clk[0] ; pll_inst|altpll_component|auto_generated|pll1|clk[0] ; 0.000        ; 0.039      ; 0.437      ;
; 0.314 ; sc_cpu:cpu|sc_datapath:datapath|pc_reg[4]  ; sc_cpu:cpu|sc_datapath:datapath|pc_reg[4]  ; pll_inst|altpll_component|auto_generated|pll1|clk[0] ; pll_inst|altpll_component|auto_generated|pll1|clk[0] ; 0.000        ; 0.039      ; 0.437      ;
; 0.314 ; sc_cpu:cpu|sc_datapath:datapath|pc_reg[6]  ; sc_cpu:cpu|sc_datapath:datapath|pc_reg[6]  ; pll_inst|altpll_component|auto_generated|pll1|clk[0] ; pll_inst|altpll_component|auto_generated|pll1|clk[0] ; 0.000        ; 0.039      ; 0.437      ;
; 0.315 ; sc_cpu:cpu|sc_datapath:datapath|pc_reg[22] ; sc_cpu:cpu|sc_datapath:datapath|pc_reg[22] ; pll_inst|altpll_component|auto_generated|pll1|clk[0] ; pll_inst|altpll_component|auto_generated|pll1|clk[0] ; 0.000        ; 0.039      ; 0.438      ;
; 0.316 ; sc_cpu:cpu|sc_datapath:datapath|pc_reg[26] ; sc_cpu:cpu|sc_datapath:datapath|pc_reg[26] ; pll_inst|altpll_component|auto_generated|pll1|clk[0] ; pll_inst|altpll_component|auto_generated|pll1|clk[0] ; 0.000        ; 0.039      ; 0.439      ;
; 0.316 ; sc_cpu:cpu|sc_datapath:datapath|pc_reg[24] ; sc_cpu:cpu|sc_datapath:datapath|pc_reg[24] ; pll_inst|altpll_component|auto_generated|pll1|clk[0] ; pll_inst|altpll_component|auto_generated|pll1|clk[0] ; 0.000        ; 0.039      ; 0.439      ;
; 0.450 ; sc_cpu:cpu|sc_datapath:datapath|pc_reg[7]  ; sc_cpu:cpu|sc_datapath:datapath|pc_reg[8]  ; pll_inst|altpll_component|auto_generated|pll1|clk[0] ; pll_inst|altpll_component|auto_generated|pll1|clk[0] ; 0.000        ; 0.039      ; 0.573      ;
; 0.451 ; sc_cpu:cpu|sc_datapath:datapath|pc_reg[9]  ; sc_cpu:cpu|sc_datapath:datapath|pc_reg[10] ; pll_inst|altpll_component|auto_generated|pll1|clk[0] ; pll_inst|altpll_component|auto_generated|pll1|clk[0] ; 0.000        ; 0.039      ; 0.574      ;
; 0.451 ; sc_cpu:cpu|sc_datapath:datapath|pc_reg[3]  ; sc_cpu:cpu|sc_datapath:datapath|pc_reg[4]  ; pll_inst|altpll_component|auto_generated|pll1|clk[0] ; pll_inst|altpll_component|auto_generated|pll1|clk[0] ; 0.000        ; 0.039      ; 0.574      ;
; 0.451 ; sc_cpu:cpu|sc_datapath:datapath|pc_reg[23] ; sc_cpu:cpu|sc_datapath:datapath|pc_reg[24] ; pll_inst|altpll_component|auto_generated|pll1|clk[0] ; pll_inst|altpll_component|auto_generated|pll1|clk[0] ; 0.000        ; 0.039      ; 0.574      ;
; 0.452 ; sc_cpu:cpu|sc_datapath:datapath|pc_reg[13] ; sc_cpu:cpu|sc_datapath:datapath|pc_reg[14] ; pll_inst|altpll_component|auto_generated|pll1|clk[0] ; pll_inst|altpll_component|auto_generated|pll1|clk[0] ; 0.000        ; 0.039      ; 0.575      ;
; 0.452 ; sc_cpu:cpu|sc_datapath:datapath|pc_reg[11] ; sc_cpu:cpu|sc_datapath:datapath|pc_reg[12] ; pll_inst|altpll_component|auto_generated|pll1|clk[0] ; pll_inst|altpll_component|auto_generated|pll1|clk[0] ; 0.000        ; 0.039      ; 0.575      ;
; 0.452 ; sc_cpu:cpu|sc_datapath:datapath|pc_reg[5]  ; sc_cpu:cpu|sc_datapath:datapath|pc_reg[6]  ; pll_inst|altpll_component|auto_generated|pll1|clk[0] ; pll_inst|altpll_component|auto_generated|pll1|clk[0] ; 0.000        ; 0.039      ; 0.575      ;
; 0.452 ; sc_cpu:cpu|sc_datapath:datapath|pc_reg[21] ; sc_cpu:cpu|sc_datapath:datapath|pc_reg[22] ; pll_inst|altpll_component|auto_generated|pll1|clk[0] ; pll_inst|altpll_component|auto_generated|pll1|clk[0] ; 0.000        ; 0.039      ; 0.575      ;
; 0.452 ; sc_cpu:cpu|sc_datapath:datapath|pc_reg[25] ; sc_cpu:cpu|sc_datapath:datapath|pc_reg[26] ; pll_inst|altpll_component|auto_generated|pll1|clk[0] ; pll_inst|altpll_component|auto_generated|pll1|clk[0] ; 0.000        ; 0.039      ; 0.575      ;
; 0.453 ; sc_cpu:cpu|sc_datapath:datapath|pc_reg[29] ; sc_cpu:cpu|sc_datapath:datapath|pc_reg[30] ; pll_inst|altpll_component|auto_generated|pll1|clk[0] ; pll_inst|altpll_component|auto_generated|pll1|clk[0] ; 0.000        ; 0.039      ; 0.576      ;
; 0.453 ; sc_cpu:cpu|sc_datapath:datapath|pc_reg[27] ; sc_cpu:cpu|sc_datapath:datapath|pc_reg[28] ; pll_inst|altpll_component|auto_generated|pll1|clk[0] ; pll_inst|altpll_component|auto_generated|pll1|clk[0] ; 0.000        ; 0.039      ; 0.576      ;
; 0.460 ; sc_cpu:cpu|sc_datapath:datapath|pc_reg[0]  ; sc_cpu:cpu|sc_datapath:datapath|pc_reg[1]  ; pll_inst|altpll_component|auto_generated|pll1|clk[0] ; pll_inst|altpll_component|auto_generated|pll1|clk[0] ; 0.000        ; 0.039      ; 0.583      ;
; 0.461 ; sc_cpu:cpu|sc_datapath:datapath|pc_reg[30] ; sc_cpu:cpu|sc_datapath:datapath|pc_reg[31] ; pll_inst|altpll_component|auto_generated|pll1|clk[0] ; pll_inst|altpll_component|auto_generated|pll1|clk[0] ; 0.000        ; 0.039      ; 0.584      ;
; 0.461 ; sc_cpu:cpu|sc_datapath:datapath|pc_reg[8]  ; sc_cpu:cpu|sc_datapath:datapath|pc_reg[9]  ; pll_inst|altpll_component|auto_generated|pll1|clk[0] ; pll_inst|altpll_component|auto_generated|pll1|clk[0] ; 0.000        ; 0.039      ; 0.584      ;
; 0.461 ; sc_cpu:cpu|sc_datapath:datapath|pc_reg[2]  ; sc_cpu:cpu|sc_datapath:datapath|pc_reg[3]  ; pll_inst|altpll_component|auto_generated|pll1|clk[0] ; pll_inst|altpll_component|auto_generated|pll1|clk[0] ; 0.000        ; 0.039      ; 0.584      ;
; 0.461 ; sc_cpu:cpu|sc_datapath:datapath|pc_reg[28] ; sc_cpu:cpu|sc_datapath:datapath|pc_reg[29] ; pll_inst|altpll_component|auto_generated|pll1|clk[0] ; pll_inst|altpll_component|auto_generated|pll1|clk[0] ; 0.000        ; 0.039      ; 0.584      ;
; 0.461 ; sc_cpu:cpu|sc_datapath:datapath|pc_reg[18] ; sc_cpu:cpu|sc_datapath:datapath|pc_reg[19] ; pll_inst|altpll_component|auto_generated|pll1|clk[0] ; pll_inst|altpll_component|auto_generated|pll1|clk[0] ; 0.000        ; 0.039      ; 0.584      ;
; 0.462 ; sc_cpu:cpu|sc_datapath:datapath|pc_reg[17] ; sc_cpu:cpu|sc_datapath:datapath|pc_reg[18] ; pll_inst|altpll_component|auto_generated|pll1|clk[0] ; pll_inst|altpll_component|auto_generated|pll1|clk[0] ; 0.000        ; 0.039      ; 0.585      ;
; 0.462 ; sc_cpu:cpu|sc_datapath:datapath|pc_reg[10] ; sc_cpu:cpu|sc_datapath:datapath|pc_reg[11] ; pll_inst|altpll_component|auto_generated|pll1|clk[0] ; pll_inst|altpll_component|auto_generated|pll1|clk[0] ; 0.000        ; 0.039      ; 0.585      ;
; 0.463 ; sc_cpu:cpu|sc_datapath:datapath|pc_reg[15] ; sc_cpu:cpu|sc_datapath:datapath|pc_reg[16] ; pll_inst|altpll_component|auto_generated|pll1|clk[0] ; pll_inst|altpll_component|auto_generated|pll1|clk[0] ; 0.000        ; 0.039      ; 0.586      ;
; 0.463 ; sc_cpu:cpu|sc_datapath:datapath|pc_reg[19] ; sc_cpu:cpu|sc_datapath:datapath|pc_reg[20] ; pll_inst|altpll_component|auto_generated|pll1|clk[0] ; pll_inst|altpll_component|auto_generated|pll1|clk[0] ; 0.000        ; 0.039      ; 0.586      ;
; 0.464 ; sc_cpu:cpu|sc_datapath:datapath|pc_reg[8]  ; sc_cpu:cpu|sc_datapath:datapath|pc_reg[10] ; pll_inst|altpll_component|auto_generated|pll1|clk[0] ; pll_inst|altpll_component|auto_generated|pll1|clk[0] ; 0.000        ; 0.039      ; 0.587      ;
; 0.464 ; sc_cpu:cpu|sc_datapath:datapath|pc_reg[2]  ; sc_cpu:cpu|sc_datapath:datapath|pc_reg[4]  ; pll_inst|altpll_component|auto_generated|pll1|clk[0] ; pll_inst|altpll_component|auto_generated|pll1|clk[0] ; 0.000        ; 0.039      ; 0.587      ;
; 0.464 ; sc_cpu:cpu|sc_datapath:datapath|pc_reg[28] ; sc_cpu:cpu|sc_datapath:datapath|pc_reg[30] ; pll_inst|altpll_component|auto_generated|pll1|clk[0] ; pll_inst|altpll_component|auto_generated|pll1|clk[0] ; 0.000        ; 0.039      ; 0.587      ;
; 0.464 ; sc_cpu:cpu|sc_datapath:datapath|pc_reg[18] ; sc_cpu:cpu|sc_datapath:datapath|pc_reg[20] ; pll_inst|altpll_component|auto_generated|pll1|clk[0] ; pll_inst|altpll_component|auto_generated|pll1|clk[0] ; 0.000        ; 0.039      ; 0.587      ;
; 0.465 ; sc_cpu:cpu|sc_datapath:datapath|pc_reg[10] ; sc_cpu:cpu|sc_datapath:datapath|pc_reg[12] ; pll_inst|altpll_component|auto_generated|pll1|clk[0] ; pll_inst|altpll_component|auto_generated|pll1|clk[0] ; 0.000        ; 0.039      ; 0.588      ;
; 0.466 ; sc_cpu:cpu|sc_datapath:datapath|pc_reg[16] ; sc_cpu:cpu|sc_datapath:datapath|pc_reg[17] ; pll_inst|altpll_component|auto_generated|pll1|clk[0] ; pll_inst|altpll_component|auto_generated|pll1|clk[0] ; 0.000        ; 0.032      ; 0.582      ;
; 0.469 ; sc_cpu:cpu|sc_datapath:datapath|pc_reg[16] ; sc_cpu:cpu|sc_datapath:datapath|pc_reg[18] ; pll_inst|altpll_component|auto_generated|pll1|clk[0] ; pll_inst|altpll_component|auto_generated|pll1|clk[0] ; 0.000        ; 0.032      ; 0.585      ;
; 0.472 ; sc_cpu:cpu|sc_datapath:datapath|pc_reg[6]  ; sc_cpu:cpu|sc_datapath:datapath|pc_reg[7]  ; pll_inst|altpll_component|auto_generated|pll1|clk[0] ; pll_inst|altpll_component|auto_generated|pll1|clk[0] ; 0.000        ; 0.039      ; 0.595      ;
; 0.472 ; sc_cpu:cpu|sc_datapath:datapath|pc_reg[20] ; sc_cpu:cpu|sc_datapath:datapath|pc_reg[21] ; pll_inst|altpll_component|auto_generated|pll1|clk[0] ; pll_inst|altpll_component|auto_generated|pll1|clk[0] ; 0.000        ; 0.039      ; 0.595      ;
; 0.472 ; sc_cpu:cpu|sc_datapath:datapath|pc_reg[12] ; sc_cpu:cpu|sc_datapath:datapath|pc_reg[13] ; pll_inst|altpll_component|auto_generated|pll1|clk[0] ; pll_inst|altpll_component|auto_generated|pll1|clk[0] ; 0.000        ; 0.039      ; 0.595      ;
; 0.472 ; sc_cpu:cpu|sc_datapath:datapath|pc_reg[4]  ; sc_cpu:cpu|sc_datapath:datapath|pc_reg[5]  ; pll_inst|altpll_component|auto_generated|pll1|clk[0] ; pll_inst|altpll_component|auto_generated|pll1|clk[0] ; 0.000        ; 0.039      ; 0.595      ;
; 0.472 ; sc_cpu:cpu|sc_datapath:datapath|pc_reg[14] ; sc_cpu:cpu|sc_datapath:datapath|pc_reg[15] ; pll_inst|altpll_component|auto_generated|pll1|clk[0] ; pll_inst|altpll_component|auto_generated|pll1|clk[0] ; 0.000        ; 0.039      ; 0.595      ;
; 0.473 ; sc_cpu:cpu|sc_datapath:datapath|pc_reg[22] ; sc_cpu:cpu|sc_datapath:datapath|pc_reg[23] ; pll_inst|altpll_component|auto_generated|pll1|clk[0] ; pll_inst|altpll_component|auto_generated|pll1|clk[0] ; 0.000        ; 0.039      ; 0.596      ;
; 0.474 ; sc_cpu:cpu|sc_datapath:datapath|pc_reg[24] ; sc_cpu:cpu|sc_datapath:datapath|pc_reg[25] ; pll_inst|altpll_component|auto_generated|pll1|clk[0] ; pll_inst|altpll_component|auto_generated|pll1|clk[0] ; 0.000        ; 0.039      ; 0.597      ;
; 0.474 ; sc_cpu:cpu|sc_datapath:datapath|pc_reg[26] ; sc_cpu:cpu|sc_datapath:datapath|pc_reg[27] ; pll_inst|altpll_component|auto_generated|pll1|clk[0] ; pll_inst|altpll_component|auto_generated|pll1|clk[0] ; 0.000        ; 0.039      ; 0.597      ;
; 0.475 ; sc_cpu:cpu|sc_datapath:datapath|pc_reg[6]  ; sc_cpu:cpu|sc_datapath:datapath|pc_reg[8]  ; pll_inst|altpll_component|auto_generated|pll1|clk[0] ; pll_inst|altpll_component|auto_generated|pll1|clk[0] ; 0.000        ; 0.039      ; 0.598      ;
; 0.475 ; sc_cpu:cpu|sc_datapath:datapath|pc_reg[12] ; sc_cpu:cpu|sc_datapath:datapath|pc_reg[14] ; pll_inst|altpll_component|auto_generated|pll1|clk[0] ; pll_inst|altpll_component|auto_generated|pll1|clk[0] ; 0.000        ; 0.039      ; 0.598      ;
; 0.475 ; sc_cpu:cpu|sc_datapath:datapath|pc_reg[4]  ; sc_cpu:cpu|sc_datapath:datapath|pc_reg[6]  ; pll_inst|altpll_component|auto_generated|pll1|clk[0] ; pll_inst|altpll_component|auto_generated|pll1|clk[0] ; 0.000        ; 0.039      ; 0.598      ;
; 0.475 ; sc_cpu:cpu|sc_datapath:datapath|pc_reg[20] ; sc_cpu:cpu|sc_datapath:datapath|pc_reg[22] ; pll_inst|altpll_component|auto_generated|pll1|clk[0] ; pll_inst|altpll_component|auto_generated|pll1|clk[0] ; 0.000        ; 0.039      ; 0.598      ;
; 0.475 ; sc_cpu:cpu|sc_datapath:datapath|pc_reg[14] ; sc_cpu:cpu|sc_datapath:datapath|pc_reg[16] ; pll_inst|altpll_component|auto_generated|pll1|clk[0] ; pll_inst|altpll_component|auto_generated|pll1|clk[0] ; 0.000        ; 0.039      ; 0.598      ;
; 0.476 ; sc_cpu:cpu|sc_datapath:datapath|pc_reg[22] ; sc_cpu:cpu|sc_datapath:datapath|pc_reg[24] ; pll_inst|altpll_component|auto_generated|pll1|clk[0] ; pll_inst|altpll_component|auto_generated|pll1|clk[0] ; 0.000        ; 0.039      ; 0.599      ;
; 0.477 ; sc_cpu:cpu|sc_datapath:datapath|pc_reg[24] ; sc_cpu:cpu|sc_datapath:datapath|pc_reg[26] ; pll_inst|altpll_component|auto_generated|pll1|clk[0] ; pll_inst|altpll_component|auto_generated|pll1|clk[0] ; 0.000        ; 0.039      ; 0.600      ;
; 0.477 ; sc_cpu:cpu|sc_datapath:datapath|pc_reg[26] ; sc_cpu:cpu|sc_datapath:datapath|pc_reg[28] ; pll_inst|altpll_component|auto_generated|pll1|clk[0] ; pll_inst|altpll_component|auto_generated|pll1|clk[0] ; 0.000        ; 0.039      ; 0.600      ;
; 0.513 ; sc_cpu:cpu|sc_datapath:datapath|pc_reg[7]  ; sc_cpu:cpu|sc_datapath:datapath|pc_reg[9]  ; pll_inst|altpll_component|auto_generated|pll1|clk[0] ; pll_inst|altpll_component|auto_generated|pll1|clk[0] ; 0.000        ; 0.039      ; 0.636      ;
; 0.514 ; sc_cpu:cpu|sc_datapath:datapath|pc_reg[9]  ; sc_cpu:cpu|sc_datapath:datapath|pc_reg[11] ; pll_inst|altpll_component|auto_generated|pll1|clk[0] ; pll_inst|altpll_component|auto_generated|pll1|clk[0] ; 0.000        ; 0.039      ; 0.637      ;
; 0.514 ; sc_cpu:cpu|sc_datapath:datapath|pc_reg[3]  ; sc_cpu:cpu|sc_datapath:datapath|pc_reg[5]  ; pll_inst|altpll_component|auto_generated|pll1|clk[0] ; pll_inst|altpll_component|auto_generated|pll1|clk[0] ; 0.000        ; 0.039      ; 0.637      ;
; 0.514 ; sc_cpu:cpu|sc_datapath:datapath|pc_reg[23] ; sc_cpu:cpu|sc_datapath:datapath|pc_reg[25] ; pll_inst|altpll_component|auto_generated|pll1|clk[0] ; pll_inst|altpll_component|auto_generated|pll1|clk[0] ; 0.000        ; 0.039      ; 0.637      ;
; 0.515 ; sc_cpu:cpu|sc_datapath:datapath|pc_reg[5]  ; sc_cpu:cpu|sc_datapath:datapath|pc_reg[7]  ; pll_inst|altpll_component|auto_generated|pll1|clk[0] ; pll_inst|altpll_component|auto_generated|pll1|clk[0] ; 0.000        ; 0.039      ; 0.638      ;
; 0.515 ; sc_cpu:cpu|sc_datapath:datapath|pc_reg[11] ; sc_cpu:cpu|sc_datapath:datapath|pc_reg[13] ; pll_inst|altpll_component|auto_generated|pll1|clk[0] ; pll_inst|altpll_component|auto_generated|pll1|clk[0] ; 0.000        ; 0.039      ; 0.638      ;
; 0.515 ; sc_cpu:cpu|sc_datapath:datapath|pc_reg[13] ; sc_cpu:cpu|sc_datapath:datapath|pc_reg[15] ; pll_inst|altpll_component|auto_generated|pll1|clk[0] ; pll_inst|altpll_component|auto_generated|pll1|clk[0] ; 0.000        ; 0.039      ; 0.638      ;
; 0.515 ; sc_cpu:cpu|sc_datapath:datapath|pc_reg[21] ; sc_cpu:cpu|sc_datapath:datapath|pc_reg[23] ; pll_inst|altpll_component|auto_generated|pll1|clk[0] ; pll_inst|altpll_component|auto_generated|pll1|clk[0] ; 0.000        ; 0.039      ; 0.638      ;
; 0.515 ; sc_cpu:cpu|sc_datapath:datapath|pc_reg[25] ; sc_cpu:cpu|sc_datapath:datapath|pc_reg[27] ; pll_inst|altpll_component|auto_generated|pll1|clk[0] ; pll_inst|altpll_component|auto_generated|pll1|clk[0] ; 0.000        ; 0.039      ; 0.638      ;
; 0.516 ; sc_cpu:cpu|sc_datapath:datapath|pc_reg[29] ; sc_cpu:cpu|sc_datapath:datapath|pc_reg[31] ; pll_inst|altpll_component|auto_generated|pll1|clk[0] ; pll_inst|altpll_component|auto_generated|pll1|clk[0] ; 0.000        ; 0.039      ; 0.639      ;
; 0.516 ; sc_cpu:cpu|sc_datapath:datapath|pc_reg[27] ; sc_cpu:cpu|sc_datapath:datapath|pc_reg[29] ; pll_inst|altpll_component|auto_generated|pll1|clk[0] ; pll_inst|altpll_component|auto_generated|pll1|clk[0] ; 0.000        ; 0.039      ; 0.639      ;
; 0.516 ; sc_cpu:cpu|sc_datapath:datapath|pc_reg[7]  ; sc_cpu:cpu|sc_datapath:datapath|pc_reg[10] ; pll_inst|altpll_component|auto_generated|pll1|clk[0] ; pll_inst|altpll_component|auto_generated|pll1|clk[0] ; 0.000        ; 0.039      ; 0.639      ;
; 0.517 ; sc_cpu:cpu|sc_datapath:datapath|pc_reg[9]  ; sc_cpu:cpu|sc_datapath:datapath|pc_reg[12] ; pll_inst|altpll_component|auto_generated|pll1|clk[0] ; pll_inst|altpll_component|auto_generated|pll1|clk[0] ; 0.000        ; 0.039      ; 0.640      ;
; 0.517 ; sc_cpu:cpu|sc_datapath:datapath|pc_reg[3]  ; sc_cpu:cpu|sc_datapath:datapath|pc_reg[6]  ; pll_inst|altpll_component|auto_generated|pll1|clk[0] ; pll_inst|altpll_component|auto_generated|pll1|clk[0] ; 0.000        ; 0.039      ; 0.640      ;
; 0.517 ; sc_cpu:cpu|sc_datapath:datapath|pc_reg[23] ; sc_cpu:cpu|sc_datapath:datapath|pc_reg[26] ; pll_inst|altpll_component|auto_generated|pll1|clk[0] ; pll_inst|altpll_component|auto_generated|pll1|clk[0] ; 0.000        ; 0.039      ; 0.640      ;
; 0.518 ; sc_cpu:cpu|sc_datapath:datapath|pc_reg[5]  ; sc_cpu:cpu|sc_datapath:datapath|pc_reg[8]  ; pll_inst|altpll_component|auto_generated|pll1|clk[0] ; pll_inst|altpll_component|auto_generated|pll1|clk[0] ; 0.000        ; 0.039      ; 0.641      ;
; 0.518 ; sc_cpu:cpu|sc_datapath:datapath|pc_reg[11] ; sc_cpu:cpu|sc_datapath:datapath|pc_reg[14] ; pll_inst|altpll_component|auto_generated|pll1|clk[0] ; pll_inst|altpll_component|auto_generated|pll1|clk[0] ; 0.000        ; 0.039      ; 0.641      ;
; 0.518 ; sc_cpu:cpu|sc_datapath:datapath|pc_reg[13] ; sc_cpu:cpu|sc_datapath:datapath|pc_reg[16] ; pll_inst|altpll_component|auto_generated|pll1|clk[0] ; pll_inst|altpll_component|auto_generated|pll1|clk[0] ; 0.000        ; 0.039      ; 0.641      ;
; 0.518 ; sc_cpu:cpu|sc_datapath:datapath|pc_reg[21] ; sc_cpu:cpu|sc_datapath:datapath|pc_reg[24] ; pll_inst|altpll_component|auto_generated|pll1|clk[0] ; pll_inst|altpll_component|auto_generated|pll1|clk[0] ; 0.000        ; 0.039      ; 0.641      ;
; 0.518 ; sc_cpu:cpu|sc_datapath:datapath|pc_reg[25] ; sc_cpu:cpu|sc_datapath:datapath|pc_reg[28] ; pll_inst|altpll_component|auto_generated|pll1|clk[0] ; pll_inst|altpll_component|auto_generated|pll1|clk[0] ; 0.000        ; 0.039      ; 0.641      ;
; 0.519 ; sc_cpu:cpu|sc_datapath:datapath|pc_reg[27] ; sc_cpu:cpu|sc_datapath:datapath|pc_reg[30] ; pll_inst|altpll_component|auto_generated|pll1|clk[0] ; pll_inst|altpll_component|auto_generated|pll1|clk[0] ; 0.000        ; 0.039      ; 0.642      ;
; 0.525 ; sc_cpu:cpu|sc_datapath:datapath|pc_reg[17] ; sc_cpu:cpu|sc_datapath:datapath|pc_reg[19] ; pll_inst|altpll_component|auto_generated|pll1|clk[0] ; pll_inst|altpll_component|auto_generated|pll1|clk[0] ; 0.000        ; 0.039      ; 0.648      ;
; 0.526 ; sc_cpu:cpu|sc_datapath:datapath|pc_reg[19] ; sc_cpu:cpu|sc_datapath:datapath|pc_reg[21] ; pll_inst|altpll_component|auto_generated|pll1|clk[0] ; pll_inst|altpll_component|auto_generated|pll1|clk[0] ; 0.000        ; 0.039      ; 0.649      ;
; 0.527 ; sc_cpu:cpu|sc_datapath:datapath|pc_reg[8]  ; sc_cpu:cpu|sc_datapath:datapath|pc_reg[11] ; pll_inst|altpll_component|auto_generated|pll1|clk[0] ; pll_inst|altpll_component|auto_generated|pll1|clk[0] ; 0.000        ; 0.039      ; 0.650      ;
+-------+--------------------------------------------+--------------------------------------------+------------------------------------------------------+------------------------------------------------------+--------------+------------+------------+


----------------------------------------------
; Fast 1200mV 0C Model Metastability Summary ;
----------------------------------------------
No synchronizer chains to report.


+-------------------------------------------------------------------------------------------------------------------+
; Multicorner Timing Analysis Summary                                                                               ;
+-------------------------------------------------------+--------+-------+----------+---------+---------------------+
; Clock                                                 ; Setup  ; Hold  ; Recovery ; Removal ; Minimum Pulse Width ;
+-------------------------------------------------------+--------+-------+----------+---------+---------------------+
; Worst-case Slack                                      ; 60.456 ; 0.213 ; N/A      ; N/A     ; 9.574               ;
;  clk                                                  ; N/A    ; N/A   ; N/A      ; N/A     ; 9.574               ;
;  pll_inst|altpll_component|auto_generated|pll1|clk[0] ; 60.456 ; 0.213 ; N/A      ; N/A     ; 49.706              ;
; Design-wide TNS                                       ; 0.0    ; 0.0   ; 0.0      ; 0.0     ; 0.0                 ;
;  clk                                                  ; N/A    ; N/A   ; N/A      ; N/A     ; 0.000               ;
;  pll_inst|altpll_component|auto_generated|pll1|clk[0] ; 0.000  ; 0.000 ; N/A      ; N/A     ; 0.000               ;
+-------------------------------------------------------+--------+-------+----------+---------+---------------------+


+------------------------------------------------------------------------------------------------------------------------------------------------------------------------------------------------------------------------------------------------------------------------------------------------------------------------------------------------------------------------------------------------------------------+
; Board Trace Model Assignments                                                                                                                                                                                                                                                                                                                                                                                    ;
+---------------+--------------+-------------------+-------------------------+-------------------------+---------------+---------------------+----------------+------------------+--------+------------------+------------------------+------------------------+--------------+---------------+-----------------+-------+---------------------+--------------------+---------------+-----------------+-------------+
; Pin           ; I/O Standard ; Near Tline Length ; Near Tline L per Length ; Near Tline C per Length ; Near Series R ; Near Differential R ; Near Pull-up R ; Near Pull-down R ; Near C ; Far Tline Length ; Far Tline L per Length ; Far Tline C per Length ; Far Series R ; Far Pull-up R ; Far Pull-down R ; Far C ; Termination Voltage ; Far Differential R ; EBD File Name ; EBD Signal Name ; EBD Far-end ;
+---------------+--------------+-------------------+-------------------------+-------------------------+---------------+---------------------+----------------+------------------+--------+------------------+------------------------+------------------------+--------------+---------------+-----------------+-------+---------------------+--------------------+---------------+-----------------+-------------+
; PC[0]         ; 2.5 V        ; 0 in              ; 0 H/in                  ; 0 F/in                  ; short         ; -                   ; open           ; open             ; open   ; 0 in             ; 0 H/in                 ; 0 F/in                 ; short        ; open          ; open            ; open  ; 0 V                 ; -                  ; n/a           ; n/a             ; n/a         ;
; PC[1]         ; 2.5 V        ; 0 in              ; 0 H/in                  ; 0 F/in                  ; short         ; -                   ; open           ; open             ; open   ; 0 in             ; 0 H/in                 ; 0 F/in                 ; short        ; open          ; open            ; open  ; 0 V                 ; -                  ; n/a           ; n/a             ; n/a         ;
; PC[2]         ; 2.5 V        ; 0 in              ; 0 H/in                  ; 0 F/in                  ; short         ; -                   ; open           ; open             ; open   ; 0 in             ; 0 H/in                 ; 0 F/in                 ; short        ; open          ; open            ; open  ; 0 V                 ; -                  ; n/a           ; n/a             ; n/a         ;
; PC[3]         ; 2.5 V        ; 0 in              ; 0 H/in                  ; 0 F/in                  ; short         ; -                   ; open           ; open             ; open   ; 0 in             ; 0 H/in                 ; 0 F/in                 ; short        ; open          ; open            ; open  ; 0 V                 ; -                  ; n/a           ; n/a             ; n/a         ;
; PC[4]         ; 2.5 V        ; 0 in              ; 0 H/in                  ; 0 F/in                  ; short         ; -                   ; open           ; open             ; open   ; 0 in             ; 0 H/in                 ; 0 F/in                 ; short        ; open          ; open            ; open  ; 0 V                 ; -                  ; n/a           ; n/a             ; n/a         ;
; PC[5]         ; 2.5 V        ; 0 in              ; 0 H/in                  ; 0 F/in                  ; short         ; -                   ; open           ; open             ; open   ; 0 in             ; 0 H/in                 ; 0 F/in                 ; short        ; open          ; open            ; open  ; 0 V                 ; -                  ; n/a           ; n/a             ; n/a         ;
; PC[6]         ; 2.5 V        ; 0 in              ; 0 H/in                  ; 0 F/in                  ; short         ; -                   ; open           ; open             ; open   ; 0 in             ; 0 H/in                 ; 0 F/in                 ; short        ; open          ; open            ; open  ; 0 V                 ; -                  ; n/a           ; n/a             ; n/a         ;
; PC[7]         ; 2.5 V        ; 0 in              ; 0 H/in                  ; 0 F/in                  ; short         ; -                   ; open           ; open             ; open   ; 0 in             ; 0 H/in                 ; 0 F/in                 ; short        ; open          ; open            ; open  ; 0 V                 ; -                  ; n/a           ; n/a             ; n/a         ;
; PC[8]         ; 2.5 V        ; 0 in              ; 0 H/in                  ; 0 F/in                  ; short         ; -                   ; open           ; open             ; open   ; 0 in             ; 0 H/in                 ; 0 F/in                 ; short        ; open          ; open            ; open  ; 0 V                 ; -                  ; n/a           ; n/a             ; n/a         ;
; PC[9]         ; 2.5 V        ; 0 in              ; 0 H/in                  ; 0 F/in                  ; short         ; -                   ; open           ; open             ; open   ; 0 in             ; 0 H/in                 ; 0 F/in                 ; short        ; open          ; open            ; open  ; 0 V                 ; -                  ; n/a           ; n/a             ; n/a         ;
; PC[10]        ; 2.5 V        ; 0 in              ; 0 H/in                  ; 0 F/in                  ; short         ; -                   ; open           ; open             ; open   ; 0 in             ; 0 H/in                 ; 0 F/in                 ; short        ; open          ; open            ; open  ; 0 V                 ; -                  ; n/a           ; n/a             ; n/a         ;
; PC[11]        ; 2.5 V        ; 0 in              ; 0 H/in                  ; 0 F/in                  ; short         ; -                   ; open           ; open             ; open   ; 0 in             ; 0 H/in                 ; 0 F/in                 ; short        ; open          ; open            ; open  ; 0 V                 ; -                  ; n/a           ; n/a             ; n/a         ;
; PC[12]        ; 2.5 V        ; 0 in              ; 0 H/in                  ; 0 F/in                  ; short         ; -                   ; open           ; open             ; open   ; 0 in             ; 0 H/in                 ; 0 F/in                 ; short        ; open          ; open            ; open  ; 0 V                 ; -                  ; n/a           ; n/a             ; n/a         ;
; PC[13]        ; 2.5 V        ; 0 in              ; 0 H/in                  ; 0 F/in                  ; short         ; -                   ; open           ; open             ; open   ; 0 in             ; 0 H/in                 ; 0 F/in                 ; short        ; open          ; open            ; open  ; 0 V                 ; -                  ; n/a           ; n/a             ; n/a         ;
; PC[14]        ; 2.5 V        ; 0 in              ; 0 H/in                  ; 0 F/in                  ; short         ; -                   ; open           ; open             ; open   ; 0 in             ; 0 H/in                 ; 0 F/in                 ; short        ; open          ; open            ; open  ; 0 V                 ; -                  ; n/a           ; n/a             ; n/a         ;
; PC[15]        ; 2.5 V        ; 0 in              ; 0 H/in                  ; 0 F/in                  ; short         ; -                   ; open           ; open             ; open   ; 0 in             ; 0 H/in                 ; 0 F/in                 ; short        ; open          ; open            ; open  ; 0 V                 ; -                  ; n/a           ; n/a             ; n/a         ;
; PC[16]        ; 2.5 V        ; 0 in              ; 0 H/in                  ; 0 F/in                  ; short         ; -                   ; open           ; open             ; open   ; 0 in             ; 0 H/in                 ; 0 F/in                 ; short        ; open          ; open            ; open  ; 0 V                 ; -                  ; n/a           ; n/a             ; n/a         ;
; PC[17]        ; 2.5 V        ; 0 in              ; 0 H/in                  ; 0 F/in                  ; short         ; -                   ; open           ; open             ; open   ; 0 in             ; 0 H/in                 ; 0 F/in                 ; short        ; open          ; open            ; open  ; 0 V                 ; -                  ; n/a           ; n/a             ; n/a         ;
; PC[18]        ; 2.5 V        ; 0 in              ; 0 H/in                  ; 0 F/in                  ; short         ; -                   ; open           ; open             ; open   ; 0 in             ; 0 H/in                 ; 0 F/in                 ; short        ; open          ; open            ; open  ; 0 V                 ; -                  ; n/a           ; n/a             ; n/a         ;
; PC[19]        ; 2.5 V        ; 0 in              ; 0 H/in                  ; 0 F/in                  ; short         ; -                   ; open           ; open             ; open   ; 0 in             ; 0 H/in                 ; 0 F/in                 ; short        ; open          ; open            ; open  ; 0 V                 ; -                  ; n/a           ; n/a             ; n/a         ;
; PC[20]        ; 2.5 V        ; 0 in              ; 0 H/in                  ; 0 F/in                  ; short         ; -                   ; open           ; open             ; open   ; 0 in             ; 0 H/in                 ; 0 F/in                 ; short        ; open          ; open            ; open  ; 0 V                 ; -                  ; n/a           ; n/a             ; n/a         ;
; PC[21]        ; 2.5 V        ; 0 in              ; 0 H/in                  ; 0 F/in                  ; short         ; -                   ; open           ; open             ; open   ; 0 in             ; 0 H/in                 ; 0 F/in                 ; short        ; open          ; open            ; open  ; 0 V                 ; -                  ; n/a           ; n/a             ; n/a         ;
; PC[22]        ; 2.5 V        ; 0 in              ; 0 H/in                  ; 0 F/in                  ; short         ; -                   ; open           ; open             ; open   ; 0 in             ; 0 H/in                 ; 0 F/in                 ; short        ; open          ; open            ; open  ; 0 V                 ; -                  ; n/a           ; n/a             ; n/a         ;
; PC[23]        ; 2.5 V        ; 0 in              ; 0 H/in                  ; 0 F/in                  ; short         ; -                   ; open           ; open             ; open   ; 0 in             ; 0 H/in                 ; 0 F/in                 ; short        ; open          ; open            ; open  ; 0 V                 ; -                  ; n/a           ; n/a             ; n/a         ;
; PC[24]        ; 2.5 V        ; 0 in              ; 0 H/in                  ; 0 F/in                  ; short         ; -                   ; open           ; open             ; open   ; 0 in             ; 0 H/in                 ; 0 F/in                 ; short        ; open          ; open            ; open  ; 0 V                 ; -                  ; n/a           ; n/a             ; n/a         ;
; PC[25]        ; 2.5 V        ; 0 in              ; 0 H/in                  ; 0 F/in                  ; short         ; -                   ; open           ; open             ; open   ; 0 in             ; 0 H/in                 ; 0 F/in                 ; short        ; open          ; open            ; open  ; 0 V                 ; -                  ; n/a           ; n/a             ; n/a         ;
; PC[26]        ; 2.5 V        ; 0 in              ; 0 H/in                  ; 0 F/in                  ; short         ; -                   ; open           ; open             ; open   ; 0 in             ; 0 H/in                 ; 0 F/in                 ; short        ; open          ; open            ; open  ; 0 V                 ; -                  ; n/a           ; n/a             ; n/a         ;
; PC[27]        ; 2.5 V        ; 0 in              ; 0 H/in                  ; 0 F/in                  ; short         ; -                   ; open           ; open             ; open   ; 0 in             ; 0 H/in                 ; 0 F/in                 ; short        ; open          ; open            ; open  ; 0 V                 ; -                  ; n/a           ; n/a             ; n/a         ;
; PC[28]        ; 2.5 V        ; 0 in              ; 0 H/in                  ; 0 F/in                  ; short         ; -                   ; open           ; open             ; open   ; 0 in             ; 0 H/in                 ; 0 F/in                 ; short        ; open          ; open            ; open  ; 0 V                 ; -                  ; n/a           ; n/a             ; n/a         ;
; PC[29]        ; 2.5 V        ; 0 in              ; 0 H/in                  ; 0 F/in                  ; short         ; -                   ; open           ; open             ; open   ; 0 in             ; 0 H/in                 ; 0 F/in                 ; short        ; open          ; open            ; open  ; 0 V                 ; -                  ; n/a           ; n/a             ; n/a         ;
; PC[30]        ; 2.5 V        ; 0 in              ; 0 H/in                  ; 0 F/in                  ; short         ; -                   ; open           ; open             ; open   ; 0 in             ; 0 H/in                 ; 0 F/in                 ; short        ; open          ; open            ; open  ; 0 V                 ; -                  ; n/a           ; n/a             ; n/a         ;
; PC[31]        ; 2.5 V        ; 0 in              ; 0 H/in                  ; 0 F/in                  ; short         ; -                   ; open           ; open             ; open   ; 0 in             ; 0 H/in                 ; 0 F/in                 ; short        ; open          ; open            ; open  ; 0 V                 ; -                  ; n/a           ; n/a             ; n/a         ;
; LEDR[0]       ; 2.5 V        ; 0 in              ; 0 H/in                  ; 0 F/in                  ; short         ; -                   ; open           ; open             ; open   ; 0 in             ; 0 H/in                 ; 0 F/in                 ; short        ; open          ; open            ; open  ; 0 V                 ; -                  ; n/a           ; n/a             ; n/a         ;
; LEDR[1]       ; 2.5 V        ; 0 in              ; 0 H/in                  ; 0 F/in                  ; short         ; -                   ; open           ; open             ; open   ; 0 in             ; 0 H/in                 ; 0 F/in                 ; short        ; open          ; open            ; open  ; 0 V                 ; -                  ; n/a           ; n/a             ; n/a         ;
; LEDR[2]       ; 2.5 V        ; 0 in              ; 0 H/in                  ; 0 F/in                  ; short         ; -                   ; open           ; open             ; open   ; 0 in             ; 0 H/in                 ; 0 F/in                 ; short        ; open          ; open            ; open  ; 0 V                 ; -                  ; n/a           ; n/a             ; n/a         ;
; LEDR[3]       ; 2.5 V        ; 0 in              ; 0 H/in                  ; 0 F/in                  ; short         ; -                   ; open           ; open             ; open   ; 0 in             ; 0 H/in                 ; 0 F/in                 ; short        ; open          ; open            ; open  ; 0 V                 ; -                  ; n/a           ; n/a             ; n/a         ;
; LEDR[4]       ; 2.5 V        ; 0 in              ; 0 H/in                  ; 0 F/in                  ; short         ; -                   ; open           ; open             ; open   ; 0 in             ; 0 H/in                 ; 0 F/in                 ; short        ; open          ; open            ; open  ; 0 V                 ; -                  ; n/a           ; n/a             ; n/a         ;
; LEDR[5]       ; 2.5 V        ; 0 in              ; 0 H/in                  ; 0 F/in                  ; short         ; -                   ; open           ; open             ; open   ; 0 in             ; 0 H/in                 ; 0 F/in                 ; short        ; open          ; open            ; open  ; 0 V                 ; -                  ; n/a           ; n/a             ; n/a         ;
; LEDR[6]       ; 2.5 V        ; 0 in              ; 0 H/in                  ; 0 F/in                  ; short         ; -                   ; open           ; open             ; open   ; 0 in             ; 0 H/in                 ; 0 F/in                 ; short        ; open          ; open            ; open  ; 0 V                 ; -                  ; n/a           ; n/a             ; n/a         ;
; LEDR[7]       ; 2.5 V        ; 0 in              ; 0 H/in                  ; 0 F/in                  ; short         ; -                   ; open           ; open             ; open   ; 0 in             ; 0 H/in                 ; 0 F/in                 ; short        ; open          ; open            ; open  ; 0 V                 ; -                  ; n/a           ; n/a             ; n/a         ;
; LEDR[8]       ; 2.5 V        ; 0 in              ; 0 H/in                  ; 0 F/in                  ; short         ; -                   ; open           ; open             ; open   ; 0 in             ; 0 H/in                 ; 0 F/in                 ; short        ; open          ; open            ; open  ; 0 V                 ; -                  ; n/a           ; n/a             ; n/a         ;
; LEDR[9]       ; 2.5 V        ; 0 in              ; 0 H/in                  ; 0 F/in                  ; short         ; -                   ; open           ; open             ; open   ; 0 in             ; 0 H/in                 ; 0 F/in                 ; short        ; open          ; open            ; open  ; 0 V                 ; -                  ; n/a           ; n/a             ; n/a         ;
; LEDR[10]      ; 2.5 V        ; 0 in              ; 0 H/in                  ; 0 F/in                  ; short         ; -                   ; open           ; open             ; open   ; 0 in             ; 0 H/in                 ; 0 F/in                 ; short        ; open          ; open            ; open  ; 0 V                 ; -                  ; n/a           ; n/a             ; n/a         ;
; LEDR[11]      ; 2.5 V        ; 0 in              ; 0 H/in                  ; 0 F/in                  ; short         ; -                   ; open           ; open             ; open   ; 0 in             ; 0 H/in                 ; 0 F/in                 ; short        ; open          ; open            ; open  ; 0 V                 ; -                  ; n/a           ; n/a             ; n/a         ;
; LEDR[12]      ; 2.5 V        ; 0 in              ; 0 H/in                  ; 0 F/in                  ; short         ; -                   ; open           ; open             ; open   ; 0 in             ; 0 H/in                 ; 0 F/in                 ; short        ; open          ; open            ; open  ; 0 V                 ; -                  ; n/a           ; n/a             ; n/a         ;
; LEDR[13]      ; 2.5 V        ; 0 in              ; 0 H/in                  ; 0 F/in                  ; short         ; -                   ; open           ; open             ; open   ; 0 in             ; 0 H/in                 ; 0 F/in                 ; short        ; open          ; open            ; open  ; 0 V                 ; -                  ; n/a           ; n/a             ; n/a         ;
; LEDR[14]      ; 2.5 V        ; 0 in              ; 0 H/in                  ; 0 F/in                  ; short         ; -                   ; open           ; open             ; open   ; 0 in             ; 0 H/in                 ; 0 F/in                 ; short        ; open          ; open            ; open  ; 0 V                 ; -                  ; n/a           ; n/a             ; n/a         ;
; LEDR[15]      ; 2.5 V        ; 0 in              ; 0 H/in                  ; 0 F/in                  ; short         ; -                   ; open           ; open             ; open   ; 0 in             ; 0 H/in                 ; 0 F/in                 ; short        ; open          ; open            ; open  ; 0 V                 ; -                  ; n/a           ; n/a             ; n/a         ;
; LEDR[16]      ; 2.5 V        ; 0 in              ; 0 H/in                  ; 0 F/in                  ; short         ; -                   ; open           ; open             ; open   ; 0 in             ; 0 H/in                 ; 0 F/in                 ; short        ; open          ; open            ; open  ; 0 V                 ; -                  ; n/a           ; n/a             ; n/a         ;
; LEDR[17]      ; 2.5 V        ; 0 in              ; 0 H/in                  ; 0 F/in                  ; short         ; -                   ; open           ; open             ; open   ; 0 in             ; 0 H/in                 ; 0 F/in                 ; short        ; open          ; open            ; open  ; 0 V                 ; -                  ; n/a           ; n/a             ; n/a         ;
; LEDG[0]       ; 2.5 V        ; 0 in              ; 0 H/in                  ; 0 F/in                  ; short         ; -                   ; open           ; open             ; open   ; 0 in             ; 0 H/in                 ; 0 F/in                 ; short        ; open          ; open            ; open  ; 0 V                 ; -                  ; n/a           ; n/a             ; n/a         ;
; LEDG[1]       ; 2.5 V        ; 0 in              ; 0 H/in                  ; 0 F/in                  ; short         ; -                   ; open           ; open             ; open   ; 0 in             ; 0 H/in                 ; 0 F/in                 ; short        ; open          ; open            ; open  ; 0 V                 ; -                  ; n/a           ; n/a             ; n/a         ;
; LEDG[2]       ; 2.5 V        ; 0 in              ; 0 H/in                  ; 0 F/in                  ; short         ; -                   ; open           ; open             ; open   ; 0 in             ; 0 H/in                 ; 0 F/in                 ; short        ; open          ; open            ; open  ; 0 V                 ; -                  ; n/a           ; n/a             ; n/a         ;
; LEDG[3]       ; 2.5 V        ; 0 in              ; 0 H/in                  ; 0 F/in                  ; short         ; -                   ; open           ; open             ; open   ; 0 in             ; 0 H/in                 ; 0 F/in                 ; short        ; open          ; open            ; open  ; 0 V                 ; -                  ; n/a           ; n/a             ; n/a         ;
; LEDG[4]       ; 2.5 V        ; 0 in              ; 0 H/in                  ; 0 F/in                  ; short         ; -                   ; open           ; open             ; open   ; 0 in             ; 0 H/in                 ; 0 F/in                 ; short        ; open          ; open            ; open  ; 0 V                 ; -                  ; n/a           ; n/a             ; n/a         ;
; LEDG[5]       ; 2.5 V        ; 0 in              ; 0 H/in                  ; 0 F/in                  ; short         ; -                   ; open           ; open             ; open   ; 0 in             ; 0 H/in                 ; 0 F/in                 ; short        ; open          ; open            ; open  ; 0 V                 ; -                  ; n/a           ; n/a             ; n/a         ;
; LEDG[6]       ; 2.5 V        ; 0 in              ; 0 H/in                  ; 0 F/in                  ; short         ; -                   ; open           ; open             ; open   ; 0 in             ; 0 H/in                 ; 0 F/in                 ; short        ; open          ; open            ; open  ; 0 V                 ; -                  ; n/a           ; n/a             ; n/a         ;
; LEDG[7]       ; 2.5 V        ; 0 in              ; 0 H/in                  ; 0 F/in                  ; short         ; -                   ; open           ; open             ; open   ; 0 in             ; 0 H/in                 ; 0 F/in                 ; short        ; open          ; open            ; open  ; 0 V                 ; -                  ; n/a           ; n/a             ; n/a         ;
; LEDG[8]       ; 2.5 V        ; 0 in              ; 0 H/in                  ; 0 F/in                  ; short         ; -                   ; open           ; open             ; open   ; 0 in             ; 0 H/in                 ; 0 F/in                 ; short        ; open          ; open            ; open  ; 0 V                 ; -                  ; n/a           ; n/a             ; n/a         ;
; ~ALTERA_DCLK~ ; 2.5 V        ; 0 in              ; 0 H/in                  ; 0 F/in                  ; short         ; -                   ; open           ; open             ; open   ; 0 in             ; 0 H/in                 ; 0 F/in                 ; short        ; open          ; open            ; open  ; 0 V                 ; -                  ; n/a           ; n/a             ; n/a         ;
; ~ALTERA_nCEO~ ; 2.5 V        ; 0 in              ; 0 H/in                  ; 0 F/in                  ; short         ; -                   ; open           ; open             ; open   ; 0 in             ; 0 H/in                 ; 0 F/in                 ; short        ; open          ; open            ; open  ; 0 V                 ; -                  ; n/a           ; n/a             ; n/a         ;
+---------------+--------------+-------------------+-------------------------+-------------------------+---------------+---------------------+----------------+------------------+--------+------------------+------------------------+------------------------+--------------+---------------+-----------------+-------+---------------------+--------------------+---------------+-----------------+-------------+


+----------------------------------------------------------------------------+
; Input Transition Times                                                     ;
+-------------------------+--------------+-----------------+-----------------+
; Pin                     ; I/O Standard ; 10-90 Rise Time ; 90-10 Fall Time ;
+-------------------------+--------------+-----------------+-----------------+
; rst_n                   ; 2.5 V        ; 2000 ps         ; 2000 ps         ;
; clk                     ; 2.5 V        ; 2000 ps         ; 2000 ps         ;
; SW[17]                  ; 2.5 V        ; 2000 ps         ; 2000 ps         ;
; SW[16]                  ; 2.5 V        ; 2000 ps         ; 2000 ps         ;
; SW[15]                  ; 2.5 V        ; 2000 ps         ; 2000 ps         ;
; SW[14]                  ; 2.5 V        ; 2000 ps         ; 2000 ps         ;
; SW[13]                  ; 2.5 V        ; 2000 ps         ; 2000 ps         ;
; SW[12]                  ; 2.5 V        ; 2000 ps         ; 2000 ps         ;
; SW[11]                  ; 2.5 V        ; 2000 ps         ; 2000 ps         ;
; SW[10]                  ; 2.5 V        ; 2000 ps         ; 2000 ps         ;
; SW[9]                   ; 2.5 V        ; 2000 ps         ; 2000 ps         ;
; SW[8]                   ; 2.5 V        ; 2000 ps         ; 2000 ps         ;
; SW[7]                   ; 2.5 V        ; 2000 ps         ; 2000 ps         ;
; SW[6]                   ; 2.5 V        ; 2000 ps         ; 2000 ps         ;
; SW[5]                   ; 2.5 V        ; 2000 ps         ; 2000 ps         ;
; SW[4]                   ; 2.5 V        ; 2000 ps         ; 2000 ps         ;
; SW[3]                   ; 2.5 V        ; 2000 ps         ; 2000 ps         ;
; KEY[3]                  ; 2.5 V        ; 2000 ps         ; 2000 ps         ;
; SW[2]                   ; 2.5 V        ; 2000 ps         ; 2000 ps         ;
; KEY[2]                  ; 2.5 V        ; 2000 ps         ; 2000 ps         ;
; SW[1]                   ; 2.5 V        ; 2000 ps         ; 2000 ps         ;
; KEY[1]                  ; 2.5 V        ; 2000 ps         ; 2000 ps         ;
; SW[0]                   ; 2.5 V        ; 2000 ps         ; 2000 ps         ;
; ~ALTERA_ASDO_DATA1~     ; 2.5 V        ; 2000 ps         ; 2000 ps         ;
; ~ALTERA_FLASH_nCE_nCSO~ ; 2.5 V        ; 2000 ps         ; 2000 ps         ;
; ~ALTERA_DATA0~          ; 2.5 V        ; 2000 ps         ; 2000 ps         ;
+-------------------------+--------------+-----------------+-----------------+


+--------------------------------------------------------------------------------------------------------------------------------------------------------------------------------------------------------------------------------------------------------------------------------------------------------------------------------------------------------------------------------------------------------------------------------------------------------------------------------------------------------------------------------------------------------------------------------------------------------------------------------------------------------------------------------------------+
; Signal Integrity Metrics (Slow 1200mv 0c Model)                                                                                                                                                                                                                                                                                                                                                                                                                                                                                                                                                                                                                                            ;
+---------------+--------------+---------------------+---------------------+------------------------------+------------------------------+---------------------+---------------------+--------------------------------------+--------------------------------------+-----------------------------+-----------------------------+----------------------------+----------------------------+-----------------------------+-----------------------------+--------------------+--------------------+-------------------------------------+-------------------------------------+----------------------------+----------------------------+---------------------------+---------------------------+
; Pin           ; I/O Standard ; Board Delay on Rise ; Board Delay on Fall ; Steady State Voh at FPGA Pin ; Steady State Vol at FPGA Pin ; Voh Max at FPGA Pin ; Vol Min at FPGA Pin ; Ringback Voltage on Rise at FPGA Pin ; Ringback Voltage on Fall at FPGA Pin ; 10-90 Rise Time at FPGA Pin ; 90-10 Fall Time at FPGA Pin ; Monotonic Rise at FPGA Pin ; Monotonic Fall at FPGA Pin ; Steady State Voh at Far-end ; Steady State Vol at Far-end ; Voh Max at Far-end ; Vol Min at Far-end ; Ringback Voltage on Rise at Far-end ; Ringback Voltage on Fall at Far-end ; 10-90 Rise Time at Far-end ; 90-10 Fall Time at Far-end ; Monotonic Rise at Far-end ; Monotonic Fall at Far-end ;
+---------------+--------------+---------------------+---------------------+------------------------------+------------------------------+---------------------+---------------------+--------------------------------------+--------------------------------------+-----------------------------+-----------------------------+----------------------------+----------------------------+-----------------------------+-----------------------------+--------------------+--------------------+-------------------------------------+-------------------------------------+----------------------------+----------------------------+---------------------------+---------------------------+
; PC[0]         ; 2.5 V        ; 0 s                 ; 0 s                 ; 2.32 V                       ; 4.49e-09 V                   ; 2.38 V              ; -0.00552 V          ; 0.096 V                              ; 0.019 V                              ; 4.18e-10 s                  ; 3.59e-10 s                  ; No                         ; Yes                        ; 2.32 V                      ; 4.49e-09 V                  ; 2.38 V             ; -0.00552 V         ; 0.096 V                             ; 0.019 V                             ; 4.18e-10 s                 ; 3.59e-10 s                 ; No                        ; Yes                       ;
; PC[1]         ; 2.5 V        ; 0 s                 ; 0 s                 ; 2.32 V                       ; 4.49e-09 V                   ; 2.38 V              ; -0.00552 V          ; 0.096 V                              ; 0.019 V                              ; 4.18e-10 s                  ; 3.59e-10 s                  ; No                         ; Yes                        ; 2.32 V                      ; 4.49e-09 V                  ; 2.38 V             ; -0.00552 V         ; 0.096 V                             ; 0.019 V                             ; 4.18e-10 s                 ; 3.59e-10 s                 ; No                        ; Yes                       ;
; PC[2]         ; 2.5 V        ; 0 s                 ; 0 s                 ; 2.32 V                       ; 3.07e-09 V                   ; 2.37 V              ; -0.00994 V          ; 0.186 V                              ; 0.028 V                              ; 4.98e-10 s                  ; 4.96e-10 s                  ; Yes                        ; Yes                        ; 2.32 V                      ; 3.07e-09 V                  ; 2.37 V             ; -0.00994 V         ; 0.186 V                             ; 0.028 V                             ; 4.98e-10 s                 ; 4.96e-10 s                 ; Yes                       ; Yes                       ;
; PC[3]         ; 2.5 V        ; 0 s                 ; 0 s                 ; 2.32 V                       ; 4.49e-09 V                   ; 2.38 V              ; -0.00552 V          ; 0.096 V                              ; 0.019 V                              ; 4.18e-10 s                  ; 3.59e-10 s                  ; No                         ; Yes                        ; 2.32 V                      ; 4.49e-09 V                  ; 2.38 V             ; -0.00552 V         ; 0.096 V                             ; 0.019 V                             ; 4.18e-10 s                 ; 3.59e-10 s                 ; No                        ; Yes                       ;
; PC[4]         ; 2.5 V        ; 0 s                 ; 0 s                 ; 2.32 V                       ; 3.07e-09 V                   ; 2.37 V              ; -0.00994 V          ; 0.186 V                              ; 0.028 V                              ; 4.98e-10 s                  ; 4.96e-10 s                  ; Yes                        ; Yes                        ; 2.32 V                      ; 3.07e-09 V                  ; 2.37 V             ; -0.00994 V         ; 0.186 V                             ; 0.028 V                             ; 4.98e-10 s                 ; 4.96e-10 s                 ; Yes                       ; Yes                       ;
; PC[5]         ; 2.5 V        ; 0 s                 ; 0 s                 ; 2.32 V                       ; 3.07e-09 V                   ; 2.37 V              ; -0.00994 V          ; 0.186 V                              ; 0.028 V                              ; 4.98e-10 s                  ; 4.96e-10 s                  ; Yes                        ; Yes                        ; 2.32 V                      ; 3.07e-09 V                  ; 2.37 V             ; -0.00994 V         ; 0.186 V                             ; 0.028 V                             ; 4.98e-10 s                 ; 4.96e-10 s                 ; Yes                       ; Yes                       ;
; PC[6]         ; 2.5 V        ; 0 s                 ; 0 s                 ; 2.32 V                       ; 3.07e-09 V                   ; 2.37 V              ; -0.00994 V          ; 0.186 V                              ; 0.028 V                              ; 4.98e-10 s                  ; 4.96e-10 s                  ; Yes                        ; Yes                        ; 2.32 V                      ; 3.07e-09 V                  ; 2.37 V             ; -0.00994 V         ; 0.186 V                             ; 0.028 V                             ; 4.98e-10 s                 ; 4.96e-10 s                 ; Yes                       ; Yes                       ;
; PC[7]         ; 2.5 V        ; 0 s                 ; 0 s                 ; 2.32 V                       ; 3.07e-09 V                   ; 2.33 V              ; -0.00496 V          ; 0.223 V                              ; 0.086 V                              ; 2.9e-09 s                   ; 2.73e-09 s                  ; Yes                        ; Yes                        ; 2.32 V                      ; 3.07e-09 V                  ; 2.33 V             ; -0.00496 V         ; 0.223 V                             ; 0.086 V                             ; 2.9e-09 s                  ; 2.73e-09 s                 ; Yes                       ; Yes                       ;
; PC[8]         ; 2.5 V        ; 0 s                 ; 0 s                 ; 2.32 V                       ; 3.07e-09 V                   ; 2.37 V              ; -0.00994 V          ; 0.186 V                              ; 0.028 V                              ; 4.98e-10 s                  ; 4.96e-10 s                  ; Yes                        ; Yes                        ; 2.32 V                      ; 3.07e-09 V                  ; 2.37 V             ; -0.00994 V         ; 0.186 V                             ; 0.028 V                             ; 4.98e-10 s                 ; 4.96e-10 s                 ; Yes                       ; Yes                       ;
; PC[9]         ; 2.5 V        ; 0 s                 ; 0 s                 ; 2.32 V                       ; 3.07e-09 V                   ; 2.37 V              ; -0.00994 V          ; 0.186 V                              ; 0.028 V                              ; 4.98e-10 s                  ; 4.96e-10 s                  ; Yes                        ; Yes                        ; 2.32 V                      ; 3.07e-09 V                  ; 2.37 V             ; -0.00994 V         ; 0.186 V                             ; 0.028 V                             ; 4.98e-10 s                 ; 4.96e-10 s                 ; Yes                       ; Yes                       ;
; PC[10]        ; 2.5 V        ; 0 s                 ; 0 s                 ; 2.32 V                       ; 4.49e-09 V                   ; 2.38 V              ; -0.00552 V          ; 0.096 V                              ; 0.019 V                              ; 4.18e-10 s                  ; 3.59e-10 s                  ; No                         ; Yes                        ; 2.32 V                      ; 4.49e-09 V                  ; 2.38 V             ; -0.00552 V         ; 0.096 V                             ; 0.019 V                             ; 4.18e-10 s                 ; 3.59e-10 s                 ; No                        ; Yes                       ;
; PC[11]        ; 2.5 V        ; 0 s                 ; 0 s                 ; 2.32 V                       ; 4.49e-09 V                   ; 2.38 V              ; -0.00552 V          ; 0.096 V                              ; 0.019 V                              ; 4.18e-10 s                  ; 3.59e-10 s                  ; No                         ; Yes                        ; 2.32 V                      ; 4.49e-09 V                  ; 2.38 V             ; -0.00552 V         ; 0.096 V                             ; 0.019 V                             ; 4.18e-10 s                 ; 3.59e-10 s                 ; No                        ; Yes                       ;
; PC[12]        ; 2.5 V        ; 0 s                 ; 0 s                 ; 2.32 V                       ; 4.49e-09 V                   ; 2.38 V              ; -0.00552 V          ; 0.096 V                              ; 0.019 V                              ; 4.18e-10 s                  ; 3.59e-10 s                  ; No                         ; Yes                        ; 2.32 V                      ; 4.49e-09 V                  ; 2.38 V             ; -0.00552 V         ; 0.096 V                             ; 0.019 V                             ; 4.18e-10 s                 ; 3.59e-10 s                 ; No                        ; Yes                       ;
; PC[13]        ; 2.5 V        ; 0 s                 ; 0 s                 ; 2.32 V                       ; 4.49e-09 V                   ; 2.38 V              ; -0.00552 V          ; 0.096 V                              ; 0.019 V                              ; 4.18e-10 s                  ; 3.59e-10 s                  ; No                         ; Yes                        ; 2.32 V                      ; 4.49e-09 V                  ; 2.38 V             ; -0.00552 V         ; 0.096 V                             ; 0.019 V                             ; 4.18e-10 s                 ; 3.59e-10 s                 ; No                        ; Yes                       ;
; PC[14]        ; 2.5 V        ; 0 s                 ; 0 s                 ; 2.32 V                       ; 4.49e-09 V                   ; 2.38 V              ; -0.00552 V          ; 0.096 V                              ; 0.019 V                              ; 4.18e-10 s                  ; 3.59e-10 s                  ; No                         ; Yes                        ; 2.32 V                      ; 4.49e-09 V                  ; 2.38 V             ; -0.00552 V         ; 0.096 V                             ; 0.019 V                             ; 4.18e-10 s                 ; 3.59e-10 s                 ; No                        ; Yes                       ;
; PC[15]        ; 2.5 V        ; 0 s                 ; 0 s                 ; 2.32 V                       ; 4.49e-09 V                   ; 2.38 V              ; -0.00552 V          ; 0.096 V                              ; 0.019 V                              ; 4.18e-10 s                  ; 3.59e-10 s                  ; No                         ; Yes                        ; 2.32 V                      ; 4.49e-09 V                  ; 2.38 V             ; -0.00552 V         ; 0.096 V                             ; 0.019 V                             ; 4.18e-10 s                 ; 3.59e-10 s                 ; No                        ; Yes                       ;
; PC[16]        ; 2.5 V        ; 0 s                 ; 0 s                 ; 2.32 V                       ; 4.49e-09 V                   ; 2.38 V              ; -0.00552 V          ; 0.096 V                              ; 0.019 V                              ; 4.18e-10 s                  ; 3.59e-10 s                  ; No                         ; Yes                        ; 2.32 V                      ; 4.49e-09 V                  ; 2.38 V             ; -0.00552 V         ; 0.096 V                             ; 0.019 V                             ; 4.18e-10 s                 ; 3.59e-10 s                 ; No                        ; Yes                       ;
; PC[17]        ; 2.5 V        ; 0 s                 ; 0 s                 ; 2.32 V                       ; 4.49e-09 V                   ; 2.38 V              ; -0.00552 V          ; 0.096 V                              ; 0.019 V                              ; 4.18e-10 s                  ; 3.59e-10 s                  ; No                         ; Yes                        ; 2.32 V                      ; 4.49e-09 V                  ; 2.38 V             ; -0.00552 V         ; 0.096 V                             ; 0.019 V                             ; 4.18e-10 s                 ; 3.59e-10 s                 ; No                        ; Yes                       ;
; PC[18]        ; 2.5 V        ; 0 s                 ; 0 s                 ; 2.32 V                       ; 4.49e-09 V                   ; 2.38 V              ; -0.00552 V          ; 0.096 V                              ; 0.019 V                              ; 4.18e-10 s                  ; 3.59e-10 s                  ; No                         ; Yes                        ; 2.32 V                      ; 4.49e-09 V                  ; 2.38 V             ; -0.00552 V         ; 0.096 V                             ; 0.019 V                             ; 4.18e-10 s                 ; 3.59e-10 s                 ; No                        ; Yes                       ;
; PC[19]        ; 2.5 V        ; 0 s                 ; 0 s                 ; 2.32 V                       ; 4.49e-09 V                   ; 2.38 V              ; -0.00552 V          ; 0.096 V                              ; 0.019 V                              ; 4.18e-10 s                  ; 3.59e-10 s                  ; No                         ; Yes                        ; 2.32 V                      ; 4.49e-09 V                  ; 2.38 V             ; -0.00552 V         ; 0.096 V                             ; 0.019 V                             ; 4.18e-10 s                 ; 3.59e-10 s                 ; No                        ; Yes                       ;
; PC[20]        ; 2.5 V        ; 0 s                 ; 0 s                 ; 2.32 V                       ; 4.49e-09 V                   ; 2.38 V              ; -0.00552 V          ; 0.096 V                              ; 0.019 V                              ; 4.18e-10 s                  ; 3.59e-10 s                  ; No                         ; Yes                        ; 2.32 V                      ; 4.49e-09 V                  ; 2.38 V             ; -0.00552 V         ; 0.096 V                             ; 0.019 V                             ; 4.18e-10 s                 ; 3.59e-10 s                 ; No                        ; Yes                       ;
; PC[21]        ; 2.5 V        ; 0 s                 ; 0 s                 ; 2.32 V                       ; 4.49e-09 V                   ; 2.38 V              ; -0.00552 V          ; 0.096 V                              ; 0.019 V                              ; 4.18e-10 s                  ; 3.59e-10 s                  ; No                         ; Yes                        ; 2.32 V                      ; 4.49e-09 V                  ; 2.38 V             ; -0.00552 V         ; 0.096 V                             ; 0.019 V                             ; 4.18e-10 s                 ; 3.59e-10 s                 ; No                        ; Yes                       ;
; PC[22]        ; 2.5 V        ; 0 s                 ; 0 s                 ; 2.32 V                       ; 4.49e-09 V                   ; 2.38 V              ; -0.00552 V          ; 0.096 V                              ; 0.019 V                              ; 4.18e-10 s                  ; 3.59e-10 s                  ; No                         ; Yes                        ; 2.32 V                      ; 4.49e-09 V                  ; 2.38 V             ; -0.00552 V         ; 0.096 V                             ; 0.019 V                             ; 4.18e-10 s                 ; 3.59e-10 s                 ; No                        ; Yes                       ;
; PC[23]        ; 2.5 V        ; 0 s                 ; 0 s                 ; 2.32 V                       ; 4.49e-09 V                   ; 2.38 V              ; -0.00552 V          ; 0.096 V                              ; 0.019 V                              ; 4.18e-10 s                  ; 3.59e-10 s                  ; No                         ; Yes                        ; 2.32 V                      ; 4.49e-09 V                  ; 2.38 V             ; -0.00552 V         ; 0.096 V                             ; 0.019 V                             ; 4.18e-10 s                 ; 3.59e-10 s                 ; No                        ; Yes                       ;
; PC[24]        ; 2.5 V        ; 0 s                 ; 0 s                 ; 2.32 V                       ; 4.49e-09 V                   ; 2.38 V              ; -0.00552 V          ; 0.096 V                              ; 0.019 V                              ; 4.18e-10 s                  ; 3.59e-10 s                  ; No                         ; Yes                        ; 2.32 V                      ; 4.49e-09 V                  ; 2.38 V             ; -0.00552 V         ; 0.096 V                             ; 0.019 V                             ; 4.18e-10 s                 ; 3.59e-10 s                 ; No                        ; Yes                       ;
; PC[25]        ; 2.5 V        ; 0 s                 ; 0 s                 ; 2.32 V                       ; 4.49e-09 V                   ; 2.38 V              ; -0.00552 V          ; 0.096 V                              ; 0.019 V                              ; 4.18e-10 s                  ; 3.59e-10 s                  ; No                         ; Yes                        ; 2.32 V                      ; 4.49e-09 V                  ; 2.38 V             ; -0.00552 V         ; 0.096 V                             ; 0.019 V                             ; 4.18e-10 s                 ; 3.59e-10 s                 ; No                        ; Yes                       ;
; PC[26]        ; 2.5 V        ; 0 s                 ; 0 s                 ; 2.32 V                       ; 4.49e-09 V                   ; 2.38 V              ; -0.00552 V          ; 0.096 V                              ; 0.019 V                              ; 4.18e-10 s                  ; 3.59e-10 s                  ; No                         ; Yes                        ; 2.32 V                      ; 4.49e-09 V                  ; 2.38 V             ; -0.00552 V         ; 0.096 V                             ; 0.019 V                             ; 4.18e-10 s                 ; 3.59e-10 s                 ; No                        ; Yes                       ;
; PC[27]        ; 2.5 V        ; 0 s                 ; 0 s                 ; 2.32 V                       ; 4.49e-09 V                   ; 2.38 V              ; -0.00552 V          ; 0.096 V                              ; 0.019 V                              ; 4.18e-10 s                  ; 3.59e-10 s                  ; No                         ; Yes                        ; 2.32 V                      ; 4.49e-09 V                  ; 2.38 V             ; -0.00552 V         ; 0.096 V                             ; 0.019 V                             ; 4.18e-10 s                 ; 3.59e-10 s                 ; No                        ; Yes                       ;
; PC[28]        ; 2.5 V        ; 0 s                 ; 0 s                 ; 2.32 V                       ; 4.49e-09 V                   ; 2.38 V              ; -0.00552 V          ; 0.096 V                              ; 0.019 V                              ; 4.18e-10 s                  ; 3.59e-10 s                  ; No                         ; Yes                        ; 2.32 V                      ; 4.49e-09 V                  ; 2.38 V             ; -0.00552 V         ; 0.096 V                             ; 0.019 V                             ; 4.18e-10 s                 ; 3.59e-10 s                 ; No                        ; Yes                       ;
; PC[29]        ; 2.5 V        ; 0 s                 ; 0 s                 ; 2.32 V                       ; 4.49e-09 V                   ; 2.33 V              ; -0.00467 V          ; 0.226 V                              ; 0.087 V                              ; 2.91e-09 s                  ; 2.74e-09 s                  ; Yes                        ; Yes                        ; 2.32 V                      ; 4.49e-09 V                  ; 2.33 V             ; -0.00467 V         ; 0.226 V                             ; 0.087 V                             ; 2.91e-09 s                 ; 2.74e-09 s                 ; Yes                       ; Yes                       ;
; PC[30]        ; 2.5 V        ; 0 s                 ; 0 s                 ; 2.32 V                       ; 4.49e-09 V                   ; 2.38 V              ; -0.00552 V          ; 0.096 V                              ; 0.019 V                              ; 4.18e-10 s                  ; 3.59e-10 s                  ; No                         ; Yes                        ; 2.32 V                      ; 4.49e-09 V                  ; 2.38 V             ; -0.00552 V         ; 0.096 V                             ; 0.019 V                             ; 4.18e-10 s                 ; 3.59e-10 s                 ; No                        ; Yes                       ;
; PC[31]        ; 2.5 V        ; 0 s                 ; 0 s                 ; 2.32 V                       ; 4.49e-09 V                   ; 2.38 V              ; -0.00552 V          ; 0.096 V                              ; 0.019 V                              ; 4.18e-10 s                  ; 3.59e-10 s                  ; No                         ; Yes                        ; 2.32 V                      ; 4.49e-09 V                  ; 2.38 V             ; -0.00552 V         ; 0.096 V                             ; 0.019 V                             ; 4.18e-10 s                 ; 3.59e-10 s                 ; No                        ; Yes                       ;
; LEDR[0]       ; 2.5 V        ; 0 s                 ; 0 s                 ; 2.32 V                       ; 4.49e-09 V                   ; 2.38 V              ; -0.00552 V          ; 0.096 V                              ; 0.019 V                              ; 4.18e-10 s                  ; 3.59e-10 s                  ; No                         ; Yes                        ; 2.32 V                      ; 4.49e-09 V                  ; 2.38 V             ; -0.00552 V         ; 0.096 V                             ; 0.019 V                             ; 4.18e-10 s                 ; 3.59e-10 s                 ; No                        ; Yes                       ;
; LEDR[1]       ; 2.5 V        ; 0 s                 ; 0 s                 ; 2.32 V                       ; 4.49e-09 V                   ; 2.38 V              ; -0.00552 V          ; 0.096 V                              ; 0.019 V                              ; 4.18e-10 s                  ; 3.59e-10 s                  ; No                         ; Yes                        ; 2.32 V                      ; 4.49e-09 V                  ; 2.38 V             ; -0.00552 V         ; 0.096 V                             ; 0.019 V                             ; 4.18e-10 s                 ; 3.59e-10 s                 ; No                        ; Yes                       ;
; LEDR[2]       ; 2.5 V        ; 0 s                 ; 0 s                 ; 2.32 V                       ; 4.49e-09 V                   ; 2.38 V              ; -0.00552 V          ; 0.096 V                              ; 0.019 V                              ; 4.18e-10 s                  ; 3.59e-10 s                  ; No                         ; Yes                        ; 2.32 V                      ; 4.49e-09 V                  ; 2.38 V             ; -0.00552 V         ; 0.096 V                             ; 0.019 V                             ; 4.18e-10 s                 ; 3.59e-10 s                 ; No                        ; Yes                       ;
; LEDR[3]       ; 2.5 V        ; 0 s                 ; 0 s                 ; 2.32 V                       ; 4.49e-09 V                   ; 2.38 V              ; -0.00552 V          ; 0.096 V                              ; 0.019 V                              ; 4.18e-10 s                  ; 3.59e-10 s                  ; No                         ; Yes                        ; 2.32 V                      ; 4.49e-09 V                  ; 2.38 V             ; -0.00552 V         ; 0.096 V                             ; 0.019 V                             ; 4.18e-10 s                 ; 3.59e-10 s                 ; No                        ; Yes                       ;
; LEDR[4]       ; 2.5 V        ; 0 s                 ; 0 s                 ; 2.32 V                       ; 4.49e-09 V                   ; 2.38 V              ; -0.00552 V          ; 0.096 V                              ; 0.019 V                              ; 4.18e-10 s                  ; 3.59e-10 s                  ; No                         ; Yes                        ; 2.32 V                      ; 4.49e-09 V                  ; 2.38 V             ; -0.00552 V         ; 0.096 V                             ; 0.019 V                             ; 4.18e-10 s                 ; 3.59e-10 s                 ; No                        ; Yes                       ;
; LEDR[5]       ; 2.5 V        ; 0 s                 ; 0 s                 ; 2.32 V                       ; 4.49e-09 V                   ; 2.38 V              ; -0.00552 V          ; 0.096 V                              ; 0.019 V                              ; 4.18e-10 s                  ; 3.59e-10 s                  ; No                         ; Yes                        ; 2.32 V                      ; 4.49e-09 V                  ; 2.38 V             ; -0.00552 V         ; 0.096 V                             ; 0.019 V                             ; 4.18e-10 s                 ; 3.59e-10 s                 ; No                        ; Yes                       ;
; LEDR[6]       ; 2.5 V        ; 0 s                 ; 0 s                 ; 2.32 V                       ; 4.49e-09 V                   ; 2.38 V              ; -0.00552 V          ; 0.096 V                              ; 0.019 V                              ; 4.18e-10 s                  ; 3.59e-10 s                  ; No                         ; Yes                        ; 2.32 V                      ; 4.49e-09 V                  ; 2.38 V             ; -0.00552 V         ; 0.096 V                             ; 0.019 V                             ; 4.18e-10 s                 ; 3.59e-10 s                 ; No                        ; Yes                       ;
; LEDR[7]       ; 2.5 V        ; 0 s                 ; 0 s                 ; 2.32 V                       ; 4.49e-09 V                   ; 2.38 V              ; -0.00552 V          ; 0.096 V                              ; 0.019 V                              ; 4.18e-10 s                  ; 3.59e-10 s                  ; No                         ; Yes                        ; 2.32 V                      ; 4.49e-09 V                  ; 2.38 V             ; -0.00552 V         ; 0.096 V                             ; 0.019 V                             ; 4.18e-10 s                 ; 3.59e-10 s                 ; No                        ; Yes                       ;
; LEDR[8]       ; 2.5 V        ; 0 s                 ; 0 s                 ; 2.32 V                       ; 4.49e-09 V                   ; 2.38 V              ; -0.00552 V          ; 0.096 V                              ; 0.019 V                              ; 4.18e-10 s                  ; 3.59e-10 s                  ; No                         ; Yes                        ; 2.32 V                      ; 4.49e-09 V                  ; 2.38 V             ; -0.00552 V         ; 0.096 V                             ; 0.019 V                             ; 4.18e-10 s                 ; 3.59e-10 s                 ; No                        ; Yes                       ;
; LEDR[9]       ; 2.5 V        ; 0 s                 ; 0 s                 ; 2.32 V                       ; 4.49e-09 V                   ; 2.33 V              ; -0.00467 V          ; 0.226 V                              ; 0.087 V                              ; 2.91e-09 s                  ; 2.74e-09 s                  ; Yes                        ; Yes                        ; 2.32 V                      ; 4.49e-09 V                  ; 2.33 V             ; -0.00467 V         ; 0.226 V                             ; 0.087 V                             ; 2.91e-09 s                 ; 2.74e-09 s                 ; Yes                       ; Yes                       ;
; LEDR[10]      ; 2.5 V        ; 0 s                 ; 0 s                 ; 2.32 V                       ; 4.49e-09 V                   ; 2.38 V              ; -0.00552 V          ; 0.096 V                              ; 0.019 V                              ; 4.18e-10 s                  ; 3.59e-10 s                  ; No                         ; Yes                        ; 2.32 V                      ; 4.49e-09 V                  ; 2.38 V             ; -0.00552 V         ; 0.096 V                             ; 0.019 V                             ; 4.18e-10 s                 ; 3.59e-10 s                 ; No                        ; Yes                       ;
; LEDR[11]      ; 2.5 V        ; 0 s                 ; 0 s                 ; 2.32 V                       ; 4.49e-09 V                   ; 2.38 V              ; -0.00552 V          ; 0.096 V                              ; 0.019 V                              ; 4.18e-10 s                  ; 3.59e-10 s                  ; No                         ; Yes                        ; 2.32 V                      ; 4.49e-09 V                  ; 2.38 V             ; -0.00552 V         ; 0.096 V                             ; 0.019 V                             ; 4.18e-10 s                 ; 3.59e-10 s                 ; No                        ; Yes                       ;
; LEDR[12]      ; 2.5 V        ; 0 s                 ; 0 s                 ; 2.32 V                       ; 4.49e-09 V                   ; 2.38 V              ; -0.00552 V          ; 0.096 V                              ; 0.019 V                              ; 4.18e-10 s                  ; 3.59e-10 s                  ; No                         ; Yes                        ; 2.32 V                      ; 4.49e-09 V                  ; 2.38 V             ; -0.00552 V         ; 0.096 V                             ; 0.019 V                             ; 4.18e-10 s                 ; 3.59e-10 s                 ; No                        ; Yes                       ;
; LEDR[13]      ; 2.5 V        ; 0 s                 ; 0 s                 ; 2.32 V                       ; 4.49e-09 V                   ; 2.38 V              ; -0.00552 V          ; 0.096 V                              ; 0.019 V                              ; 4.18e-10 s                  ; 3.59e-10 s                  ; No                         ; Yes                        ; 2.32 V                      ; 4.49e-09 V                  ; 2.38 V             ; -0.00552 V         ; 0.096 V                             ; 0.019 V                             ; 4.18e-10 s                 ; 3.59e-10 s                 ; No                        ; Yes                       ;
; LEDR[14]      ; 2.5 V        ; 0 s                 ; 0 s                 ; 2.32 V                       ; 4.49e-09 V                   ; 2.38 V              ; -0.00552 V          ; 0.096 V                              ; 0.019 V                              ; 4.18e-10 s                  ; 3.59e-10 s                  ; No                         ; Yes                        ; 2.32 V                      ; 4.49e-09 V                  ; 2.38 V             ; -0.00552 V         ; 0.096 V                             ; 0.019 V                             ; 4.18e-10 s                 ; 3.59e-10 s                 ; No                        ; Yes                       ;
; LEDR[15]      ; 2.5 V        ; 0 s                 ; 0 s                 ; 2.32 V                       ; 4.49e-09 V                   ; 2.33 V              ; -0.00467 V          ; 0.226 V                              ; 0.087 V                              ; 2.91e-09 s                  ; 2.74e-09 s                  ; Yes                        ; Yes                        ; 2.32 V                      ; 4.49e-09 V                  ; 2.33 V             ; -0.00467 V         ; 0.226 V                             ; 0.087 V                             ; 2.91e-09 s                 ; 2.74e-09 s                 ; Yes                       ; Yes                       ;
; LEDR[16]      ; 2.5 V        ; 0 s                 ; 0 s                 ; 2.32 V                       ; 4.49e-09 V                   ; 2.38 V              ; -0.00552 V          ; 0.096 V                              ; 0.019 V                              ; 4.18e-10 s                  ; 3.59e-10 s                  ; No                         ; Yes                        ; 2.32 V                      ; 4.49e-09 V                  ; 2.38 V             ; -0.00552 V         ; 0.096 V                             ; 0.019 V                             ; 4.18e-10 s                 ; 3.59e-10 s                 ; No                        ; Yes                       ;
; LEDR[17]      ; 2.5 V        ; 0 s                 ; 0 s                 ; 2.32 V                       ; 4.49e-09 V                   ; 2.38 V              ; -0.00552 V          ; 0.096 V                              ; 0.019 V                              ; 4.18e-10 s                  ; 3.59e-10 s                  ; No                         ; Yes                        ; 2.32 V                      ; 4.49e-09 V                  ; 2.38 V             ; -0.00552 V         ; 0.096 V                             ; 0.019 V                             ; 4.18e-10 s                 ; 3.59e-10 s                 ; No                        ; Yes                       ;
; LEDG[0]       ; 2.5 V        ; 0 s                 ; 0 s                 ; 2.32 V                       ; 4.49e-09 V                   ; 2.38 V              ; -0.00552 V          ; 0.096 V                              ; 0.019 V                              ; 4.18e-10 s                  ; 3.59e-10 s                  ; No                         ; Yes                        ; 2.32 V                      ; 4.49e-09 V                  ; 2.38 V             ; -0.00552 V         ; 0.096 V                             ; 0.019 V                             ; 4.18e-10 s                 ; 3.59e-10 s                 ; No                        ; Yes                       ;
; LEDG[1]       ; 2.5 V        ; 0 s                 ; 0 s                 ; 2.32 V                       ; 4.49e-09 V                   ; 2.38 V              ; -0.00552 V          ; 0.096 V                              ; 0.019 V                              ; 4.18e-10 s                  ; 3.59e-10 s                  ; No                         ; Yes                        ; 2.32 V                      ; 4.49e-09 V                  ; 2.38 V             ; -0.00552 V         ; 0.096 V                             ; 0.019 V                             ; 4.18e-10 s                 ; 3.59e-10 s                 ; No                        ; Yes                       ;
; LEDG[2]       ; 2.5 V        ; 0 s                 ; 0 s                 ; 2.32 V                       ; 4.49e-09 V                   ; 2.38 V              ; -0.00552 V          ; 0.096 V                              ; 0.019 V                              ; 4.18e-10 s                  ; 3.59e-10 s                  ; No                         ; Yes                        ; 2.32 V                      ; 4.49e-09 V                  ; 2.38 V             ; -0.00552 V         ; 0.096 V                             ; 0.019 V                             ; 4.18e-10 s                 ; 3.59e-10 s                 ; No                        ; Yes                       ;
; LEDG[3]       ; 2.5 V        ; 0 s                 ; 0 s                 ; 2.32 V                       ; 4.49e-09 V                   ; 2.38 V              ; -0.00552 V          ; 0.096 V                              ; 0.019 V                              ; 4.18e-10 s                  ; 3.59e-10 s                  ; No                         ; Yes                        ; 2.32 V                      ; 4.49e-09 V                  ; 2.38 V             ; -0.00552 V         ; 0.096 V                             ; 0.019 V                             ; 4.18e-10 s                 ; 3.59e-10 s                 ; No                        ; Yes                       ;
; LEDG[4]       ; 2.5 V        ; 0 s                 ; 0 s                 ; 2.32 V                       ; 4.49e-09 V                   ; 2.38 V              ; -0.00552 V          ; 0.096 V                              ; 0.019 V                              ; 4.18e-10 s                  ; 3.59e-10 s                  ; No                         ; Yes                        ; 2.32 V                      ; 4.49e-09 V                  ; 2.38 V             ; -0.00552 V         ; 0.096 V                             ; 0.019 V                             ; 4.18e-10 s                 ; 3.59e-10 s                 ; No                        ; Yes                       ;
; LEDG[5]       ; 2.5 V        ; 0 s                 ; 0 s                 ; 2.32 V                       ; 4.49e-09 V                   ; 2.38 V              ; -0.00552 V          ; 0.096 V                              ; 0.019 V                              ; 4.18e-10 s                  ; 3.59e-10 s                  ; No                         ; Yes                        ; 2.32 V                      ; 4.49e-09 V                  ; 2.38 V             ; -0.00552 V         ; 0.096 V                             ; 0.019 V                             ; 4.18e-10 s                 ; 3.59e-10 s                 ; No                        ; Yes                       ;
; LEDG[6]       ; 2.5 V        ; 0 s                 ; 0 s                 ; 2.32 V                       ; 4.49e-09 V                   ; 2.38 V              ; -0.00552 V          ; 0.096 V                              ; 0.019 V                              ; 4.18e-10 s                  ; 3.59e-10 s                  ; No                         ; Yes                        ; 2.32 V                      ; 4.49e-09 V                  ; 2.38 V             ; -0.00552 V         ; 0.096 V                             ; 0.019 V                             ; 4.18e-10 s                 ; 3.59e-10 s                 ; No                        ; Yes                       ;
; LEDG[7]       ; 2.5 V        ; 0 s                 ; 0 s                 ; 2.32 V                       ; 4.49e-09 V                   ; 2.38 V              ; -0.00552 V          ; 0.096 V                              ; 0.019 V                              ; 4.18e-10 s                  ; 3.59e-10 s                  ; No                         ; Yes                        ; 2.32 V                      ; 4.49e-09 V                  ; 2.38 V             ; -0.00552 V         ; 0.096 V                             ; 0.019 V                             ; 4.18e-10 s                 ; 3.59e-10 s                 ; No                        ; Yes                       ;
; LEDG[8]       ; 2.5 V        ; 0 s                 ; 0 s                 ; 2.32 V                       ; 4.49e-09 V                   ; 2.38 V              ; -0.00552 V          ; 0.096 V                              ; 0.019 V                              ; 4.18e-10 s                  ; 3.59e-10 s                  ; No                         ; Yes                        ; 2.32 V                      ; 4.49e-09 V                  ; 2.38 V             ; -0.00552 V         ; 0.096 V                             ; 0.019 V                             ; 4.18e-10 s                 ; 3.59e-10 s                 ; No                        ; Yes                       ;
; ~ALTERA_DCLK~ ; 2.5 V        ; 0 s                 ; 0 s                 ; 2.32 V                       ; 2.67e-09 V                   ; 2.38 V              ; -0.0485 V           ; 0.167 V                              ; 0.096 V                              ; 2.95e-10 s                  ; 2.73e-10 s                  ; Yes                        ; Yes                        ; 2.32 V                      ; 2.67e-09 V                  ; 2.38 V             ; -0.0485 V          ; 0.167 V                             ; 0.096 V                             ; 2.95e-10 s                 ; 2.73e-10 s                 ; Yes                       ; Yes                       ;
; ~ALTERA_nCEO~ ; 2.5 V        ; 0 s                 ; 0 s                 ; 2.32 V                       ; 4.18e-09 V                   ; 2.38 V              ; -0.00483 V          ; 0.152 V                              ; 0.012 V                              ; 4.81e-10 s                  ; 6.29e-10 s                  ; Yes                        ; Yes                        ; 2.32 V                      ; 4.18e-09 V                  ; 2.38 V             ; -0.00483 V         ; 0.152 V                             ; 0.012 V                             ; 4.81e-10 s                 ; 6.29e-10 s                 ; Yes                       ; Yes                       ;
+---------------+--------------+---------------------+---------------------+------------------------------+------------------------------+---------------------+---------------------+--------------------------------------+--------------------------------------+-----------------------------+-----------------------------+----------------------------+----------------------------+-----------------------------+-----------------------------+--------------------+--------------------+-------------------------------------+-------------------------------------+----------------------------+----------------------------+---------------------------+---------------------------+


+--------------------------------------------------------------------------------------------------------------------------------------------------------------------------------------------------------------------------------------------------------------------------------------------------------------------------------------------------------------------------------------------------------------------------------------------------------------------------------------------------------------------------------------------------------------------------------------------------------------------------------------------------------------------------------------------+
; Signal Integrity Metrics (Slow 1200mv 85c Model)                                                                                                                                                                                                                                                                                                                                                                                                                                                                                                                                                                                                                                           ;
+---------------+--------------+---------------------+---------------------+------------------------------+------------------------------+---------------------+---------------------+--------------------------------------+--------------------------------------+-----------------------------+-----------------------------+----------------------------+----------------------------+-----------------------------+-----------------------------+--------------------+--------------------+-------------------------------------+-------------------------------------+----------------------------+----------------------------+---------------------------+---------------------------+
; Pin           ; I/O Standard ; Board Delay on Rise ; Board Delay on Fall ; Steady State Voh at FPGA Pin ; Steady State Vol at FPGA Pin ; Voh Max at FPGA Pin ; Vol Min at FPGA Pin ; Ringback Voltage on Rise at FPGA Pin ; Ringback Voltage on Fall at FPGA Pin ; 10-90 Rise Time at FPGA Pin ; 90-10 Fall Time at FPGA Pin ; Monotonic Rise at FPGA Pin ; Monotonic Fall at FPGA Pin ; Steady State Voh at Far-end ; Steady State Vol at Far-end ; Voh Max at Far-end ; Vol Min at Far-end ; Ringback Voltage on Rise at Far-end ; Ringback Voltage on Fall at Far-end ; 10-90 Rise Time at Far-end ; 90-10 Fall Time at Far-end ; Monotonic Rise at Far-end ; Monotonic Fall at Far-end ;
+---------------+--------------+---------------------+---------------------+------------------------------+------------------------------+---------------------+---------------------+--------------------------------------+--------------------------------------+-----------------------------+-----------------------------+----------------------------+----------------------------+-----------------------------+-----------------------------+--------------------+--------------------+-------------------------------------+-------------------------------------+----------------------------+----------------------------+---------------------------+---------------------------+
; PC[0]         ; 2.5 V        ; 0 s                 ; 0 s                 ; 2.32 V                       ; 6.92e-07 V                   ; 2.35 V              ; -0.00996 V          ; 0.121 V                              ; 0.03 V                               ; 4.64e-10 s                  ; 4.47e-10 s                  ; Yes                        ; Yes                        ; 2.32 V                      ; 6.92e-07 V                  ; 2.35 V             ; -0.00996 V         ; 0.121 V                             ; 0.03 V                              ; 4.64e-10 s                 ; 4.47e-10 s                 ; Yes                       ; Yes                       ;
; PC[1]         ; 2.5 V        ; 0 s                 ; 0 s                 ; 2.32 V                       ; 6.92e-07 V                   ; 2.35 V              ; -0.00996 V          ; 0.121 V                              ; 0.03 V                               ; 4.64e-10 s                  ; 4.47e-10 s                  ; Yes                        ; Yes                        ; 2.32 V                      ; 6.92e-07 V                  ; 2.35 V             ; -0.00996 V         ; 0.121 V                             ; 0.03 V                              ; 4.64e-10 s                 ; 4.47e-10 s                 ; Yes                       ; Yes                       ;
; PC[2]         ; 2.5 V        ; 0 s                 ; 0 s                 ; 2.32 V                       ; 4.67e-07 V                   ; 2.35 V              ; -0.00942 V          ; 0.116 V                              ; 0.033 V                              ; 6.66e-10 s                  ; 6.27e-10 s                  ; Yes                        ; Yes                        ; 2.32 V                      ; 4.67e-07 V                  ; 2.35 V             ; -0.00942 V         ; 0.116 V                             ; 0.033 V                             ; 6.66e-10 s                 ; 6.27e-10 s                 ; Yes                       ; Yes                       ;
; PC[3]         ; 2.5 V        ; 0 s                 ; 0 s                 ; 2.32 V                       ; 6.92e-07 V                   ; 2.35 V              ; -0.00996 V          ; 0.121 V                              ; 0.03 V                               ; 4.64e-10 s                  ; 4.47e-10 s                  ; Yes                        ; Yes                        ; 2.32 V                      ; 6.92e-07 V                  ; 2.35 V             ; -0.00996 V         ; 0.121 V                             ; 0.03 V                              ; 4.64e-10 s                 ; 4.47e-10 s                 ; Yes                       ; Yes                       ;
; PC[4]         ; 2.5 V        ; 0 s                 ; 0 s                 ; 2.32 V                       ; 4.67e-07 V                   ; 2.35 V              ; -0.00942 V          ; 0.116 V                              ; 0.033 V                              ; 6.66e-10 s                  ; 6.27e-10 s                  ; Yes                        ; Yes                        ; 2.32 V                      ; 4.67e-07 V                  ; 2.35 V             ; -0.00942 V         ; 0.116 V                             ; 0.033 V                             ; 6.66e-10 s                 ; 6.27e-10 s                 ; Yes                       ; Yes                       ;
; PC[5]         ; 2.5 V        ; 0 s                 ; 0 s                 ; 2.32 V                       ; 4.67e-07 V                   ; 2.35 V              ; -0.00942 V          ; 0.116 V                              ; 0.033 V                              ; 6.66e-10 s                  ; 6.27e-10 s                  ; Yes                        ; Yes                        ; 2.32 V                      ; 4.67e-07 V                  ; 2.35 V             ; -0.00942 V         ; 0.116 V                             ; 0.033 V                             ; 6.66e-10 s                 ; 6.27e-10 s                 ; Yes                       ; Yes                       ;
; PC[6]         ; 2.5 V        ; 0 s                 ; 0 s                 ; 2.32 V                       ; 4.67e-07 V                   ; 2.35 V              ; -0.00942 V          ; 0.116 V                              ; 0.033 V                              ; 6.66e-10 s                  ; 6.27e-10 s                  ; Yes                        ; Yes                        ; 2.32 V                      ; 4.67e-07 V                  ; 2.35 V             ; -0.00942 V         ; 0.116 V                             ; 0.033 V                             ; 6.66e-10 s                 ; 6.27e-10 s                 ; Yes                       ; Yes                       ;
; PC[7]         ; 2.5 V        ; 0 s                 ; 0 s                 ; 2.32 V                       ; 4.67e-07 V                   ; 2.33 V              ; -0.00269 V          ; 0.13 V                               ; 0.055 V                              ; 3.54e-09 s                  ; 3.29e-09 s                  ; Yes                        ; Yes                        ; 2.32 V                      ; 4.67e-07 V                  ; 2.33 V             ; -0.00269 V         ; 0.13 V                              ; 0.055 V                             ; 3.54e-09 s                 ; 3.29e-09 s                 ; Yes                       ; Yes                       ;
; PC[8]         ; 2.5 V        ; 0 s                 ; 0 s                 ; 2.32 V                       ; 4.67e-07 V                   ; 2.35 V              ; -0.00942 V          ; 0.116 V                              ; 0.033 V                              ; 6.66e-10 s                  ; 6.27e-10 s                  ; Yes                        ; Yes                        ; 2.32 V                      ; 4.67e-07 V                  ; 2.35 V             ; -0.00942 V         ; 0.116 V                             ; 0.033 V                             ; 6.66e-10 s                 ; 6.27e-10 s                 ; Yes                       ; Yes                       ;
; PC[9]         ; 2.5 V        ; 0 s                 ; 0 s                 ; 2.32 V                       ; 4.67e-07 V                   ; 2.35 V              ; -0.00942 V          ; 0.116 V                              ; 0.033 V                              ; 6.66e-10 s                  ; 6.27e-10 s                  ; Yes                        ; Yes                        ; 2.32 V                      ; 4.67e-07 V                  ; 2.35 V             ; -0.00942 V         ; 0.116 V                             ; 0.033 V                             ; 6.66e-10 s                 ; 6.27e-10 s                 ; Yes                       ; Yes                       ;
; PC[10]        ; 2.5 V        ; 0 s                 ; 0 s                 ; 2.32 V                       ; 6.92e-07 V                   ; 2.35 V              ; -0.00996 V          ; 0.121 V                              ; 0.03 V                               ; 4.64e-10 s                  ; 4.47e-10 s                  ; Yes                        ; Yes                        ; 2.32 V                      ; 6.92e-07 V                  ; 2.35 V             ; -0.00996 V         ; 0.121 V                             ; 0.03 V                              ; 4.64e-10 s                 ; 4.47e-10 s                 ; Yes                       ; Yes                       ;
; PC[11]        ; 2.5 V        ; 0 s                 ; 0 s                 ; 2.32 V                       ; 6.92e-07 V                   ; 2.35 V              ; -0.00996 V          ; 0.121 V                              ; 0.03 V                               ; 4.64e-10 s                  ; 4.47e-10 s                  ; Yes                        ; Yes                        ; 2.32 V                      ; 6.92e-07 V                  ; 2.35 V             ; -0.00996 V         ; 0.121 V                             ; 0.03 V                              ; 4.64e-10 s                 ; 4.47e-10 s                 ; Yes                       ; Yes                       ;
; PC[12]        ; 2.5 V        ; 0 s                 ; 0 s                 ; 2.32 V                       ; 6.92e-07 V                   ; 2.35 V              ; -0.00996 V          ; 0.121 V                              ; 0.03 V                               ; 4.64e-10 s                  ; 4.47e-10 s                  ; Yes                        ; Yes                        ; 2.32 V                      ; 6.92e-07 V                  ; 2.35 V             ; -0.00996 V         ; 0.121 V                             ; 0.03 V                              ; 4.64e-10 s                 ; 4.47e-10 s                 ; Yes                       ; Yes                       ;
; PC[13]        ; 2.5 V        ; 0 s                 ; 0 s                 ; 2.32 V                       ; 6.92e-07 V                   ; 2.35 V              ; -0.00996 V          ; 0.121 V                              ; 0.03 V                               ; 4.64e-10 s                  ; 4.47e-10 s                  ; Yes                        ; Yes                        ; 2.32 V                      ; 6.92e-07 V                  ; 2.35 V             ; -0.00996 V         ; 0.121 V                             ; 0.03 V                              ; 4.64e-10 s                 ; 4.47e-10 s                 ; Yes                       ; Yes                       ;
; PC[14]        ; 2.5 V        ; 0 s                 ; 0 s                 ; 2.32 V                       ; 6.92e-07 V                   ; 2.35 V              ; -0.00996 V          ; 0.121 V                              ; 0.03 V                               ; 4.64e-10 s                  ; 4.47e-10 s                  ; Yes                        ; Yes                        ; 2.32 V                      ; 6.92e-07 V                  ; 2.35 V             ; -0.00996 V         ; 0.121 V                             ; 0.03 V                              ; 4.64e-10 s                 ; 4.47e-10 s                 ; Yes                       ; Yes                       ;
; PC[15]        ; 2.5 V        ; 0 s                 ; 0 s                 ; 2.32 V                       ; 6.92e-07 V                   ; 2.35 V              ; -0.00996 V          ; 0.121 V                              ; 0.03 V                               ; 4.64e-10 s                  ; 4.47e-10 s                  ; Yes                        ; Yes                        ; 2.32 V                      ; 6.92e-07 V                  ; 2.35 V             ; -0.00996 V         ; 0.121 V                             ; 0.03 V                              ; 4.64e-10 s                 ; 4.47e-10 s                 ; Yes                       ; Yes                       ;
; PC[16]        ; 2.5 V        ; 0 s                 ; 0 s                 ; 2.32 V                       ; 6.92e-07 V                   ; 2.35 V              ; -0.00996 V          ; 0.121 V                              ; 0.03 V                               ; 4.64e-10 s                  ; 4.47e-10 s                  ; Yes                        ; Yes                        ; 2.32 V                      ; 6.92e-07 V                  ; 2.35 V             ; -0.00996 V         ; 0.121 V                             ; 0.03 V                              ; 4.64e-10 s                 ; 4.47e-10 s                 ; Yes                       ; Yes                       ;
; PC[17]        ; 2.5 V        ; 0 s                 ; 0 s                 ; 2.32 V                       ; 6.92e-07 V                   ; 2.35 V              ; -0.00996 V          ; 0.121 V                              ; 0.03 V                               ; 4.64e-10 s                  ; 4.47e-10 s                  ; Yes                        ; Yes                        ; 2.32 V                      ; 6.92e-07 V                  ; 2.35 V             ; -0.00996 V         ; 0.121 V                             ; 0.03 V                              ; 4.64e-10 s                 ; 4.47e-10 s                 ; Yes                       ; Yes                       ;
; PC[18]        ; 2.5 V        ; 0 s                 ; 0 s                 ; 2.32 V                       ; 6.92e-07 V                   ; 2.35 V              ; -0.00996 V          ; 0.121 V                              ; 0.03 V                               ; 4.64e-10 s                  ; 4.47e-10 s                  ; Yes                        ; Yes                        ; 2.32 V                      ; 6.92e-07 V                  ; 2.35 V             ; -0.00996 V         ; 0.121 V                             ; 0.03 V                              ; 4.64e-10 s                 ; 4.47e-10 s                 ; Yes                       ; Yes                       ;
; PC[19]        ; 2.5 V        ; 0 s                 ; 0 s                 ; 2.32 V                       ; 6.92e-07 V                   ; 2.35 V              ; -0.00996 V          ; 0.121 V                              ; 0.03 V                               ; 4.64e-10 s                  ; 4.47e-10 s                  ; Yes                        ; Yes                        ; 2.32 V                      ; 6.92e-07 V                  ; 2.35 V             ; -0.00996 V         ; 0.121 V                             ; 0.03 V                              ; 4.64e-10 s                 ; 4.47e-10 s                 ; Yes                       ; Yes                       ;
; PC[20]        ; 2.5 V        ; 0 s                 ; 0 s                 ; 2.32 V                       ; 6.92e-07 V                   ; 2.35 V              ; -0.00996 V          ; 0.121 V                              ; 0.03 V                               ; 4.64e-10 s                  ; 4.47e-10 s                  ; Yes                        ; Yes                        ; 2.32 V                      ; 6.92e-07 V                  ; 2.35 V             ; -0.00996 V         ; 0.121 V                             ; 0.03 V                              ; 4.64e-10 s                 ; 4.47e-10 s                 ; Yes                       ; Yes                       ;
; PC[21]        ; 2.5 V        ; 0 s                 ; 0 s                 ; 2.32 V                       ; 6.92e-07 V                   ; 2.35 V              ; -0.00996 V          ; 0.121 V                              ; 0.03 V                               ; 4.64e-10 s                  ; 4.47e-10 s                  ; Yes                        ; Yes                        ; 2.32 V                      ; 6.92e-07 V                  ; 2.35 V             ; -0.00996 V         ; 0.121 V                             ; 0.03 V                              ; 4.64e-10 s                 ; 4.47e-10 s                 ; Yes                       ; Yes                       ;
; PC[22]        ; 2.5 V        ; 0 s                 ; 0 s                 ; 2.32 V                       ; 6.92e-07 V                   ; 2.35 V              ; -0.00996 V          ; 0.121 V                              ; 0.03 V                               ; 4.64e-10 s                  ; 4.47e-10 s                  ; Yes                        ; Yes                        ; 2.32 V                      ; 6.92e-07 V                  ; 2.35 V             ; -0.00996 V         ; 0.121 V                             ; 0.03 V                              ; 4.64e-10 s                 ; 4.47e-10 s                 ; Yes                       ; Yes                       ;
; PC[23]        ; 2.5 V        ; 0 s                 ; 0 s                 ; 2.32 V                       ; 6.92e-07 V                   ; 2.35 V              ; -0.00996 V          ; 0.121 V                              ; 0.03 V                               ; 4.64e-10 s                  ; 4.47e-10 s                  ; Yes                        ; Yes                        ; 2.32 V                      ; 6.92e-07 V                  ; 2.35 V             ; -0.00996 V         ; 0.121 V                             ; 0.03 V                              ; 4.64e-10 s                 ; 4.47e-10 s                 ; Yes                       ; Yes                       ;
; PC[24]        ; 2.5 V        ; 0 s                 ; 0 s                 ; 2.32 V                       ; 6.92e-07 V                   ; 2.35 V              ; -0.00996 V          ; 0.121 V                              ; 0.03 V                               ; 4.64e-10 s                  ; 4.47e-10 s                  ; Yes                        ; Yes                        ; 2.32 V                      ; 6.92e-07 V                  ; 2.35 V             ; -0.00996 V         ; 0.121 V                             ; 0.03 V                              ; 4.64e-10 s                 ; 4.47e-10 s                 ; Yes                       ; Yes                       ;
; PC[25]        ; 2.5 V        ; 0 s                 ; 0 s                 ; 2.32 V                       ; 6.92e-07 V                   ; 2.35 V              ; -0.00996 V          ; 0.121 V                              ; 0.03 V                               ; 4.64e-10 s                  ; 4.47e-10 s                  ; Yes                        ; Yes                        ; 2.32 V                      ; 6.92e-07 V                  ; 2.35 V             ; -0.00996 V         ; 0.121 V                             ; 0.03 V                              ; 4.64e-10 s                 ; 4.47e-10 s                 ; Yes                       ; Yes                       ;
; PC[26]        ; 2.5 V        ; 0 s                 ; 0 s                 ; 2.32 V                       ; 6.92e-07 V                   ; 2.35 V              ; -0.00996 V          ; 0.121 V                              ; 0.03 V                               ; 4.64e-10 s                  ; 4.47e-10 s                  ; Yes                        ; Yes                        ; 2.32 V                      ; 6.92e-07 V                  ; 2.35 V             ; -0.00996 V         ; 0.121 V                             ; 0.03 V                              ; 4.64e-10 s                 ; 4.47e-10 s                 ; Yes                       ; Yes                       ;
; PC[27]        ; 2.5 V        ; 0 s                 ; 0 s                 ; 2.32 V                       ; 6.92e-07 V                   ; 2.35 V              ; -0.00996 V          ; 0.121 V                              ; 0.03 V                               ; 4.64e-10 s                  ; 4.47e-10 s                  ; Yes                        ; Yes                        ; 2.32 V                      ; 6.92e-07 V                  ; 2.35 V             ; -0.00996 V         ; 0.121 V                             ; 0.03 V                              ; 4.64e-10 s                 ; 4.47e-10 s                 ; Yes                       ; Yes                       ;
; PC[28]        ; 2.5 V        ; 0 s                 ; 0 s                 ; 2.32 V                       ; 6.92e-07 V                   ; 2.35 V              ; -0.00996 V          ; 0.121 V                              ; 0.03 V                               ; 4.64e-10 s                  ; 4.47e-10 s                  ; Yes                        ; Yes                        ; 2.32 V                      ; 6.92e-07 V                  ; 2.35 V             ; -0.00996 V         ; 0.121 V                             ; 0.03 V                              ; 4.64e-10 s                 ; 4.47e-10 s                 ; Yes                       ; Yes                       ;
; PC[29]        ; 2.5 V        ; 0 s                 ; 0 s                 ; 2.32 V                       ; 6.92e-07 V                   ; 2.33 V              ; -0.00265 V          ; 0.133 V                              ; 0.056 V                              ; 3.55e-09 s                  ; 3.31e-09 s                  ; Yes                        ; Yes                        ; 2.32 V                      ; 6.92e-07 V                  ; 2.33 V             ; -0.00265 V         ; 0.133 V                             ; 0.056 V                             ; 3.55e-09 s                 ; 3.31e-09 s                 ; Yes                       ; Yes                       ;
; PC[30]        ; 2.5 V        ; 0 s                 ; 0 s                 ; 2.32 V                       ; 6.92e-07 V                   ; 2.35 V              ; -0.00996 V          ; 0.121 V                              ; 0.03 V                               ; 4.64e-10 s                  ; 4.47e-10 s                  ; Yes                        ; Yes                        ; 2.32 V                      ; 6.92e-07 V                  ; 2.35 V             ; -0.00996 V         ; 0.121 V                             ; 0.03 V                              ; 4.64e-10 s                 ; 4.47e-10 s                 ; Yes                       ; Yes                       ;
; PC[31]        ; 2.5 V        ; 0 s                 ; 0 s                 ; 2.32 V                       ; 6.92e-07 V                   ; 2.35 V              ; -0.00996 V          ; 0.121 V                              ; 0.03 V                               ; 4.64e-10 s                  ; 4.47e-10 s                  ; Yes                        ; Yes                        ; 2.32 V                      ; 6.92e-07 V                  ; 2.35 V             ; -0.00996 V         ; 0.121 V                             ; 0.03 V                              ; 4.64e-10 s                 ; 4.47e-10 s                 ; Yes                       ; Yes                       ;
; LEDR[0]       ; 2.5 V        ; 0 s                 ; 0 s                 ; 2.32 V                       ; 6.92e-07 V                   ; 2.35 V              ; -0.00996 V          ; 0.121 V                              ; 0.03 V                               ; 4.64e-10 s                  ; 4.47e-10 s                  ; Yes                        ; Yes                        ; 2.32 V                      ; 6.92e-07 V                  ; 2.35 V             ; -0.00996 V         ; 0.121 V                             ; 0.03 V                              ; 4.64e-10 s                 ; 4.47e-10 s                 ; Yes                       ; Yes                       ;
; LEDR[1]       ; 2.5 V        ; 0 s                 ; 0 s                 ; 2.32 V                       ; 6.92e-07 V                   ; 2.35 V              ; -0.00996 V          ; 0.121 V                              ; 0.03 V                               ; 4.64e-10 s                  ; 4.47e-10 s                  ; Yes                        ; Yes                        ; 2.32 V                      ; 6.92e-07 V                  ; 2.35 V             ; -0.00996 V         ; 0.121 V                             ; 0.03 V                              ; 4.64e-10 s                 ; 4.47e-10 s                 ; Yes                       ; Yes                       ;
; LEDR[2]       ; 2.5 V        ; 0 s                 ; 0 s                 ; 2.32 V                       ; 6.92e-07 V                   ; 2.35 V              ; -0.00996 V          ; 0.121 V                              ; 0.03 V                               ; 4.64e-10 s                  ; 4.47e-10 s                  ; Yes                        ; Yes                        ; 2.32 V                      ; 6.92e-07 V                  ; 2.35 V             ; -0.00996 V         ; 0.121 V                             ; 0.03 V                              ; 4.64e-10 s                 ; 4.47e-10 s                 ; Yes                       ; Yes                       ;
; LEDR[3]       ; 2.5 V        ; 0 s                 ; 0 s                 ; 2.32 V                       ; 6.92e-07 V                   ; 2.35 V              ; -0.00996 V          ; 0.121 V                              ; 0.03 V                               ; 4.64e-10 s                  ; 4.47e-10 s                  ; Yes                        ; Yes                        ; 2.32 V                      ; 6.92e-07 V                  ; 2.35 V             ; -0.00996 V         ; 0.121 V                             ; 0.03 V                              ; 4.64e-10 s                 ; 4.47e-10 s                 ; Yes                       ; Yes                       ;
; LEDR[4]       ; 2.5 V        ; 0 s                 ; 0 s                 ; 2.32 V                       ; 6.92e-07 V                   ; 2.35 V              ; -0.00996 V          ; 0.121 V                              ; 0.03 V                               ; 4.64e-10 s                  ; 4.47e-10 s                  ; Yes                        ; Yes                        ; 2.32 V                      ; 6.92e-07 V                  ; 2.35 V             ; -0.00996 V         ; 0.121 V                             ; 0.03 V                              ; 4.64e-10 s                 ; 4.47e-10 s                 ; Yes                       ; Yes                       ;
; LEDR[5]       ; 2.5 V        ; 0 s                 ; 0 s                 ; 2.32 V                       ; 6.92e-07 V                   ; 2.35 V              ; -0.00996 V          ; 0.121 V                              ; 0.03 V                               ; 4.64e-10 s                  ; 4.47e-10 s                  ; Yes                        ; Yes                        ; 2.32 V                      ; 6.92e-07 V                  ; 2.35 V             ; -0.00996 V         ; 0.121 V                             ; 0.03 V                              ; 4.64e-10 s                 ; 4.47e-10 s                 ; Yes                       ; Yes                       ;
; LEDR[6]       ; 2.5 V        ; 0 s                 ; 0 s                 ; 2.32 V                       ; 6.92e-07 V                   ; 2.35 V              ; -0.00996 V          ; 0.121 V                              ; 0.03 V                               ; 4.64e-10 s                  ; 4.47e-10 s                  ; Yes                        ; Yes                        ; 2.32 V                      ; 6.92e-07 V                  ; 2.35 V             ; -0.00996 V         ; 0.121 V                             ; 0.03 V                              ; 4.64e-10 s                 ; 4.47e-10 s                 ; Yes                       ; Yes                       ;
; LEDR[7]       ; 2.5 V        ; 0 s                 ; 0 s                 ; 2.32 V                       ; 6.92e-07 V                   ; 2.35 V              ; -0.00996 V          ; 0.121 V                              ; 0.03 V                               ; 4.64e-10 s                  ; 4.47e-10 s                  ; Yes                        ; Yes                        ; 2.32 V                      ; 6.92e-07 V                  ; 2.35 V             ; -0.00996 V         ; 0.121 V                             ; 0.03 V                              ; 4.64e-10 s                 ; 4.47e-10 s                 ; Yes                       ; Yes                       ;
; LEDR[8]       ; 2.5 V        ; 0 s                 ; 0 s                 ; 2.32 V                       ; 6.92e-07 V                   ; 2.35 V              ; -0.00996 V          ; 0.121 V                              ; 0.03 V                               ; 4.64e-10 s                  ; 4.47e-10 s                  ; Yes                        ; Yes                        ; 2.32 V                      ; 6.92e-07 V                  ; 2.35 V             ; -0.00996 V         ; 0.121 V                             ; 0.03 V                              ; 4.64e-10 s                 ; 4.47e-10 s                 ; Yes                       ; Yes                       ;
; LEDR[9]       ; 2.5 V        ; 0 s                 ; 0 s                 ; 2.32 V                       ; 6.92e-07 V                   ; 2.33 V              ; -0.00265 V          ; 0.133 V                              ; 0.056 V                              ; 3.55e-09 s                  ; 3.31e-09 s                  ; Yes                        ; Yes                        ; 2.32 V                      ; 6.92e-07 V                  ; 2.33 V             ; -0.00265 V         ; 0.133 V                             ; 0.056 V                             ; 3.55e-09 s                 ; 3.31e-09 s                 ; Yes                       ; Yes                       ;
; LEDR[10]      ; 2.5 V        ; 0 s                 ; 0 s                 ; 2.32 V                       ; 6.92e-07 V                   ; 2.35 V              ; -0.00996 V          ; 0.121 V                              ; 0.03 V                               ; 4.64e-10 s                  ; 4.47e-10 s                  ; Yes                        ; Yes                        ; 2.32 V                      ; 6.92e-07 V                  ; 2.35 V             ; -0.00996 V         ; 0.121 V                             ; 0.03 V                              ; 4.64e-10 s                 ; 4.47e-10 s                 ; Yes                       ; Yes                       ;
; LEDR[11]      ; 2.5 V        ; 0 s                 ; 0 s                 ; 2.32 V                       ; 6.92e-07 V                   ; 2.35 V              ; -0.00996 V          ; 0.121 V                              ; 0.03 V                               ; 4.64e-10 s                  ; 4.47e-10 s                  ; Yes                        ; Yes                        ; 2.32 V                      ; 6.92e-07 V                  ; 2.35 V             ; -0.00996 V         ; 0.121 V                             ; 0.03 V                              ; 4.64e-10 s                 ; 4.47e-10 s                 ; Yes                       ; Yes                       ;
; LEDR[12]      ; 2.5 V        ; 0 s                 ; 0 s                 ; 2.32 V                       ; 6.92e-07 V                   ; 2.35 V              ; -0.00996 V          ; 0.121 V                              ; 0.03 V                               ; 4.64e-10 s                  ; 4.47e-10 s                  ; Yes                        ; Yes                        ; 2.32 V                      ; 6.92e-07 V                  ; 2.35 V             ; -0.00996 V         ; 0.121 V                             ; 0.03 V                              ; 4.64e-10 s                 ; 4.47e-10 s                 ; Yes                       ; Yes                       ;
; LEDR[13]      ; 2.5 V        ; 0 s                 ; 0 s                 ; 2.32 V                       ; 6.92e-07 V                   ; 2.35 V              ; -0.00996 V          ; 0.121 V                              ; 0.03 V                               ; 4.64e-10 s                  ; 4.47e-10 s                  ; Yes                        ; Yes                        ; 2.32 V                      ; 6.92e-07 V                  ; 2.35 V             ; -0.00996 V         ; 0.121 V                             ; 0.03 V                              ; 4.64e-10 s                 ; 4.47e-10 s                 ; Yes                       ; Yes                       ;
; LEDR[14]      ; 2.5 V        ; 0 s                 ; 0 s                 ; 2.32 V                       ; 6.92e-07 V                   ; 2.35 V              ; -0.00996 V          ; 0.121 V                              ; 0.03 V                               ; 4.64e-10 s                  ; 4.47e-10 s                  ; Yes                        ; Yes                        ; 2.32 V                      ; 6.92e-07 V                  ; 2.35 V             ; -0.00996 V         ; 0.121 V                             ; 0.03 V                              ; 4.64e-10 s                 ; 4.47e-10 s                 ; Yes                       ; Yes                       ;
; LEDR[15]      ; 2.5 V        ; 0 s                 ; 0 s                 ; 2.32 V                       ; 6.92e-07 V                   ; 2.33 V              ; -0.00265 V          ; 0.133 V                              ; 0.056 V                              ; 3.55e-09 s                  ; 3.31e-09 s                  ; Yes                        ; Yes                        ; 2.32 V                      ; 6.92e-07 V                  ; 2.33 V             ; -0.00265 V         ; 0.133 V                             ; 0.056 V                             ; 3.55e-09 s                 ; 3.31e-09 s                 ; Yes                       ; Yes                       ;
; LEDR[16]      ; 2.5 V        ; 0 s                 ; 0 s                 ; 2.32 V                       ; 6.92e-07 V                   ; 2.35 V              ; -0.00996 V          ; 0.121 V                              ; 0.03 V                               ; 4.64e-10 s                  ; 4.47e-10 s                  ; Yes                        ; Yes                        ; 2.32 V                      ; 6.92e-07 V                  ; 2.35 V             ; -0.00996 V         ; 0.121 V                             ; 0.03 V                              ; 4.64e-10 s                 ; 4.47e-10 s                 ; Yes                       ; Yes                       ;
; LEDR[17]      ; 2.5 V        ; 0 s                 ; 0 s                 ; 2.32 V                       ; 6.92e-07 V                   ; 2.35 V              ; -0.00996 V          ; 0.121 V                              ; 0.03 V                               ; 4.64e-10 s                  ; 4.47e-10 s                  ; Yes                        ; Yes                        ; 2.32 V                      ; 6.92e-07 V                  ; 2.35 V             ; -0.00996 V         ; 0.121 V                             ; 0.03 V                              ; 4.64e-10 s                 ; 4.47e-10 s                 ; Yes                       ; Yes                       ;
; LEDG[0]       ; 2.5 V        ; 0 s                 ; 0 s                 ; 2.32 V                       ; 6.92e-07 V                   ; 2.35 V              ; -0.00996 V          ; 0.121 V                              ; 0.03 V                               ; 4.64e-10 s                  ; 4.47e-10 s                  ; Yes                        ; Yes                        ; 2.32 V                      ; 6.92e-07 V                  ; 2.35 V             ; -0.00996 V         ; 0.121 V                             ; 0.03 V                              ; 4.64e-10 s                 ; 4.47e-10 s                 ; Yes                       ; Yes                       ;
; LEDG[1]       ; 2.5 V        ; 0 s                 ; 0 s                 ; 2.32 V                       ; 6.92e-07 V                   ; 2.35 V              ; -0.00996 V          ; 0.121 V                              ; 0.03 V                               ; 4.64e-10 s                  ; 4.47e-10 s                  ; Yes                        ; Yes                        ; 2.32 V                      ; 6.92e-07 V                  ; 2.35 V             ; -0.00996 V         ; 0.121 V                             ; 0.03 V                              ; 4.64e-10 s                 ; 4.47e-10 s                 ; Yes                       ; Yes                       ;
; LEDG[2]       ; 2.5 V        ; 0 s                 ; 0 s                 ; 2.32 V                       ; 6.92e-07 V                   ; 2.35 V              ; -0.00996 V          ; 0.121 V                              ; 0.03 V                               ; 4.64e-10 s                  ; 4.47e-10 s                  ; Yes                        ; Yes                        ; 2.32 V                      ; 6.92e-07 V                  ; 2.35 V             ; -0.00996 V         ; 0.121 V                             ; 0.03 V                              ; 4.64e-10 s                 ; 4.47e-10 s                 ; Yes                       ; Yes                       ;
; LEDG[3]       ; 2.5 V        ; 0 s                 ; 0 s                 ; 2.32 V                       ; 6.92e-07 V                   ; 2.35 V              ; -0.00996 V          ; 0.121 V                              ; 0.03 V                               ; 4.64e-10 s                  ; 4.47e-10 s                  ; Yes                        ; Yes                        ; 2.32 V                      ; 6.92e-07 V                  ; 2.35 V             ; -0.00996 V         ; 0.121 V                             ; 0.03 V                              ; 4.64e-10 s                 ; 4.47e-10 s                 ; Yes                       ; Yes                       ;
; LEDG[4]       ; 2.5 V        ; 0 s                 ; 0 s                 ; 2.32 V                       ; 6.92e-07 V                   ; 2.35 V              ; -0.00996 V          ; 0.121 V                              ; 0.03 V                               ; 4.64e-10 s                  ; 4.47e-10 s                  ; Yes                        ; Yes                        ; 2.32 V                      ; 6.92e-07 V                  ; 2.35 V             ; -0.00996 V         ; 0.121 V                             ; 0.03 V                              ; 4.64e-10 s                 ; 4.47e-10 s                 ; Yes                       ; Yes                       ;
; LEDG[5]       ; 2.5 V        ; 0 s                 ; 0 s                 ; 2.32 V                       ; 6.92e-07 V                   ; 2.35 V              ; -0.00996 V          ; 0.121 V                              ; 0.03 V                               ; 4.64e-10 s                  ; 4.47e-10 s                  ; Yes                        ; Yes                        ; 2.32 V                      ; 6.92e-07 V                  ; 2.35 V             ; -0.00996 V         ; 0.121 V                             ; 0.03 V                              ; 4.64e-10 s                 ; 4.47e-10 s                 ; Yes                       ; Yes                       ;
; LEDG[6]       ; 2.5 V        ; 0 s                 ; 0 s                 ; 2.32 V                       ; 6.92e-07 V                   ; 2.35 V              ; -0.00996 V          ; 0.121 V                              ; 0.03 V                               ; 4.64e-10 s                  ; 4.47e-10 s                  ; Yes                        ; Yes                        ; 2.32 V                      ; 6.92e-07 V                  ; 2.35 V             ; -0.00996 V         ; 0.121 V                             ; 0.03 V                              ; 4.64e-10 s                 ; 4.47e-10 s                 ; Yes                       ; Yes                       ;
; LEDG[7]       ; 2.5 V        ; 0 s                 ; 0 s                 ; 2.32 V                       ; 6.92e-07 V                   ; 2.35 V              ; -0.00996 V          ; 0.121 V                              ; 0.03 V                               ; 4.64e-10 s                  ; 4.47e-10 s                  ; Yes                        ; Yes                        ; 2.32 V                      ; 6.92e-07 V                  ; 2.35 V             ; -0.00996 V         ; 0.121 V                             ; 0.03 V                              ; 4.64e-10 s                 ; 4.47e-10 s                 ; Yes                       ; Yes                       ;
; LEDG[8]       ; 2.5 V        ; 0 s                 ; 0 s                 ; 2.32 V                       ; 6.92e-07 V                   ; 2.35 V              ; -0.00996 V          ; 0.121 V                              ; 0.03 V                               ; 4.64e-10 s                  ; 4.47e-10 s                  ; Yes                        ; Yes                        ; 2.32 V                      ; 6.92e-07 V                  ; 2.35 V             ; -0.00996 V         ; 0.121 V                             ; 0.03 V                              ; 4.64e-10 s                 ; 4.47e-10 s                 ; Yes                       ; Yes                       ;
; ~ALTERA_DCLK~ ; 2.5 V        ; 0 s                 ; 0 s                 ; 2.32 V                       ; 3.75e-07 V                   ; 2.35 V              ; -0.0109 V           ; 0.084 V                              ; 0.027 V                              ; 4.31e-10 s                  ; 3.61e-10 s                  ; Yes                        ; Yes                        ; 2.32 V                      ; 3.75e-07 V                  ; 2.35 V             ; -0.0109 V          ; 0.084 V                             ; 0.027 V                             ; 4.31e-10 s                 ; 3.61e-10 s                 ; Yes                       ; Yes                       ;
; ~ALTERA_nCEO~ ; 2.5 V        ; 0 s                 ; 0 s                 ; 2.32 V                       ; 6.15e-07 V                   ; 2.35 V              ; -0.00712 V          ; 0.093 V                              ; 0.02 V                               ; 6.21e-10 s                  ; 7.9e-10 s                   ; Yes                        ; Yes                        ; 2.32 V                      ; 6.15e-07 V                  ; 2.35 V             ; -0.00712 V         ; 0.093 V                             ; 0.02 V                              ; 6.21e-10 s                 ; 7.9e-10 s                  ; Yes                       ; Yes                       ;
+---------------+--------------+---------------------+---------------------+------------------------------+------------------------------+---------------------+---------------------+--------------------------------------+--------------------------------------+-----------------------------+-----------------------------+----------------------------+----------------------------+-----------------------------+-----------------------------+--------------------+--------------------+-------------------------------------+-------------------------------------+----------------------------+----------------------------+---------------------------+---------------------------+


+--------------------------------------------------------------------------------------------------------------------------------------------------------------------------------------------------------------------------------------------------------------------------------------------------------------------------------------------------------------------------------------------------------------------------------------------------------------------------------------------------------------------------------------------------------------------------------------------------------------------------------------------------------------------------------------------+
; Signal Integrity Metrics (Fast 1200mv 0c Model)                                                                                                                                                                                                                                                                                                                                                                                                                                                                                                                                                                                                                                            ;
+---------------+--------------+---------------------+---------------------+------------------------------+------------------------------+---------------------+---------------------+--------------------------------------+--------------------------------------+-----------------------------+-----------------------------+----------------------------+----------------------------+-----------------------------+-----------------------------+--------------------+--------------------+-------------------------------------+-------------------------------------+----------------------------+----------------------------+---------------------------+---------------------------+
; Pin           ; I/O Standard ; Board Delay on Rise ; Board Delay on Fall ; Steady State Voh at FPGA Pin ; Steady State Vol at FPGA Pin ; Voh Max at FPGA Pin ; Vol Min at FPGA Pin ; Ringback Voltage on Rise at FPGA Pin ; Ringback Voltage on Fall at FPGA Pin ; 10-90 Rise Time at FPGA Pin ; 90-10 Fall Time at FPGA Pin ; Monotonic Rise at FPGA Pin ; Monotonic Fall at FPGA Pin ; Steady State Voh at Far-end ; Steady State Vol at Far-end ; Voh Max at Far-end ; Vol Min at Far-end ; Ringback Voltage on Rise at Far-end ; Ringback Voltage on Fall at Far-end ; 10-90 Rise Time at Far-end ; 90-10 Fall Time at Far-end ; Monotonic Rise at Far-end ; Monotonic Fall at Far-end ;
+---------------+--------------+---------------------+---------------------+------------------------------+------------------------------+---------------------+---------------------+--------------------------------------+--------------------------------------+-----------------------------+-----------------------------+----------------------------+----------------------------+-----------------------------+-----------------------------+--------------------+--------------------+-------------------------------------+-------------------------------------+----------------------------+----------------------------+---------------------------+---------------------------+
; PC[0]         ; 2.5 V        ; 0 s                 ; 0 s                 ; 2.62 V                       ; 4.05e-08 V                   ; 2.72 V              ; -0.0349 V           ; 0.173 V                              ; 0.1 V                                ; 2.72e-10 s                  ; 2.69e-10 s                  ; Yes                        ; Yes                        ; 2.62 V                      ; 4.05e-08 V                  ; 2.72 V             ; -0.0349 V          ; 0.173 V                             ; 0.1 V                               ; 2.72e-10 s                 ; 2.69e-10 s                 ; Yes                       ; Yes                       ;
; PC[1]         ; 2.5 V        ; 0 s                 ; 0 s                 ; 2.62 V                       ; 4.05e-08 V                   ; 2.72 V              ; -0.0349 V           ; 0.173 V                              ; 0.1 V                                ; 2.72e-10 s                  ; 2.69e-10 s                  ; Yes                        ; Yes                        ; 2.62 V                      ; 4.05e-08 V                  ; 2.72 V             ; -0.0349 V          ; 0.173 V                             ; 0.1 V                               ; 2.72e-10 s                 ; 2.69e-10 s                 ; Yes                       ; Yes                       ;
; PC[2]         ; 2.5 V        ; 0 s                 ; 0 s                 ; 2.62 V                       ; 2.74e-08 V                   ; 2.71 V              ; -0.0317 V           ; 0.148 V                              ; 0.064 V                              ; 4.51e-10 s                  ; 4.15e-10 s                  ; No                         ; Yes                        ; 2.62 V                      ; 2.74e-08 V                  ; 2.71 V             ; -0.0317 V          ; 0.148 V                             ; 0.064 V                             ; 4.51e-10 s                 ; 4.15e-10 s                 ; No                        ; Yes                       ;
; PC[3]         ; 2.5 V        ; 0 s                 ; 0 s                 ; 2.62 V                       ; 4.05e-08 V                   ; 2.72 V              ; -0.0349 V           ; 0.173 V                              ; 0.1 V                                ; 2.72e-10 s                  ; 2.69e-10 s                  ; Yes                        ; Yes                        ; 2.62 V                      ; 4.05e-08 V                  ; 2.72 V             ; -0.0349 V          ; 0.173 V                             ; 0.1 V                               ; 2.72e-10 s                 ; 2.69e-10 s                 ; Yes                       ; Yes                       ;
; PC[4]         ; 2.5 V        ; 0 s                 ; 0 s                 ; 2.62 V                       ; 2.74e-08 V                   ; 2.71 V              ; -0.0317 V           ; 0.148 V                              ; 0.064 V                              ; 4.51e-10 s                  ; 4.15e-10 s                  ; No                         ; Yes                        ; 2.62 V                      ; 2.74e-08 V                  ; 2.71 V             ; -0.0317 V          ; 0.148 V                             ; 0.064 V                             ; 4.51e-10 s                 ; 4.15e-10 s                 ; No                        ; Yes                       ;
; PC[5]         ; 2.5 V        ; 0 s                 ; 0 s                 ; 2.62 V                       ; 2.74e-08 V                   ; 2.71 V              ; -0.0317 V           ; 0.148 V                              ; 0.064 V                              ; 4.51e-10 s                  ; 4.15e-10 s                  ; No                         ; Yes                        ; 2.62 V                      ; 2.74e-08 V                  ; 2.71 V             ; -0.0317 V          ; 0.148 V                             ; 0.064 V                             ; 4.51e-10 s                 ; 4.15e-10 s                 ; No                        ; Yes                       ;
; PC[6]         ; 2.5 V        ; 0 s                 ; 0 s                 ; 2.62 V                       ; 2.74e-08 V                   ; 2.71 V              ; -0.0317 V           ; 0.148 V                              ; 0.064 V                              ; 4.51e-10 s                  ; 4.15e-10 s                  ; No                         ; Yes                        ; 2.62 V                      ; 2.74e-08 V                  ; 2.71 V             ; -0.0317 V          ; 0.148 V                             ; 0.064 V                             ; 4.51e-10 s                 ; 4.15e-10 s                 ; No                        ; Yes                       ;
; PC[7]         ; 2.5 V        ; 0 s                 ; 0 s                 ; 2.62 V                       ; 2.74e-08 V                   ; 2.64 V              ; -0.0117 V           ; 0.202 V                              ; 0.176 V                              ; 2.38e-09 s                  ; 2.22e-09 s                  ; No                         ; Yes                        ; 2.62 V                      ; 2.74e-08 V                  ; 2.64 V             ; -0.0117 V          ; 0.202 V                             ; 0.176 V                             ; 2.38e-09 s                 ; 2.22e-09 s                 ; No                        ; Yes                       ;
; PC[8]         ; 2.5 V        ; 0 s                 ; 0 s                 ; 2.62 V                       ; 2.74e-08 V                   ; 2.71 V              ; -0.0317 V           ; 0.148 V                              ; 0.064 V                              ; 4.51e-10 s                  ; 4.15e-10 s                  ; No                         ; Yes                        ; 2.62 V                      ; 2.74e-08 V                  ; 2.71 V             ; -0.0317 V          ; 0.148 V                             ; 0.064 V                             ; 4.51e-10 s                 ; 4.15e-10 s                 ; No                        ; Yes                       ;
; PC[9]         ; 2.5 V        ; 0 s                 ; 0 s                 ; 2.62 V                       ; 2.74e-08 V                   ; 2.71 V              ; -0.0317 V           ; 0.148 V                              ; 0.064 V                              ; 4.51e-10 s                  ; 4.15e-10 s                  ; No                         ; Yes                        ; 2.62 V                      ; 2.74e-08 V                  ; 2.71 V             ; -0.0317 V          ; 0.148 V                             ; 0.064 V                             ; 4.51e-10 s                 ; 4.15e-10 s                 ; No                        ; Yes                       ;
; PC[10]        ; 2.5 V        ; 0 s                 ; 0 s                 ; 2.62 V                       ; 4.05e-08 V                   ; 2.72 V              ; -0.0349 V           ; 0.173 V                              ; 0.1 V                                ; 2.72e-10 s                  ; 2.69e-10 s                  ; Yes                        ; Yes                        ; 2.62 V                      ; 4.05e-08 V                  ; 2.72 V             ; -0.0349 V          ; 0.173 V                             ; 0.1 V                               ; 2.72e-10 s                 ; 2.69e-10 s                 ; Yes                       ; Yes                       ;
; PC[11]        ; 2.5 V        ; 0 s                 ; 0 s                 ; 2.62 V                       ; 4.05e-08 V                   ; 2.72 V              ; -0.0349 V           ; 0.173 V                              ; 0.1 V                                ; 2.72e-10 s                  ; 2.69e-10 s                  ; Yes                        ; Yes                        ; 2.62 V                      ; 4.05e-08 V                  ; 2.72 V             ; -0.0349 V          ; 0.173 V                             ; 0.1 V                               ; 2.72e-10 s                 ; 2.69e-10 s                 ; Yes                       ; Yes                       ;
; PC[12]        ; 2.5 V        ; 0 s                 ; 0 s                 ; 2.62 V                       ; 4.05e-08 V                   ; 2.72 V              ; -0.0349 V           ; 0.173 V                              ; 0.1 V                                ; 2.72e-10 s                  ; 2.69e-10 s                  ; Yes                        ; Yes                        ; 2.62 V                      ; 4.05e-08 V                  ; 2.72 V             ; -0.0349 V          ; 0.173 V                             ; 0.1 V                               ; 2.72e-10 s                 ; 2.69e-10 s                 ; Yes                       ; Yes                       ;
; PC[13]        ; 2.5 V        ; 0 s                 ; 0 s                 ; 2.62 V                       ; 4.05e-08 V                   ; 2.72 V              ; -0.0349 V           ; 0.173 V                              ; 0.1 V                                ; 2.72e-10 s                  ; 2.69e-10 s                  ; Yes                        ; Yes                        ; 2.62 V                      ; 4.05e-08 V                  ; 2.72 V             ; -0.0349 V          ; 0.173 V                             ; 0.1 V                               ; 2.72e-10 s                 ; 2.69e-10 s                 ; Yes                       ; Yes                       ;
; PC[14]        ; 2.5 V        ; 0 s                 ; 0 s                 ; 2.62 V                       ; 4.05e-08 V                   ; 2.72 V              ; -0.0349 V           ; 0.173 V                              ; 0.1 V                                ; 2.72e-10 s                  ; 2.69e-10 s                  ; Yes                        ; Yes                        ; 2.62 V                      ; 4.05e-08 V                  ; 2.72 V             ; -0.0349 V          ; 0.173 V                             ; 0.1 V                               ; 2.72e-10 s                 ; 2.69e-10 s                 ; Yes                       ; Yes                       ;
; PC[15]        ; 2.5 V        ; 0 s                 ; 0 s                 ; 2.62 V                       ; 4.05e-08 V                   ; 2.72 V              ; -0.0349 V           ; 0.173 V                              ; 0.1 V                                ; 2.72e-10 s                  ; 2.69e-10 s                  ; Yes                        ; Yes                        ; 2.62 V                      ; 4.05e-08 V                  ; 2.72 V             ; -0.0349 V          ; 0.173 V                             ; 0.1 V                               ; 2.72e-10 s                 ; 2.69e-10 s                 ; Yes                       ; Yes                       ;
; PC[16]        ; 2.5 V        ; 0 s                 ; 0 s                 ; 2.62 V                       ; 4.05e-08 V                   ; 2.72 V              ; -0.0349 V           ; 0.173 V                              ; 0.1 V                                ; 2.72e-10 s                  ; 2.69e-10 s                  ; Yes                        ; Yes                        ; 2.62 V                      ; 4.05e-08 V                  ; 2.72 V             ; -0.0349 V          ; 0.173 V                             ; 0.1 V                               ; 2.72e-10 s                 ; 2.69e-10 s                 ; Yes                       ; Yes                       ;
; PC[17]        ; 2.5 V        ; 0 s                 ; 0 s                 ; 2.62 V                       ; 4.05e-08 V                   ; 2.72 V              ; -0.0349 V           ; 0.173 V                              ; 0.1 V                                ; 2.72e-10 s                  ; 2.69e-10 s                  ; Yes                        ; Yes                        ; 2.62 V                      ; 4.05e-08 V                  ; 2.72 V             ; -0.0349 V          ; 0.173 V                             ; 0.1 V                               ; 2.72e-10 s                 ; 2.69e-10 s                 ; Yes                       ; Yes                       ;
; PC[18]        ; 2.5 V        ; 0 s                 ; 0 s                 ; 2.62 V                       ; 4.05e-08 V                   ; 2.72 V              ; -0.0349 V           ; 0.173 V                              ; 0.1 V                                ; 2.72e-10 s                  ; 2.69e-10 s                  ; Yes                        ; Yes                        ; 2.62 V                      ; 4.05e-08 V                  ; 2.72 V             ; -0.0349 V          ; 0.173 V                             ; 0.1 V                               ; 2.72e-10 s                 ; 2.69e-10 s                 ; Yes                       ; Yes                       ;
; PC[19]        ; 2.5 V        ; 0 s                 ; 0 s                 ; 2.62 V                       ; 4.05e-08 V                   ; 2.72 V              ; -0.0349 V           ; 0.173 V                              ; 0.1 V                                ; 2.72e-10 s                  ; 2.69e-10 s                  ; Yes                        ; Yes                        ; 2.62 V                      ; 4.05e-08 V                  ; 2.72 V             ; -0.0349 V          ; 0.173 V                             ; 0.1 V                               ; 2.72e-10 s                 ; 2.69e-10 s                 ; Yes                       ; Yes                       ;
; PC[20]        ; 2.5 V        ; 0 s                 ; 0 s                 ; 2.62 V                       ; 4.05e-08 V                   ; 2.72 V              ; -0.0349 V           ; 0.173 V                              ; 0.1 V                                ; 2.72e-10 s                  ; 2.69e-10 s                  ; Yes                        ; Yes                        ; 2.62 V                      ; 4.05e-08 V                  ; 2.72 V             ; -0.0349 V          ; 0.173 V                             ; 0.1 V                               ; 2.72e-10 s                 ; 2.69e-10 s                 ; Yes                       ; Yes                       ;
; PC[21]        ; 2.5 V        ; 0 s                 ; 0 s                 ; 2.62 V                       ; 4.05e-08 V                   ; 2.72 V              ; -0.0349 V           ; 0.173 V                              ; 0.1 V                                ; 2.72e-10 s                  ; 2.69e-10 s                  ; Yes                        ; Yes                        ; 2.62 V                      ; 4.05e-08 V                  ; 2.72 V             ; -0.0349 V          ; 0.173 V                             ; 0.1 V                               ; 2.72e-10 s                 ; 2.69e-10 s                 ; Yes                       ; Yes                       ;
; PC[22]        ; 2.5 V        ; 0 s                 ; 0 s                 ; 2.62 V                       ; 4.05e-08 V                   ; 2.72 V              ; -0.0349 V           ; 0.173 V                              ; 0.1 V                                ; 2.72e-10 s                  ; 2.69e-10 s                  ; Yes                        ; Yes                        ; 2.62 V                      ; 4.05e-08 V                  ; 2.72 V             ; -0.0349 V          ; 0.173 V                             ; 0.1 V                               ; 2.72e-10 s                 ; 2.69e-10 s                 ; Yes                       ; Yes                       ;
; PC[23]        ; 2.5 V        ; 0 s                 ; 0 s                 ; 2.62 V                       ; 4.05e-08 V                   ; 2.72 V              ; -0.0349 V           ; 0.173 V                              ; 0.1 V                                ; 2.72e-10 s                  ; 2.69e-10 s                  ; Yes                        ; Yes                        ; 2.62 V                      ; 4.05e-08 V                  ; 2.72 V             ; -0.0349 V          ; 0.173 V                             ; 0.1 V                               ; 2.72e-10 s                 ; 2.69e-10 s                 ; Yes                       ; Yes                       ;
; PC[24]        ; 2.5 V        ; 0 s                 ; 0 s                 ; 2.62 V                       ; 4.05e-08 V                   ; 2.72 V              ; -0.0349 V           ; 0.173 V                              ; 0.1 V                                ; 2.72e-10 s                  ; 2.69e-10 s                  ; Yes                        ; Yes                        ; 2.62 V                      ; 4.05e-08 V                  ; 2.72 V             ; -0.0349 V          ; 0.173 V                             ; 0.1 V                               ; 2.72e-10 s                 ; 2.69e-10 s                 ; Yes                       ; Yes                       ;
; PC[25]        ; 2.5 V        ; 0 s                 ; 0 s                 ; 2.62 V                       ; 4.05e-08 V                   ; 2.72 V              ; -0.0349 V           ; 0.173 V                              ; 0.1 V                                ; 2.72e-10 s                  ; 2.69e-10 s                  ; Yes                        ; Yes                        ; 2.62 V                      ; 4.05e-08 V                  ; 2.72 V             ; -0.0349 V          ; 0.173 V                             ; 0.1 V                               ; 2.72e-10 s                 ; 2.69e-10 s                 ; Yes                       ; Yes                       ;
; PC[26]        ; 2.5 V        ; 0 s                 ; 0 s                 ; 2.62 V                       ; 4.05e-08 V                   ; 2.72 V              ; -0.0349 V           ; 0.173 V                              ; 0.1 V                                ; 2.72e-10 s                  ; 2.69e-10 s                  ; Yes                        ; Yes                        ; 2.62 V                      ; 4.05e-08 V                  ; 2.72 V             ; -0.0349 V          ; 0.173 V                             ; 0.1 V                               ; 2.72e-10 s                 ; 2.69e-10 s                 ; Yes                       ; Yes                       ;
; PC[27]        ; 2.5 V        ; 0 s                 ; 0 s                 ; 2.62 V                       ; 4.05e-08 V                   ; 2.72 V              ; -0.0349 V           ; 0.173 V                              ; 0.1 V                                ; 2.72e-10 s                  ; 2.69e-10 s                  ; Yes                        ; Yes                        ; 2.62 V                      ; 4.05e-08 V                  ; 2.72 V             ; -0.0349 V          ; 0.173 V                             ; 0.1 V                               ; 2.72e-10 s                 ; 2.69e-10 s                 ; Yes                       ; Yes                       ;
; PC[28]        ; 2.5 V        ; 0 s                 ; 0 s                 ; 2.62 V                       ; 4.05e-08 V                   ; 2.72 V              ; -0.0349 V           ; 0.173 V                              ; 0.1 V                                ; 2.72e-10 s                  ; 2.69e-10 s                  ; Yes                        ; Yes                        ; 2.62 V                      ; 4.05e-08 V                  ; 2.72 V             ; -0.0349 V          ; 0.173 V                             ; 0.1 V                               ; 2.72e-10 s                 ; 2.69e-10 s                 ; Yes                       ; Yes                       ;
; PC[29]        ; 2.5 V        ; 0 s                 ; 0 s                 ; 2.62 V                       ; 4.05e-08 V                   ; 2.64 V              ; -0.0113 V           ; 0.208 V                              ; 0.179 V                              ; 2.38e-09 s                  ; 2.23e-09 s                  ; No                         ; Yes                        ; 2.62 V                      ; 4.05e-08 V                  ; 2.64 V             ; -0.0113 V          ; 0.208 V                             ; 0.179 V                             ; 2.38e-09 s                 ; 2.23e-09 s                 ; No                        ; Yes                       ;
; PC[30]        ; 2.5 V        ; 0 s                 ; 0 s                 ; 2.62 V                       ; 4.05e-08 V                   ; 2.72 V              ; -0.0349 V           ; 0.173 V                              ; 0.1 V                                ; 2.72e-10 s                  ; 2.69e-10 s                  ; Yes                        ; Yes                        ; 2.62 V                      ; 4.05e-08 V                  ; 2.72 V             ; -0.0349 V          ; 0.173 V                             ; 0.1 V                               ; 2.72e-10 s                 ; 2.69e-10 s                 ; Yes                       ; Yes                       ;
; PC[31]        ; 2.5 V        ; 0 s                 ; 0 s                 ; 2.62 V                       ; 4.05e-08 V                   ; 2.72 V              ; -0.0349 V           ; 0.173 V                              ; 0.1 V                                ; 2.72e-10 s                  ; 2.69e-10 s                  ; Yes                        ; Yes                        ; 2.62 V                      ; 4.05e-08 V                  ; 2.72 V             ; -0.0349 V          ; 0.173 V                             ; 0.1 V                               ; 2.72e-10 s                 ; 2.69e-10 s                 ; Yes                       ; Yes                       ;
; LEDR[0]       ; 2.5 V        ; 0 s                 ; 0 s                 ; 2.62 V                       ; 4.05e-08 V                   ; 2.72 V              ; -0.0349 V           ; 0.173 V                              ; 0.1 V                                ; 2.72e-10 s                  ; 2.69e-10 s                  ; Yes                        ; Yes                        ; 2.62 V                      ; 4.05e-08 V                  ; 2.72 V             ; -0.0349 V          ; 0.173 V                             ; 0.1 V                               ; 2.72e-10 s                 ; 2.69e-10 s                 ; Yes                       ; Yes                       ;
; LEDR[1]       ; 2.5 V        ; 0 s                 ; 0 s                 ; 2.62 V                       ; 4.05e-08 V                   ; 2.72 V              ; -0.0349 V           ; 0.173 V                              ; 0.1 V                                ; 2.72e-10 s                  ; 2.69e-10 s                  ; Yes                        ; Yes                        ; 2.62 V                      ; 4.05e-08 V                  ; 2.72 V             ; -0.0349 V          ; 0.173 V                             ; 0.1 V                               ; 2.72e-10 s                 ; 2.69e-10 s                 ; Yes                       ; Yes                       ;
; LEDR[2]       ; 2.5 V        ; 0 s                 ; 0 s                 ; 2.62 V                       ; 4.05e-08 V                   ; 2.72 V              ; -0.0349 V           ; 0.173 V                              ; 0.1 V                                ; 2.72e-10 s                  ; 2.69e-10 s                  ; Yes                        ; Yes                        ; 2.62 V                      ; 4.05e-08 V                  ; 2.72 V             ; -0.0349 V          ; 0.173 V                             ; 0.1 V                               ; 2.72e-10 s                 ; 2.69e-10 s                 ; Yes                       ; Yes                       ;
; LEDR[3]       ; 2.5 V        ; 0 s                 ; 0 s                 ; 2.62 V                       ; 4.05e-08 V                   ; 2.72 V              ; -0.0349 V           ; 0.173 V                              ; 0.1 V                                ; 2.72e-10 s                  ; 2.69e-10 s                  ; Yes                        ; Yes                        ; 2.62 V                      ; 4.05e-08 V                  ; 2.72 V             ; -0.0349 V          ; 0.173 V                             ; 0.1 V                               ; 2.72e-10 s                 ; 2.69e-10 s                 ; Yes                       ; Yes                       ;
; LEDR[4]       ; 2.5 V        ; 0 s                 ; 0 s                 ; 2.62 V                       ; 4.05e-08 V                   ; 2.72 V              ; -0.0349 V           ; 0.173 V                              ; 0.1 V                                ; 2.72e-10 s                  ; 2.69e-10 s                  ; Yes                        ; Yes                        ; 2.62 V                      ; 4.05e-08 V                  ; 2.72 V             ; -0.0349 V          ; 0.173 V                             ; 0.1 V                               ; 2.72e-10 s                 ; 2.69e-10 s                 ; Yes                       ; Yes                       ;
; LEDR[5]       ; 2.5 V        ; 0 s                 ; 0 s                 ; 2.62 V                       ; 4.05e-08 V                   ; 2.72 V              ; -0.0349 V           ; 0.173 V                              ; 0.1 V                                ; 2.72e-10 s                  ; 2.69e-10 s                  ; Yes                        ; Yes                        ; 2.62 V                      ; 4.05e-08 V                  ; 2.72 V             ; -0.0349 V          ; 0.173 V                             ; 0.1 V                               ; 2.72e-10 s                 ; 2.69e-10 s                 ; Yes                       ; Yes                       ;
; LEDR[6]       ; 2.5 V        ; 0 s                 ; 0 s                 ; 2.62 V                       ; 4.05e-08 V                   ; 2.72 V              ; -0.0349 V           ; 0.173 V                              ; 0.1 V                                ; 2.72e-10 s                  ; 2.69e-10 s                  ; Yes                        ; Yes                        ; 2.62 V                      ; 4.05e-08 V                  ; 2.72 V             ; -0.0349 V          ; 0.173 V                             ; 0.1 V                               ; 2.72e-10 s                 ; 2.69e-10 s                 ; Yes                       ; Yes                       ;
; LEDR[7]       ; 2.5 V        ; 0 s                 ; 0 s                 ; 2.62 V                       ; 4.05e-08 V                   ; 2.72 V              ; -0.0349 V           ; 0.173 V                              ; 0.1 V                                ; 2.72e-10 s                  ; 2.69e-10 s                  ; Yes                        ; Yes                        ; 2.62 V                      ; 4.05e-08 V                  ; 2.72 V             ; -0.0349 V          ; 0.173 V                             ; 0.1 V                               ; 2.72e-10 s                 ; 2.69e-10 s                 ; Yes                       ; Yes                       ;
; LEDR[8]       ; 2.5 V        ; 0 s                 ; 0 s                 ; 2.62 V                       ; 4.05e-08 V                   ; 2.72 V              ; -0.0349 V           ; 0.173 V                              ; 0.1 V                                ; 2.72e-10 s                  ; 2.69e-10 s                  ; Yes                        ; Yes                        ; 2.62 V                      ; 4.05e-08 V                  ; 2.72 V             ; -0.0349 V          ; 0.173 V                             ; 0.1 V                               ; 2.72e-10 s                 ; 2.69e-10 s                 ; Yes                       ; Yes                       ;
; LEDR[9]       ; 2.5 V        ; 0 s                 ; 0 s                 ; 2.62 V                       ; 4.05e-08 V                   ; 2.64 V              ; -0.0113 V           ; 0.208 V                              ; 0.179 V                              ; 2.38e-09 s                  ; 2.23e-09 s                  ; No                         ; Yes                        ; 2.62 V                      ; 4.05e-08 V                  ; 2.64 V             ; -0.0113 V          ; 0.208 V                             ; 0.179 V                             ; 2.38e-09 s                 ; 2.23e-09 s                 ; No                        ; Yes                       ;
; LEDR[10]      ; 2.5 V        ; 0 s                 ; 0 s                 ; 2.62 V                       ; 4.05e-08 V                   ; 2.72 V              ; -0.0349 V           ; 0.173 V                              ; 0.1 V                                ; 2.72e-10 s                  ; 2.69e-10 s                  ; Yes                        ; Yes                        ; 2.62 V                      ; 4.05e-08 V                  ; 2.72 V             ; -0.0349 V          ; 0.173 V                             ; 0.1 V                               ; 2.72e-10 s                 ; 2.69e-10 s                 ; Yes                       ; Yes                       ;
; LEDR[11]      ; 2.5 V        ; 0 s                 ; 0 s                 ; 2.62 V                       ; 4.05e-08 V                   ; 2.72 V              ; -0.0349 V           ; 0.173 V                              ; 0.1 V                                ; 2.72e-10 s                  ; 2.69e-10 s                  ; Yes                        ; Yes                        ; 2.62 V                      ; 4.05e-08 V                  ; 2.72 V             ; -0.0349 V          ; 0.173 V                             ; 0.1 V                               ; 2.72e-10 s                 ; 2.69e-10 s                 ; Yes                       ; Yes                       ;
; LEDR[12]      ; 2.5 V        ; 0 s                 ; 0 s                 ; 2.62 V                       ; 4.05e-08 V                   ; 2.72 V              ; -0.0349 V           ; 0.173 V                              ; 0.1 V                                ; 2.72e-10 s                  ; 2.69e-10 s                  ; Yes                        ; Yes                        ; 2.62 V                      ; 4.05e-08 V                  ; 2.72 V             ; -0.0349 V          ; 0.173 V                             ; 0.1 V                               ; 2.72e-10 s                 ; 2.69e-10 s                 ; Yes                       ; Yes                       ;
; LEDR[13]      ; 2.5 V        ; 0 s                 ; 0 s                 ; 2.62 V                       ; 4.05e-08 V                   ; 2.72 V              ; -0.0349 V           ; 0.173 V                              ; 0.1 V                                ; 2.72e-10 s                  ; 2.69e-10 s                  ; Yes                        ; Yes                        ; 2.62 V                      ; 4.05e-08 V                  ; 2.72 V             ; -0.0349 V          ; 0.173 V                             ; 0.1 V                               ; 2.72e-10 s                 ; 2.69e-10 s                 ; Yes                       ; Yes                       ;
; LEDR[14]      ; 2.5 V        ; 0 s                 ; 0 s                 ; 2.62 V                       ; 4.05e-08 V                   ; 2.72 V              ; -0.0349 V           ; 0.173 V                              ; 0.1 V                                ; 2.72e-10 s                  ; 2.69e-10 s                  ; Yes                        ; Yes                        ; 2.62 V                      ; 4.05e-08 V                  ; 2.72 V             ; -0.0349 V          ; 0.173 V                             ; 0.1 V                               ; 2.72e-10 s                 ; 2.69e-10 s                 ; Yes                       ; Yes                       ;
; LEDR[15]      ; 2.5 V        ; 0 s                 ; 0 s                 ; 2.62 V                       ; 4.05e-08 V                   ; 2.64 V              ; -0.0113 V           ; 0.208 V                              ; 0.179 V                              ; 2.38e-09 s                  ; 2.23e-09 s                  ; No                         ; Yes                        ; 2.62 V                      ; 4.05e-08 V                  ; 2.64 V             ; -0.0113 V          ; 0.208 V                             ; 0.179 V                             ; 2.38e-09 s                 ; 2.23e-09 s                 ; No                        ; Yes                       ;
; LEDR[16]      ; 2.5 V        ; 0 s                 ; 0 s                 ; 2.62 V                       ; 4.05e-08 V                   ; 2.72 V              ; -0.0349 V           ; 0.173 V                              ; 0.1 V                                ; 2.72e-10 s                  ; 2.69e-10 s                  ; Yes                        ; Yes                        ; 2.62 V                      ; 4.05e-08 V                  ; 2.72 V             ; -0.0349 V          ; 0.173 V                             ; 0.1 V                               ; 2.72e-10 s                 ; 2.69e-10 s                 ; Yes                       ; Yes                       ;
; LEDR[17]      ; 2.5 V        ; 0 s                 ; 0 s                 ; 2.62 V                       ; 4.05e-08 V                   ; 2.72 V              ; -0.0349 V           ; 0.173 V                              ; 0.1 V                                ; 2.72e-10 s                  ; 2.69e-10 s                  ; Yes                        ; Yes                        ; 2.62 V                      ; 4.05e-08 V                  ; 2.72 V             ; -0.0349 V          ; 0.173 V                             ; 0.1 V                               ; 2.72e-10 s                 ; 2.69e-10 s                 ; Yes                       ; Yes                       ;
; LEDG[0]       ; 2.5 V        ; 0 s                 ; 0 s                 ; 2.62 V                       ; 4.05e-08 V                   ; 2.72 V              ; -0.0349 V           ; 0.173 V                              ; 0.1 V                                ; 2.72e-10 s                  ; 2.69e-10 s                  ; Yes                        ; Yes                        ; 2.62 V                      ; 4.05e-08 V                  ; 2.72 V             ; -0.0349 V          ; 0.173 V                             ; 0.1 V                               ; 2.72e-10 s                 ; 2.69e-10 s                 ; Yes                       ; Yes                       ;
; LEDG[1]       ; 2.5 V        ; 0 s                 ; 0 s                 ; 2.62 V                       ; 4.05e-08 V                   ; 2.72 V              ; -0.0349 V           ; 0.173 V                              ; 0.1 V                                ; 2.72e-10 s                  ; 2.69e-10 s                  ; Yes                        ; Yes                        ; 2.62 V                      ; 4.05e-08 V                  ; 2.72 V             ; -0.0349 V          ; 0.173 V                             ; 0.1 V                               ; 2.72e-10 s                 ; 2.69e-10 s                 ; Yes                       ; Yes                       ;
; LEDG[2]       ; 2.5 V        ; 0 s                 ; 0 s                 ; 2.62 V                       ; 4.05e-08 V                   ; 2.72 V              ; -0.0349 V           ; 0.173 V                              ; 0.1 V                                ; 2.72e-10 s                  ; 2.69e-10 s                  ; Yes                        ; Yes                        ; 2.62 V                      ; 4.05e-08 V                  ; 2.72 V             ; -0.0349 V          ; 0.173 V                             ; 0.1 V                               ; 2.72e-10 s                 ; 2.69e-10 s                 ; Yes                       ; Yes                       ;
; LEDG[3]       ; 2.5 V        ; 0 s                 ; 0 s                 ; 2.62 V                       ; 4.05e-08 V                   ; 2.72 V              ; -0.0349 V           ; 0.173 V                              ; 0.1 V                                ; 2.72e-10 s                  ; 2.69e-10 s                  ; Yes                        ; Yes                        ; 2.62 V                      ; 4.05e-08 V                  ; 2.72 V             ; -0.0349 V          ; 0.173 V                             ; 0.1 V                               ; 2.72e-10 s                 ; 2.69e-10 s                 ; Yes                       ; Yes                       ;
; LEDG[4]       ; 2.5 V        ; 0 s                 ; 0 s                 ; 2.62 V                       ; 4.05e-08 V                   ; 2.72 V              ; -0.0349 V           ; 0.173 V                              ; 0.1 V                                ; 2.72e-10 s                  ; 2.69e-10 s                  ; Yes                        ; Yes                        ; 2.62 V                      ; 4.05e-08 V                  ; 2.72 V             ; -0.0349 V          ; 0.173 V                             ; 0.1 V                               ; 2.72e-10 s                 ; 2.69e-10 s                 ; Yes                       ; Yes                       ;
; LEDG[5]       ; 2.5 V        ; 0 s                 ; 0 s                 ; 2.62 V                       ; 4.05e-08 V                   ; 2.72 V              ; -0.0349 V           ; 0.173 V                              ; 0.1 V                                ; 2.72e-10 s                  ; 2.69e-10 s                  ; Yes                        ; Yes                        ; 2.62 V                      ; 4.05e-08 V                  ; 2.72 V             ; -0.0349 V          ; 0.173 V                             ; 0.1 V                               ; 2.72e-10 s                 ; 2.69e-10 s                 ; Yes                       ; Yes                       ;
; LEDG[6]       ; 2.5 V        ; 0 s                 ; 0 s                 ; 2.62 V                       ; 4.05e-08 V                   ; 2.72 V              ; -0.0349 V           ; 0.173 V                              ; 0.1 V                                ; 2.72e-10 s                  ; 2.69e-10 s                  ; Yes                        ; Yes                        ; 2.62 V                      ; 4.05e-08 V                  ; 2.72 V             ; -0.0349 V          ; 0.173 V                             ; 0.1 V                               ; 2.72e-10 s                 ; 2.69e-10 s                 ; Yes                       ; Yes                       ;
; LEDG[7]       ; 2.5 V        ; 0 s                 ; 0 s                 ; 2.62 V                       ; 4.05e-08 V                   ; 2.72 V              ; -0.0349 V           ; 0.173 V                              ; 0.1 V                                ; 2.72e-10 s                  ; 2.69e-10 s                  ; Yes                        ; Yes                        ; 2.62 V                      ; 4.05e-08 V                  ; 2.72 V             ; -0.0349 V          ; 0.173 V                             ; 0.1 V                               ; 2.72e-10 s                 ; 2.69e-10 s                 ; Yes                       ; Yes                       ;
; LEDG[8]       ; 2.5 V        ; 0 s                 ; 0 s                 ; 2.62 V                       ; 4.05e-08 V                   ; 2.72 V              ; -0.0349 V           ; 0.173 V                              ; 0.1 V                                ; 2.72e-10 s                  ; 2.69e-10 s                  ; Yes                        ; Yes                        ; 2.62 V                      ; 4.05e-08 V                  ; 2.72 V             ; -0.0349 V          ; 0.173 V                             ; 0.1 V                               ; 2.72e-10 s                 ; 2.69e-10 s                 ; Yes                       ; Yes                       ;
; ~ALTERA_DCLK~ ; 2.5 V        ; 0 s                 ; 0 s                 ; 2.62 V                       ; 2.22e-08 V                   ; 2.74 V              ; -0.06 V             ; 0.158 V                              ; 0.08 V                               ; 2.68e-10 s                  ; 2.19e-10 s                  ; Yes                        ; Yes                        ; 2.62 V                      ; 2.22e-08 V                  ; 2.74 V             ; -0.06 V            ; 0.158 V                             ; 0.08 V                              ; 2.68e-10 s                 ; 2.19e-10 s                 ; Yes                       ; Yes                       ;
; ~ALTERA_nCEO~ ; 2.5 V        ; 0 s                 ; 0 s                 ; 2.62 V                       ; 3.54e-08 V                   ; 2.7 V               ; -0.00943 V          ; 0.276 V                              ; 0.035 V                              ; 3.19e-10 s                  ; 4.99e-10 s                  ; No                         ; Yes                        ; 2.62 V                      ; 3.54e-08 V                  ; 2.7 V              ; -0.00943 V         ; 0.276 V                             ; 0.035 V                             ; 3.19e-10 s                 ; 4.99e-10 s                 ; No                        ; Yes                       ;
+---------------+--------------+---------------------+---------------------+------------------------------+------------------------------+---------------------+---------------------+--------------------------------------+--------------------------------------+-----------------------------+-----------------------------+----------------------------+----------------------------+-----------------------------+-----------------------------+--------------------+--------------------+-------------------------------------+-------------------------------------+----------------------------+----------------------------+---------------------------+---------------------------+


+-------------------------------------------------------------------------------------------------------------------------------------------------------------+
; Setup Transfers                                                                                                                                             ;
+------------------------------------------------------+------------------------------------------------------+--------------+----------+----------+----------+
; From Clock                                           ; To Clock                                             ; RR Paths     ; FR Paths ; RF Paths ; FF Paths ;
+------------------------------------------------------+------------------------------------------------------+--------------+----------+----------+----------+
; pll_inst|altpll_component|auto_generated|pll1|clk[0] ; pll_inst|altpll_component|auto_generated|pll1|clk[0] ; > 2147483647 ; 0        ; 0        ; 0        ;
+------------------------------------------------------+------------------------------------------------------+--------------+----------+----------+----------+
Entries labeled "false path" only account for clock-to-clock false paths and not path-based false paths. As a result, actual path counts may be lower than reported.


+-------------------------------------------------------------------------------------------------------------------------------------------------------------+
; Hold Transfers                                                                                                                                              ;
+------------------------------------------------------+------------------------------------------------------+--------------+----------+----------+----------+
; From Clock                                           ; To Clock                                             ; RR Paths     ; FR Paths ; RF Paths ; FF Paths ;
+------------------------------------------------------+------------------------------------------------------+--------------+----------+----------+----------+
; pll_inst|altpll_component|auto_generated|pll1|clk[0] ; pll_inst|altpll_component|auto_generated|pll1|clk[0] ; > 2147483647 ; 0        ; 0        ; 0        ;
+------------------------------------------------------+------------------------------------------------------+--------------+----------+----------+----------+
Entries labeled "false path" only account for clock-to-clock false paths and not path-based false paths. As a result, actual path counts may be lower than reported.


---------------
; Report TCCS ;
---------------
No dedicated SERDES Transmitter circuitry present in device or used in design


---------------
; Report RSKM ;
---------------
No non-DPA dedicated SERDES Receiver circuitry present in device or used in design


+------------------------------------------------+
; Unconstrained Paths Summary                    ;
+---------------------------------+-------+------+
; Property                        ; Setup ; Hold ;
+---------------------------------+-------+------+
; Illegal Clocks                  ; 0     ; 0    ;
; Unconstrained Clocks            ; 0     ; 0    ;
; Unconstrained Input Ports       ; 22    ; 22   ;
; Unconstrained Input Port Paths  ; 763   ; 763  ;
; Unconstrained Output Ports      ; 59    ; 59   ;
; Unconstrained Output Port Paths ; 59    ; 59   ;
+---------------------------------+-------+------+


+---------------------------------------------------------------------------------------------------------------------------------------+
; Clock Status Summary                                                                                                                  ;
+------------------------------------------------------+------------------------------------------------------+-----------+-------------+
; Target                                               ; Clock                                                ; Type      ; Status      ;
+------------------------------------------------------+------------------------------------------------------+-----------+-------------+
; clk                                                  ; clk                                                  ; Base      ; Constrained ;
; pll_inst|altpll_component|auto_generated|pll1|clk[0] ; pll_inst|altpll_component|auto_generated|pll1|clk[0] ; Generated ; Constrained ;
+------------------------------------------------------+------------------------------------------------------+-----------+-------------+


+---------------------------------------------------------------------------------------------------+
; Unconstrained Input Ports                                                                         ;
+------------+--------------------------------------------------------------------------------------+
; Input Port ; Comment                                                                              ;
+------------+--------------------------------------------------------------------------------------+
; KEY[1]     ; No input delay, min/max delays, false-path exceptions, or max skew assignments found ;
; KEY[2]     ; No input delay, min/max delays, false-path exceptions, or max skew assignments found ;
; KEY[3]     ; No input delay, min/max delays, false-path exceptions, or max skew assignments found ;
; SW[0]      ; No input delay, min/max delays, false-path exceptions, or max skew assignments found ;
; SW[1]      ; No input delay, min/max delays, false-path exceptions, or max skew assignments found ;
; SW[2]      ; No input delay, min/max delays, false-path exceptions, or max skew assignments found ;
; SW[3]      ; No input delay, min/max delays, false-path exceptions, or max skew assignments found ;
; SW[4]      ; No input delay, min/max delays, false-path exceptions, or max skew assignments found ;
; SW[5]      ; No input delay, min/max delays, false-path exceptions, or max skew assignments found ;
; SW[6]      ; No input delay, min/max delays, false-path exceptions, or max skew assignments found ;
; SW[7]      ; No input delay, min/max delays, false-path exceptions, or max skew assignments found ;
; SW[8]      ; No input delay, min/max delays, false-path exceptions, or max skew assignments found ;
; SW[9]      ; No input delay, min/max delays, false-path exceptions, or max skew assignments found ;
; SW[10]     ; No input delay, min/max delays, false-path exceptions, or max skew assignments found ;
; SW[11]     ; No input delay, min/max delays, false-path exceptions, or max skew assignments found ;
; SW[12]     ; No input delay, min/max delays, false-path exceptions, or max skew assignments found ;
; SW[13]     ; No input delay, min/max delays, false-path exceptions, or max skew assignments found ;
; SW[14]     ; No input delay, min/max delays, false-path exceptions, or max skew assignments found ;
; SW[15]     ; No input delay, min/max delays, false-path exceptions, or max skew assignments found ;
; SW[16]     ; No input delay, min/max delays, false-path exceptions, or max skew assignments found ;
; SW[17]     ; No input delay, min/max delays, false-path exceptions, or max skew assignments found ;
; rst_n      ; No input delay, min/max delays, false-path exceptions, or max skew assignments found ;
+------------+--------------------------------------------------------------------------------------+


+-----------------------------------------------------------------------------------------------------+
; Unconstrained Output Ports                                                                          ;
+-------------+---------------------------------------------------------------------------------------+
; Output Port ; Comment                                                                               ;
+-------------+---------------------------------------------------------------------------------------+
; LEDG[0]     ; No output delay, min/max delays, false-path exceptions, or max skew assignments found ;
; LEDG[1]     ; No output delay, min/max delays, false-path exceptions, or max skew assignments found ;
; LEDG[2]     ; No output delay, min/max delays, false-path exceptions, or max skew assignments found ;
; LEDG[3]     ; No output delay, min/max delays, false-path exceptions, or max skew assignments found ;
; LEDG[4]     ; No output delay, min/max delays, false-path exceptions, or max skew assignments found ;
; LEDG[5]     ; No output delay, min/max delays, false-path exceptions, or max skew assignments found ;
; LEDG[6]     ; No output delay, min/max delays, false-path exceptions, or max skew assignments found ;
; LEDG[7]     ; No output delay, min/max delays, false-path exceptions, or max skew assignments found ;
; LEDG[8]     ; No output delay, min/max delays, false-path exceptions, or max skew assignments found ;
; LEDR[0]     ; No output delay, min/max delays, false-path exceptions, or max skew assignments found ;
; LEDR[1]     ; No output delay, min/max delays, false-path exceptions, or max skew assignments found ;
; LEDR[2]     ; No output delay, min/max delays, false-path exceptions, or max skew assignments found ;
; LEDR[3]     ; No output delay, min/max delays, false-path exceptions, or max skew assignments found ;
; LEDR[4]     ; No output delay, min/max delays, false-path exceptions, or max skew assignments found ;
; LEDR[5]     ; No output delay, min/max delays, false-path exceptions, or max skew assignments found ;
; LEDR[6]     ; No output delay, min/max delays, false-path exceptions, or max skew assignments found ;
; LEDR[7]     ; No output delay, min/max delays, false-path exceptions, or max skew assignments found ;
; LEDR[8]     ; No output delay, min/max delays, false-path exceptions, or max skew assignments found ;
; LEDR[9]     ; No output delay, min/max delays, false-path exceptions, or max skew assignments found ;
; LEDR[10]    ; No output delay, min/max delays, false-path exceptions, or max skew assignments found ;
; LEDR[11]    ; No output delay, min/max delays, false-path exceptions, or max skew assignments found ;
; LEDR[12]    ; No output delay, min/max delays, false-path exceptions, or max skew assignments found ;
; LEDR[13]    ; No output delay, min/max delays, false-path exceptions, or max skew assignments found ;
; LEDR[14]    ; No output delay, min/max delays, false-path exceptions, or max skew assignments found ;
; LEDR[15]    ; No output delay, min/max delays, false-path exceptions, or max skew assignments found ;
; LEDR[16]    ; No output delay, min/max delays, false-path exceptions, or max skew assignments found ;
; LEDR[17]    ; No output delay, min/max delays, false-path exceptions, or max skew assignments found ;
; PC[0]       ; No output delay, min/max delays, false-path exceptions, or max skew assignments found ;
; PC[1]       ; No output delay, min/max delays, false-path exceptions, or max skew assignments found ;
; PC[2]       ; No output delay, min/max delays, false-path exceptions, or max skew assignments found ;
; PC[3]       ; No output delay, min/max delays, false-path exceptions, or max skew assignments found ;
; PC[4]       ; No output delay, min/max delays, false-path exceptions, or max skew assignments found ;
; PC[5]       ; No output delay, min/max delays, false-path exceptions, or max skew assignments found ;
; PC[6]       ; No output delay, min/max delays, false-path exceptions, or max skew assignments found ;
; PC[7]       ; No output delay, min/max delays, false-path exceptions, or max skew assignments found ;
; PC[8]       ; No output delay, min/max delays, false-path exceptions, or max skew assignments found ;
; PC[9]       ; No output delay, min/max delays, false-path exceptions, or max skew assignments found ;
; PC[10]      ; No output delay, min/max delays, false-path exceptions, or max skew assignments found ;
; PC[11]      ; No output delay, min/max delays, false-path exceptions, or max skew assignments found ;
; PC[12]      ; No output delay, min/max delays, false-path exceptions, or max skew assignments found ;
; PC[13]      ; No output delay, min/max delays, false-path exceptions, or max skew assignments found ;
; PC[14]      ; No output delay, min/max delays, false-path exceptions, or max skew assignments found ;
; PC[15]      ; No output delay, min/max delays, false-path exceptions, or max skew assignments found ;
; PC[16]      ; No output delay, min/max delays, false-path exceptions, or max skew assignments found ;
; PC[17]      ; No output delay, min/max delays, false-path exceptions, or max skew assignments found ;
; PC[18]      ; No output delay, min/max delays, false-path exceptions, or max skew assignments found ;
; PC[19]      ; No output delay, min/max delays, false-path exceptions, or max skew assignments found ;
; PC[20]      ; No output delay, min/max delays, false-path exceptions, or max skew assignments found ;
; PC[21]      ; No output delay, min/max delays, false-path exceptions, or max skew assignments found ;
; PC[22]      ; No output delay, min/max delays, false-path exceptions, or max skew assignments found ;
; PC[23]      ; No output delay, min/max delays, false-path exceptions, or max skew assignments found ;
; PC[24]      ; No output delay, min/max delays, false-path exceptions, or max skew assignments found ;
; PC[25]      ; No output delay, min/max delays, false-path exceptions, or max skew assignments found ;
; PC[26]      ; No output delay, min/max delays, false-path exceptions, or max skew assignments found ;
; PC[27]      ; No output delay, min/max delays, false-path exceptions, or max skew assignments found ;
; PC[28]      ; No output delay, min/max delays, false-path exceptions, or max skew assignments found ;
; PC[29]      ; No output delay, min/max delays, false-path exceptions, or max skew assignments found ;
; PC[30]      ; No output delay, min/max delays, false-path exceptions, or max skew assignments found ;
; PC[31]      ; No output delay, min/max delays, false-path exceptions, or max skew assignments found ;
+-------------+---------------------------------------------------------------------------------------+


+---------------------------------------------------------------------------------------------------+
; Unconstrained Input Ports                                                                         ;
+------------+--------------------------------------------------------------------------------------+
; Input Port ; Comment                                                                              ;
+------------+--------------------------------------------------------------------------------------+
; KEY[1]     ; No input delay, min/max delays, false-path exceptions, or max skew assignments found ;
; KEY[2]     ; No input delay, min/max delays, false-path exceptions, or max skew assignments found ;
; KEY[3]     ; No input delay, min/max delays, false-path exceptions, or max skew assignments found ;
; SW[0]      ; No input delay, min/max delays, false-path exceptions, or max skew assignments found ;
; SW[1]      ; No input delay, min/max delays, false-path exceptions, or max skew assignments found ;
; SW[2]      ; No input delay, min/max delays, false-path exceptions, or max skew assignments found ;
; SW[3]      ; No input delay, min/max delays, false-path exceptions, or max skew assignments found ;
; SW[4]      ; No input delay, min/max delays, false-path exceptions, or max skew assignments found ;
; SW[5]      ; No input delay, min/max delays, false-path exceptions, or max skew assignments found ;
; SW[6]      ; No input delay, min/max delays, false-path exceptions, or max skew assignments found ;
; SW[7]      ; No input delay, min/max delays, false-path exceptions, or max skew assignments found ;
; SW[8]      ; No input delay, min/max delays, false-path exceptions, or max skew assignments found ;
; SW[9]      ; No input delay, min/max delays, false-path exceptions, or max skew assignments found ;
; SW[10]     ; No input delay, min/max delays, false-path exceptions, or max skew assignments found ;
; SW[11]     ; No input delay, min/max delays, false-path exceptions, or max skew assignments found ;
; SW[12]     ; No input delay, min/max delays, false-path exceptions, or max skew assignments found ;
; SW[13]     ; No input delay, min/max delays, false-path exceptions, or max skew assignments found ;
; SW[14]     ; No input delay, min/max delays, false-path exceptions, or max skew assignments found ;
; SW[15]     ; No input delay, min/max delays, false-path exceptions, or max skew assignments found ;
; SW[16]     ; No input delay, min/max delays, false-path exceptions, or max skew assignments found ;
; SW[17]     ; No input delay, min/max delays, false-path exceptions, or max skew assignments found ;
; rst_n      ; No input delay, min/max delays, false-path exceptions, or max skew assignments found ;
+------------+--------------------------------------------------------------------------------------+


+-----------------------------------------------------------------------------------------------------+
; Unconstrained Output Ports                                                                          ;
+-------------+---------------------------------------------------------------------------------------+
; Output Port ; Comment                                                                               ;
+-------------+---------------------------------------------------------------------------------------+
; LEDG[0]     ; No output delay, min/max delays, false-path exceptions, or max skew assignments found ;
; LEDG[1]     ; No output delay, min/max delays, false-path exceptions, or max skew assignments found ;
; LEDG[2]     ; No output delay, min/max delays, false-path exceptions, or max skew assignments found ;
; LEDG[3]     ; No output delay, min/max delays, false-path exceptions, or max skew assignments found ;
; LEDG[4]     ; No output delay, min/max delays, false-path exceptions, or max skew assignments found ;
; LEDG[5]     ; No output delay, min/max delays, false-path exceptions, or max skew assignments found ;
; LEDG[6]     ; No output delay, min/max delays, false-path exceptions, or max skew assignments found ;
; LEDG[7]     ; No output delay, min/max delays, false-path exceptions, or max skew assignments found ;
; LEDG[8]     ; No output delay, min/max delays, false-path exceptions, or max skew assignments found ;
; LEDR[0]     ; No output delay, min/max delays, false-path exceptions, or max skew assignments found ;
; LEDR[1]     ; No output delay, min/max delays, false-path exceptions, or max skew assignments found ;
; LEDR[2]     ; No output delay, min/max delays, false-path exceptions, or max skew assignments found ;
; LEDR[3]     ; No output delay, min/max delays, false-path exceptions, or max skew assignments found ;
; LEDR[4]     ; No output delay, min/max delays, false-path exceptions, or max skew assignments found ;
; LEDR[5]     ; No output delay, min/max delays, false-path exceptions, or max skew assignments found ;
; LEDR[6]     ; No output delay, min/max delays, false-path exceptions, or max skew assignments found ;
; LEDR[7]     ; No output delay, min/max delays, false-path exceptions, or max skew assignments found ;
; LEDR[8]     ; No output delay, min/max delays, false-path exceptions, or max skew assignments found ;
; LEDR[9]     ; No output delay, min/max delays, false-path exceptions, or max skew assignments found ;
; LEDR[10]    ; No output delay, min/max delays, false-path exceptions, or max skew assignments found ;
; LEDR[11]    ; No output delay, min/max delays, false-path exceptions, or max skew assignments found ;
; LEDR[12]    ; No output delay, min/max delays, false-path exceptions, or max skew assignments found ;
; LEDR[13]    ; No output delay, min/max delays, false-path exceptions, or max skew assignments found ;
; LEDR[14]    ; No output delay, min/max delays, false-path exceptions, or max skew assignments found ;
; LEDR[15]    ; No output delay, min/max delays, false-path exceptions, or max skew assignments found ;
; LEDR[16]    ; No output delay, min/max delays, false-path exceptions, or max skew assignments found ;
; LEDR[17]    ; No output delay, min/max delays, false-path exceptions, or max skew assignments found ;
; PC[0]       ; No output delay, min/max delays, false-path exceptions, or max skew assignments found ;
; PC[1]       ; No output delay, min/max delays, false-path exceptions, or max skew assignments found ;
; PC[2]       ; No output delay, min/max delays, false-path exceptions, or max skew assignments found ;
; PC[3]       ; No output delay, min/max delays, false-path exceptions, or max skew assignments found ;
; PC[4]       ; No output delay, min/max delays, false-path exceptions, or max skew assignments found ;
; PC[5]       ; No output delay, min/max delays, false-path exceptions, or max skew assignments found ;
; PC[6]       ; No output delay, min/max delays, false-path exceptions, or max skew assignments found ;
; PC[7]       ; No output delay, min/max delays, false-path exceptions, or max skew assignments found ;
; PC[8]       ; No output delay, min/max delays, false-path exceptions, or max skew assignments found ;
; PC[9]       ; No output delay, min/max delays, false-path exceptions, or max skew assignments found ;
; PC[10]      ; No output delay, min/max delays, false-path exceptions, or max skew assignments found ;
; PC[11]      ; No output delay, min/max delays, false-path exceptions, or max skew assignments found ;
; PC[12]      ; No output delay, min/max delays, false-path exceptions, or max skew assignments found ;
; PC[13]      ; No output delay, min/max delays, false-path exceptions, or max skew assignments found ;
; PC[14]      ; No output delay, min/max delays, false-path exceptions, or max skew assignments found ;
; PC[15]      ; No output delay, min/max delays, false-path exceptions, or max skew assignments found ;
; PC[16]      ; No output delay, min/max delays, false-path exceptions, or max skew assignments found ;
; PC[17]      ; No output delay, min/max delays, false-path exceptions, or max skew assignments found ;
; PC[18]      ; No output delay, min/max delays, false-path exceptions, or max skew assignments found ;
; PC[19]      ; No output delay, min/max delays, false-path exceptions, or max skew assignments found ;
; PC[20]      ; No output delay, min/max delays, false-path exceptions, or max skew assignments found ;
; PC[21]      ; No output delay, min/max delays, false-path exceptions, or max skew assignments found ;
; PC[22]      ; No output delay, min/max delays, false-path exceptions, or max skew assignments found ;
; PC[23]      ; No output delay, min/max delays, false-path exceptions, or max skew assignments found ;
; PC[24]      ; No output delay, min/max delays, false-path exceptions, or max skew assignments found ;
; PC[25]      ; No output delay, min/max delays, false-path exceptions, or max skew assignments found ;
; PC[26]      ; No output delay, min/max delays, false-path exceptions, or max skew assignments found ;
; PC[27]      ; No output delay, min/max delays, false-path exceptions, or max skew assignments found ;
; PC[28]      ; No output delay, min/max delays, false-path exceptions, or max skew assignments found ;
; PC[29]      ; No output delay, min/max delays, false-path exceptions, or max skew assignments found ;
; PC[30]      ; No output delay, min/max delays, false-path exceptions, or max skew assignments found ;
; PC[31]      ; No output delay, min/max delays, false-path exceptions, or max skew assignments found ;
+-------------+---------------------------------------------------------------------------------------+


+--------------------------+
; Timing Analyzer Messages ;
+--------------------------+
Info: *******************************************************************
Info: Running Quartus Prime Timing Analyzer
    Info: Version 21.1.1 Build 850 06/23/2022 SJ Lite Edition
    Info: Processing started: Mon Apr 27 12:22:58 2026
Info: Command: quartus_sta lab6 -c lab6
Info: qsta_default_script.tcl version: #1
Warning (18236): Number of processors has not been specified which may cause overloading on shared machines.  Set the global assignment NUM_PARALLEL_PROCESSORS in your QSF to an appropriate value for best performance.
Info (20030): Parallel compilation is enabled and will use 16 of the 16 processors detected
Info (21077): Low junction temperature is 0 degrees C
Info (21077): High junction temperature is 85 degrees C
Critical Warning (332012): Synopsys Design Constraints File file not found: 'lab6.sdc'. A Synopsys Design Constraints File is required by the Timing Analyzer to get proper timing constraints. Without it, the Compiler will not properly optimize the design.
Info (332142): No user constrained generated clocks found in the design. Calling "derive_pll_clocks -create_base_clocks"
Info (332110): Deriving PLL clocks
    Info (332110): create_clock -period 20.000 -waveform {0.000 10.000} -name clk clk
    Info (332110): create_generated_clock -source {pll_inst|altpll_component|auto_generated|pll1|inclk[0]} -divide_by 5 -duty_cycle 50.00 -name {pll_inst|altpll_component|auto_generated|pll1|clk[0]} {pll_inst|altpll_component|auto_generated|pll1|clk[0]}
Info (332142): No user constrained base clocks found in the design. Calling "derive_clocks -period 1.0"
Info (332096): The command derive_clocks did not find any clocks to derive.  No clocks were created or changed.
Info (332143): No user constrained clock uncertainty found in the design. Calling "derive_clock_uncertainty"
Info (332123): Deriving Clock Uncertainty. Please refer to report_sdc in the Timing Analyzer to see clock uncertainties.
Info: Found TIMING_ANALYZER_REPORT_SCRIPT_INCLUDE_DEFAULT_ANALYSIS = ON
Info: Analyzing Slow 1200mV 85C Model
Info (332146): Worst-case setup slack is 60.456
    Info (332119):     Slack       End Point TNS Clock 
    Info (332119): ========= =================== =====================
    Info (332119):    60.456               0.000 pll_inst|altpll_component|auto_generated|pll1|clk[0] 
Info (332146): Worst-case hold slack is 0.466
    Info (332119):     Slack       End Point TNS Clock 
    Info (332119): ========= =================== =====================
    Info (332119):     0.466               0.000 pll_inst|altpll_component|auto_generated|pll1|clk[0] 
Info (332140): No Recovery paths to report
Info (332140): No Removal paths to report
Info (332146): Worst-case minimum pulse width slack is 9.891
    Info (332119):     Slack       End Point TNS Clock 
    Info (332119): ========= =================== =====================
    Info (332119):     9.891               0.000 clk 
    Info (332119):    49.706               0.000 pll_inst|altpll_component|auto_generated|pll1|clk[0] 
Info: Analyzing Slow 1200mV 0C Model
Info (334003): Started post-fitting delay annotation
Info (334004): Delay annotation completed successfully
Info (332123): Deriving Clock Uncertainty. Please refer to report_sdc in the Timing Analyzer to see clock uncertainties.
Info (332146): Worst-case setup slack is 63.259
    Info (332119):     Slack       End Point TNS Clock 
    Info (332119): ========= =================== =====================
    Info (332119):    63.259               0.000 pll_inst|altpll_component|auto_generated|pll1|clk[0] 
Info (332146): Worst-case hold slack is 0.421
    Info (332119):     Slack       End Point TNS Clock 
    Info (332119): ========= =================== =====================
    Info (332119):     0.421               0.000 pll_inst|altpll_component|auto_generated|pll1|clk[0] 
Info (332140): No Recovery paths to report
Info (332140): No Removal paths to report
Info (332146): Worst-case minimum pulse width slack is 9.887
    Info (332119):     Slack       End Point TNS Clock 
    Info (332119): ========= =================== =====================
    Info (332119):     9.887               0.000 clk 
    Info (332119):    49.708               0.000 pll_inst|altpll_component|auto_generated|pll1|clk[0] 
Info: Analyzing Fast 1200mV 0C Model
Info (332123): Deriving Clock Uncertainty. Please refer to report_sdc in the Timing Analyzer to see clock uncertainties.
Info (332146): Worst-case setup slack is 78.845
    Info (332119):     Slack       End Point TNS Clock 
    Info (332119): ========= =================== =====================
    Info (332119):    78.845               0.000 pll_inst|altpll_component|auto_generated|pll1|clk[0] 
Info (332146): Worst-case hold slack is 0.213
    Info (332119):     Slack       End Point TNS Clock 
    Info (332119): ========= =================== =====================
    Info (332119):     0.213               0.000 pll_inst|altpll_component|auto_generated|pll1|clk[0] 
Info (332140): No Recovery paths to report
Info (332140): No Removal paths to report
Info (332146): Worst-case minimum pulse width slack is 9.574
    Info (332119):     Slack       End Point TNS Clock 
    Info (332119): ========= =================== =====================
    Info (332119):     9.574               0.000 clk 
    Info (332119):    49.779               0.000 pll_inst|altpll_component|auto_generated|pll1|clk[0] 
Info (332102): Design is not fully constrained for setup requirements
Info (332102): Design is not fully constrained for hold requirements
Info: Quartus Prime Timing Analyzer was successful. 0 errors, 2 warnings
    Info: Peak virtual memory: 5170 megabytes
    Info: Processing ended: Mon Apr 27 12:23:03 2026
    Info: Elapsed time: 00:00:05
    Info: Total CPU time (on all processors): 00:00:08


