Fitter report for lab6
Mon Apr 27 12:22:52 2026
Quartus Prime Version 21.1.1 Build 850 06/23/2022 SJ Lite Edition


---------------------
; Table of Contents ;
---------------------
  1. Legal Notice
  2. Fitter Summary
  3. Fitter Settings
  4. Parallel Compilation
  5. Incremental Compilation Preservation Summary
  6. Incremental Compilation Partition Settings
  7. Incremental Compilation Placement Preservation
  8. Pin-Out File
  9. Fitter Resource Usage Summary
 10. Fitter Partition Statistics
 11. Input Pins
 12. Output Pins
 13. Dual Purpose and Dedicated Pins
 14. I/O Bank Usage
 15. All Package Pins
 16. PLL Summary
 17. PLL Usage
 18. I/O Assignment Warnings
 19. Fitter Resource Utilization by Entity
 20. Delay Chain Summary
 21. Pad To Core Delay Chain Fanout
 22. Control Signals
 23. Global & Other Fast Signals
 24. Non-Global High Fan-Out Signals
 25. Routing Usage Summary
 26. LAB Logic Elements
 27. LAB-wide Signals
 28. LAB Signals Sourced
 29. LAB Signals Sourced Out
 30. LAB Distinct Inputs
 31. I/O Rules Summary
 32. I/O Rules Details
 33. I/O Rules Matrix
 34. Fitter Device Options
 35. Operating Settings and Conditions
 36. Fitter Messages
 37. Fitter Suppressed Messages



----------------
; Legal Notice ;
----------------
Copyright (C) 2022  Intel Corporation. All rights reserved.
Your use of Intel Corporation's design tools, logic functions 
and other software and tools, and any partner logic 
functions, and any output files from any of the foregoing 
(including device programming or simulation files), and any 
associated documentation or information are expressly subject 
to the terms and conditions of the Intel Program License 
Subscription Agreement, the Intel Quartus Prime License Agreement,
the Intel FPGA IP License Agreement, or other applicable license
agreement, including, without limitation, that your use is for
the sole purpose of programming logic devices manufactured by
Intel and sold by Intel or its authorized distributors.  Please
refer to the applicable agreement for further details, at
https://fpgasoftware.intel.com/eula.



+----------------------------------------------------------------------------------+
; Fitter Summary                                                                   ;
+------------------------------------+---------------------------------------------+
; Fitter Status                      ; Successful - Mon Apr 27 12:22:52 2026       ;
; Quartus Prime Version              ; 21.1.1 Build 850 06/23/2022 SJ Lite Edition ;
; Revision Name                      ; lab6                                        ;
; Top-level Entity Name              ; sc_top                                      ;
; Family                             ; Cyclone IV E                                ;
; Device                             ; EP4CE115F29C7                               ;
; Timing Models                      ; Final                                       ;
; Total logic elements               ; 11,481 / 114,480 ( 10 % )                   ;
;     Total combinational functions  ; 7,126 / 114,480 ( 6 % )                     ;
;     Dedicated logic registers      ; 9,275 / 114,480 ( 8 % )                     ;
; Total registers                    ; 9275                                        ;
; Total pins                         ; 82 / 529 ( 16 % )                           ;
; Total virtual pins                 ; 0                                           ;
; Total memory bits                  ; 0 / 3,981,312 ( 0 % )                       ;
; Embedded Multiplier 9-bit elements ; 0 / 532 ( 0 % )                             ;
; Total PLLs                         ; 1 / 4 ( 25 % )                              ;
+------------------------------------+---------------------------------------------+


+----------------------------------------------------------------------------------------------------------------------------------------------------+
; Fitter Settings                                                                                                                                    ;
+--------------------------------------------------------------------+---------------------------------------+---------------------------------------+
; Option                                                             ; Setting                               ; Default Value                         ;
+--------------------------------------------------------------------+---------------------------------------+---------------------------------------+
; Device                                                             ; EP4CE115F29C7                         ;                                       ;
; Nominal Core Supply Voltage                                        ; 1.2V                                  ;                                       ;
; Minimum Core Junction Temperature                                  ; 0                                     ;                                       ;
; Maximum Core Junction Temperature                                  ; 85                                    ;                                       ;
; Fit Attempts to Skip                                               ; 0                                     ; 0.0                                   ;
; Use smart compilation                                              ; Off                                   ; Off                                   ;
; Enable parallel Assembler and Timing Analyzer during compilation   ; On                                    ; On                                    ;
; Enable compact report table                                        ; Off                                   ; Off                                   ;
; Auto Merge PLLs                                                    ; On                                    ; On                                    ;
; Router Timing Optimization Level                                   ; Normal                                ; Normal                                ;
; Perform Clocking Topology Analysis During Routing                  ; Off                                   ; Off                                   ;
; Placement Effort Multiplier                                        ; 1.0                                   ; 1.0                                   ;
; Router Effort Multiplier                                           ; 1.0                                   ; 1.0                                   ;
; Optimize Hold Timing                                               ; All Paths                             ; All Paths                             ;
; Optimize Multi-Corner Timing                                       ; On                                    ; On                                    ;
; Power Optimization During Fitting                                  ; Normal compilation                    ; Normal compilation                    ;
; SSN Optimization                                                   ; Off                                   ; Off                                   ;
; Optimize Timing                                                    ; Normal compilation                    ; Normal compilation                    ;
; Optimize Timing for ECOs                                           ; Off                                   ; Off                                   ;
; Regenerate Full Fit Report During ECO Compiles                     ; Off                                   ; Off                                   ;
; Optimize IOC Register Placement for Timing                         ; Normal                                ; Normal                                ;
; Limit to One Fitting Attempt                                       ; Off                                   ; Off                                   ;
; Final Placement Optimizations                                      ; Automatically                         ; Automatically                         ;
; Fitter Aggressive Routability Optimizations                        ; Automatically                         ; Automatically                         ;
; Fitter Initial Placement Seed                                      ; 1                                     ; 1                                     ;
; Periphery to Core Placement and Routing Optimization               ; Off                                   ; Off                                   ;
; PCI I/O                                                            ; Off                                   ; Off                                   ;
; Weak Pull-Up Resistor                                              ; Off                                   ; Off                                   ;
; Enable Bus-Hold Circuitry                                          ; Off                                   ; Off                                   ;
; Auto Packed Registers                                              ; Auto                                  ; Auto                                  ;
; Auto Delay Chains                                                  ; On                                    ; On                                    ;
; Auto Delay Chains for High Fanout Input Pins                       ; Off                                   ; Off                                   ;
; Allow Single-ended Buffer for Differential-XSTL Input              ; Off                                   ; Off                                   ;
; Treat Bidirectional Pin as Output Pin                              ; Off                                   ; Off                                   ;
; Perform Physical Synthesis for Combinational Logic for Fitting     ; Off                                   ; Off                                   ;
; Perform Physical Synthesis for Combinational Logic for Performance ; Off                                   ; Off                                   ;
; Perform Register Duplication for Performance                       ; Off                                   ; Off                                   ;
; Perform Logic to Memory Mapping for Fitting                        ; Off                                   ; Off                                   ;
; Perform Register Retiming for Performance                          ; Off                                   ; Off                                   ;
; Perform Asynchronous Signal Pipelining                             ; Off                                   ; Off                                   ;
; Fitter Effort                                                      ; Auto Fit                              ; Auto Fit                              ;
; Physical Synthesis Effort Level                                    ; Normal                                ; Normal                                ;
; Logic Cell Insertion - Logic Duplication                           ; Auto                                  ; Auto                                  ;
; Auto Register Duplication                                          ; Auto                                  ; Auto                                  ;
; Auto Global Clock                                                  ; On                                    ; On                                    ;
; Auto Global Register Control Signals                               ; On                                    ; On                                    ;
; Reserve all unused pins                                            ; As input tri-stated with weak pull-up ; As input tri-stated with weak pull-up ;
; Synchronizer Identification                                        ; Auto                                  ; Auto                                  ;
; Enable Beneficial Skew Optimization                                ; On                                    ; On                                    ;
; Optimize Design for Metastability                                  ; On                                    ; On                                    ;
; Force Fitter to Avoid Periphery Placement Warnings                 ; Off                                   ; Off                                   ;
; Enable input tri-state on active configuration pins in user mode   ; Off                                   ; Off                                   ;
+--------------------------------------------------------------------+---------------------------------------+---------------------------------------+


+------------------------------------------+
; Parallel Compilation                     ;
+----------------------------+-------------+
; Processors                 ; Number      ;
+----------------------------+-------------+
; Number detected on machine ; 16          ;
; Maximum allowed            ; 16          ;
;                            ;             ;
; Average used               ; 1.38        ;
; Maximum used               ; 16          ;
;                            ;             ;
; Usage by Processor         ; % Time Used ;
;     Processor 1            ; 100.0%      ;
;     Processor 2            ;   3.0%      ;
;     Processor 3            ;   2.9%      ;
;     Processor 4            ;   2.9%      ;
;     Processor 5            ;   2.8%      ;
;     Processor 6            ;   2.8%      ;
;     Processor 7            ;   2.7%      ;
;     Processor 8            ;   2.7%      ;
;     Processors 9-16        ;   2.3%      ;
+----------------------------+-------------+


+----------------------------------------------------------------------------------------------------+
; Incremental Compilation Preservation Summary                                                       ;
+---------------------+----------------------+----------------------------+--------------------------+
; Type                ; Total [A + B]        ; From Design Partitions [A] ; From Rapid Recompile [B] ;
+---------------------+----------------------+----------------------------+--------------------------+
; Placement (by node) ;                      ;                            ;                          ;
;     -- Requested    ; 0.00 % ( 0 / 16579 ) ; 0.00 % ( 0 / 16579 )       ; 0.00 % ( 0 / 16579 )     ;
;     -- Achieved     ; 0.00 % ( 0 / 16579 ) ; 0.00 % ( 0 / 16579 )       ; 0.00 % ( 0 / 16579 )     ;
;                     ;                      ;                            ;                          ;
; Routing (by net)    ;                      ;                            ;                          ;
;     -- Requested    ; 0.00 % ( 0 / 0 )     ; 0.00 % ( 0 / 0 )           ; 0.00 % ( 0 / 0 )         ;
;     -- Achieved     ; 0.00 % ( 0 / 0 )     ; 0.00 % ( 0 / 0 )           ; 0.00 % ( 0 / 0 )         ;
+---------------------+----------------------+----------------------------+--------------------------+


+----------------------------------------------------------------------------------------------------------------------------------------------------------------------------------------+
; Incremental Compilation Partition Settings                                                                                                                                             ;
+--------------------------------+----------------+-------------------+-------------------------+------------------------+------------------------------+--------------------------------+
; Partition Name                 ; Partition Type ; Netlist Type Used ; Preservation Level Used ; Netlist Type Requested ; Preservation Level Requested ; Contents                       ;
+--------------------------------+----------------+-------------------+-------------------------+------------------------+------------------------------+--------------------------------+
; Top                            ; User-created   ; Source File       ; N/A                     ; Source File            ; N/A                          ;                                ;
; hard_block:auto_generated_inst ; Auto-generated ; Source File       ; N/A                     ; Source File            ; N/A                          ; hard_block:auto_generated_inst ;
+--------------------------------+----------------+-------------------+-------------------------+------------------------+------------------------------+--------------------------------+


+------------------------------------------------------------------------------------------------------------------------------------+
; Incremental Compilation Placement Preservation                                                                                     ;
+--------------------------------+-----------------------+-------------------------+-------------------+---------------------+-------+
; Partition Name                 ; Preservation Achieved ; Preservation Level Used ; Netlist Type Used ; Preservation Method ; Notes ;
+--------------------------------+-----------------------+-------------------------+-------------------+---------------------+-------+
; Top                            ; 0.00 % ( 0 / 16567 )  ; N/A                     ; Source File       ; N/A                 ;       ;
; hard_block:auto_generated_inst ; 0.00 % ( 0 / 12 )     ; N/A                     ; Source File       ; N/A                 ;       ;
+--------------------------------+-----------------------+-------------------------+-------------------+---------------------+-------+


+--------------+
; Pin-Out File ;
+--------------+
The pin-out file can be found in C:/Users/gvnrb/Desktop/lab6_OAC/Editado/quartus/output_files/lab6.pin.


+-------------------------------------------------------------------------+
; Fitter Resource Usage Summary                                           ;
+---------------------------------------------+---------------------------+
; Resource                                    ; Usage                     ;
+---------------------------------------------+---------------------------+
; Total logic elements                        ; 11,481 / 114,480 ( 10 % ) ;
;     -- Combinational with no register       ; 2206                      ;
;     -- Register only                        ; 4355                      ;
;     -- Combinational with a register        ; 4920                      ;
;                                             ;                           ;
; Logic element usage by number of LUT inputs ;                           ;
;     -- 4 input functions                    ; 6555                      ;
;     -- 3 input functions                    ; 474                       ;
;     -- <=2 input functions                  ; 97                        ;
;     -- Register only                        ; 4355                      ;
;                                             ;                           ;
; Logic elements by mode                      ;                           ;
;     -- normal mode                          ; 7003                      ;
;     -- arithmetic mode                      ; 123                       ;
;                                             ;                           ;
; Total registers*                            ; 9,275 / 117,053 ( 8 % )   ;
;     -- Dedicated logic registers            ; 9,275 / 114,480 ( 8 % )   ;
;     -- I/O registers                        ; 0 / 2,573 ( 0 % )         ;
;                                             ;                           ;
; Total LABs:  partially or completely used   ; 1,061 / 7,155 ( 15 % )    ;
; Virtual pins                                ; 0                         ;
; I/O pins                                    ; 82 / 529 ( 16 % )         ;
;     -- Clock pins                           ; 1 / 7 ( 14 % )            ;
;     -- Dedicated input pins                 ; 0 / 9 ( 0 % )             ;
;                                             ;                           ;
; M9Ks                                        ; 0 / 432 ( 0 % )           ;
; Total block memory bits                     ; 0 / 3,981,312 ( 0 % )     ;
; Total block memory implementation bits      ; 0 / 3,981,312 ( 0 % )     ;
; Embedded Multiplier 9-bit elements          ; 0 / 532 ( 0 % )           ;
; PLLs                                        ; 1 / 4 ( 25 % )            ;
; Global signals                              ; 2                         ;
;     -- Global clocks                        ; 2 / 20 ( 10 % )           ;
; JTAGs                                       ; 0 / 1 ( 0 % )             ;
; CRC blocks                                  ; 0 / 1 ( 0 % )             ;
; ASMI blocks                                 ; 0 / 1 ( 0 % )             ;
; Oscillator blocks                           ; 0 / 1 ( 0 % )             ;
; Impedance control blocks                    ; 0 / 4 ( 0 % )             ;
; Average interconnect usage (total/H/V)      ; 7.5% / 7.2% / 7.9%        ;
; Peak interconnect usage (total/H/V)         ; 66.8% / 65.4% / 68.8%     ;
; Maximum fan-out                             ; 9275                      ;
; Highest non-global fan-out                  ; 1050                      ;
; Total fan-out                               ; 57759                     ;
; Average fan-out                             ; 3.12                      ;
+---------------------------------------------+---------------------------+
*  Register count does not include registers inside RAM blocks or DSP blocks.



+--------------------------------------------------------------------------------------------------------+
; Fitter Partition Statistics                                                                            ;
+---------------------------------------------+-------------------------+--------------------------------+
; Statistic                                   ; Top                     ; hard_block:auto_generated_inst ;
+---------------------------------------------+-------------------------+--------------------------------+
; Difficulty Clustering Region                ; Low                     ; Low                            ;
;                                             ;                         ;                                ;
; Total logic elements                        ; 11481 / 114480 ( 10 % ) ; 0 / 114480 ( 0 % )             ;
;     -- Combinational with no register       ; 2206                    ; 0                              ;
;     -- Register only                        ; 4355                    ; 0                              ;
;     -- Combinational with a register        ; 4920                    ; 0                              ;
;                                             ;                         ;                                ;
; Logic element usage by number of LUT inputs ;                         ;                                ;
;     -- 4 input functions                    ; 6555                    ; 0                              ;
;     -- 3 input functions                    ; 474                     ; 0                              ;
;     -- <=2 input functions                  ; 97                      ; 0                              ;
;     -- Register only                        ; 4355                    ; 0                              ;
;                                             ;                         ;                                ;
; Logic elements by mode                      ;                         ;                                ;
;     -- normal mode                          ; 7003                    ; 0                              ;
;     -- arithmetic mode                      ; 123                     ; 0                              ;
;                                             ;                         ;                                ;
; Total registers                             ; 9275                    ; 0                              ;
;     -- Dedicated logic registers            ; 9275 / 114480 ( 8 % )   ; 0 / 114480 ( 0 % )             ;
;     -- I/O registers                        ; 0                       ; 0                              ;
;                                             ;                         ;                                ;
; Total LABs:  partially or completely used   ; 1061 / 7155 ( 15 % )    ; 0 / 7155 ( 0 % )               ;
;                                             ;                         ;                                ;
; Virtual pins                                ; 0                       ; 0                              ;
; I/O pins                                    ; 82                      ; 0                              ;
; Embedded Multiplier 9-bit elements          ; 0 / 532 ( 0 % )         ; 0 / 532 ( 0 % )                ;
; Total memory bits                           ; 0                       ; 0                              ;
; Total RAM block bits                        ; 0                       ; 0                              ;
; PLL                                         ; 0 / 4 ( 0 % )           ; 1 / 4 ( 25 % )                 ;
; Clock control block                         ; 1 / 24 ( 4 % )          ; 1 / 24 ( 4 % )                 ;
;                                             ;                         ;                                ;
; Connections                                 ;                         ;                                ;
;     -- Input Connections                    ; 9276                    ; 1                              ;
;     -- Registered Input Connections         ; 9275                    ; 0                              ;
;     -- Output Connections                   ; 1                       ; 9276                           ;
;     -- Registered Output Connections        ; 0                       ; 0                              ;
;                                             ;                         ;                                ;
; Internal Connections                        ;                         ;                                ;
;     -- Total Connections                    ; 57752                   ; 9284                           ;
;     -- Registered Connections               ; 19083                   ; 0                              ;
;                                             ;                         ;                                ;
; External Connections                        ;                         ;                                ;
;     -- Top                                  ; 0                       ; 9277                           ;
;     -- hard_block:auto_generated_inst       ; 9277                    ; 0                              ;
;                                             ;                         ;                                ;
; Partition Interface                         ;                         ;                                ;
;     -- Input Ports                          ; 23                      ; 1                              ;
;     -- Output Ports                         ; 59                      ; 2                              ;
;     -- Bidir Ports                          ; 0                       ; 0                              ;
;                                             ;                         ;                                ;
; Registered Ports                            ;                         ;                                ;
;     -- Registered Input Ports               ; 0                       ; 0                              ;
;     -- Registered Output Ports              ; 0                       ; 0                              ;
;                                             ;                         ;                                ;
; Port Connectivity                           ;                         ;                                ;
;     -- Input Ports driven by GND            ; 0                       ; 0                              ;
;     -- Output Ports driven by GND           ; 0                       ; 0                              ;
;     -- Input Ports driven by VCC            ; 0                       ; 0                              ;
;     -- Output Ports driven by VCC           ; 0                       ; 0                              ;
;     -- Input Ports with no Source           ; 0                       ; 0                              ;
;     -- Output Ports with no Source          ; 0                       ; 0                              ;
;     -- Input Ports with no Fanout           ; 0                       ; 0                              ;
;     -- Output Ports with no Fanout          ; 0                       ; 0                              ;
+---------------------------------------------+-------------------------+--------------------------------+


+-----------------------------------------------------------------------------------------------------------------------------------------------------------------------------------------------------------------------------------------------------------------------------------------+
; Input Pins                                                                                                                                                                                                                                                                              ;
+--------+-------+----------+--------------+--------------+--------------+-----------------------+--------------------+--------+----------------+---------------+-----------------+----------+--------------+--------------+---------------------------+----------------------+-----------+
; Name   ; Pin # ; I/O Bank ; X coordinate ; Y coordinate ; Z coordinate ; Combinational Fan-Out ; Registered Fan-Out ; Global ; Input Register ; Power Up High ; PCI I/O Enabled ; Bus Hold ; Weak Pull Up ; I/O Standard ; Termination Control Block ; Location assigned by ; Slew Rate ;
+--------+-------+----------+--------------+--------------+--------------+-----------------------+--------------------+--------+----------------+---------------+-----------------+----------+--------------+--------------+---------------------------+----------------------+-----------+
; KEY[1] ; M21   ; 6        ; 115          ; 53           ; 14           ; 1                     ; 0                  ; no     ; no             ; no            ; yes             ; no       ; Off          ; 2.5 V        ; --                        ; User                 ; no        ;
; KEY[2] ; N21   ; 6        ; 115          ; 42           ; 14           ; 1                     ; 0                  ; no     ; no             ; no            ; yes             ; no       ; Off          ; 2.5 V        ; --                        ; User                 ; no        ;
; KEY[3] ; R24   ; 5        ; 115          ; 35           ; 21           ; 1                     ; 0                  ; no     ; no             ; no            ; yes             ; no       ; Off          ; 2.5 V        ; --                        ; User                 ; no        ;
; SW[0]  ; B17   ; 7        ; 60           ; 73           ; 7            ; 1                     ; 0                  ; no     ; no             ; no            ; yes             ; no       ; Off          ; 2.5 V        ; --                        ; Fitter               ; no        ;
; SW[10] ; D15   ; 7        ; 58           ; 73           ; 21           ; 1                     ; 0                  ; no     ; no             ; no            ; yes             ; no       ; Off          ; 2.5 V        ; --                        ; Fitter               ; no        ;
; SW[11] ; A11   ; 8        ; 42           ; 73           ; 0            ; 1                     ; 0                  ; no     ; no             ; no            ; yes             ; no       ; Off          ; 2.5 V        ; --                        ; Fitter               ; no        ;
; SW[12] ; AB11  ; 3        ; 27           ; 0            ; 7            ; 1                     ; 0                  ; no     ; no             ; no            ; yes             ; no       ; Off          ; 2.5 V        ; --                        ; Fitter               ; no        ;
; SW[13] ; B11   ; 8        ; 42           ; 73           ; 7            ; 1                     ; 0                  ; no     ; no             ; no            ; yes             ; no       ; Off          ; 2.5 V        ; --                        ; Fitter               ; no        ;
; SW[14] ; E11   ; 8        ; 31           ; 73           ; 0            ; 1                     ; 0                  ; no     ; no             ; no            ; yes             ; no       ; Off          ; 2.5 V        ; --                        ; Fitter               ; no        ;
; SW[15] ; A17   ; 7        ; 60           ; 73           ; 0            ; 1                     ; 0                  ; no     ; no             ; no            ; yes             ; no       ; Off          ; 2.5 V        ; --                        ; Fitter               ; no        ;
; SW[16] ; F15   ; 7        ; 58           ; 73           ; 0            ; 1                     ; 0                  ; no     ; no             ; no            ; yes             ; no       ; Off          ; 2.5 V        ; --                        ; Fitter               ; no        ;
; SW[17] ; D12   ; 8        ; 52           ; 73           ; 21           ; 1                     ; 0                  ; no     ; no             ; no            ; yes             ; no       ; Off          ; 2.5 V        ; --                        ; Fitter               ; no        ;
; SW[1]  ; D13   ; 8        ; 54           ; 73           ; 7            ; 1                     ; 0                  ; no     ; no             ; no            ; yes             ; no       ; Off          ; 2.5 V        ; --                        ; Fitter               ; no        ;
; SW[2]  ; C15   ; 7        ; 58           ; 73           ; 14           ; 1                     ; 0                  ; no     ; no             ; no            ; yes             ; no       ; Off          ; 2.5 V        ; --                        ; Fitter               ; no        ;
; SW[3]  ; C13   ; 8        ; 54           ; 73           ; 0            ; 1                     ; 0                  ; no     ; no             ; no            ; yes             ; no       ; Off          ; 2.5 V        ; --                        ; Fitter               ; no        ;
; SW[4]  ; E14   ; 8        ; 45           ; 73           ; 7            ; 1                     ; 0                  ; no     ; no             ; no            ; yes             ; no       ; Off          ; 2.5 V        ; --                        ; Fitter               ; no        ;
; SW[5]  ; J15   ; 7        ; 60           ; 73           ; 21           ; 1                     ; 0                  ; no     ; no             ; no            ; yes             ; no       ; Off          ; 2.5 V        ; --                        ; Fitter               ; no        ;
; SW[6]  ; C16   ; 7        ; 62           ; 73           ; 14           ; 1                     ; 0                  ; no     ; no             ; no            ; yes             ; no       ; Off          ; 2.5 V        ; --                        ; Fitter               ; no        ;
; SW[7]  ; H14   ; 8        ; 49           ; 73           ; 14           ; 1                     ; 0                  ; no     ; no             ; no            ; yes             ; no       ; Off          ; 2.5 V        ; --                        ; Fitter               ; no        ;
; SW[8]  ; D14   ; 8        ; 52           ; 73           ; 7            ; 1                     ; 0                  ; no     ; no             ; no            ; yes             ; no       ; Off          ; 2.5 V        ; --                        ; Fitter               ; no        ;
; SW[9]  ; E15   ; 7        ; 58           ; 73           ; 7            ; 1                     ; 0                  ; no     ; no             ; no            ; yes             ; no       ; Off          ; 2.5 V        ; --                        ; Fitter               ; no        ;
; clk    ; Y2    ; 2        ; 0            ; 36           ; 14           ; 1                     ; 0                  ; no     ; no             ; no            ; yes             ; no       ; Off          ; 2.5 V        ; --                        ; User                 ; no        ;
; rst_n  ; M23   ; 6        ; 115          ; 40           ; 7            ; 2                     ; 0                  ; no     ; no             ; no            ; yes             ; no       ; Off          ; 2.5 V        ; --                        ; User                 ; no        ;
+--------+-------+----------+--------------+--------------+--------------+-----------------------+--------------------+--------+----------------+---------------+-----------------+----------+--------------+--------------+---------------------------+----------------------+-----------+


+-----------------------------------------------------------------------------------------------------------------------------------------------------------------------------------------------------------------------------------------------------------------------------------------------------------------------------------------------------------------------------------------------------------------------------------------------------------+
; Output Pins                                                                                                                                                                                                                                                                                                                                                                                                                                               ;
+----------+-------+----------+--------------+--------------+--------------+-----------------+------------------------+---------------+-----------+-----------------+------------+---------------+----------+--------------+--------------+------------------+-----------------------------------+---------------------------+----------------------------+-----------------------------+----------------------+----------------------+---------------------+
; Name     ; Pin # ; I/O Bank ; X coordinate ; Y coordinate ; Z coordinate ; Output Register ; Output Enable Register ; Power Up High ; Slew Rate ; PCI I/O Enabled ; Open Drain ; TRI Primitive ; Bus Hold ; Weak Pull Up ; I/O Standard ; Current Strength ; Termination                       ; Termination Control Block ; Output Buffer Pre-emphasis ; Voltage Output Differential ; Location assigned by ; Output Enable Source ; Output Enable Group ;
+----------+-------+----------+--------------+--------------+--------------+-----------------+------------------------+---------------+-----------+-----------------+------------+---------------+----------+--------------+--------------+------------------+-----------------------------------+---------------------------+----------------------------+-----------------------------+----------------------+----------------------+---------------------+
; LEDG[0]  ; E21   ; 7        ; 107          ; 73           ; 7            ; no              ; no                     ; no            ; 2         ; no              ; no         ; no            ; no       ; Off          ; 2.5 V        ; Default          ; Series 50 Ohm without Calibration ; --                        ; no                         ; no                          ; User                 ; -                    ; -                   ;
; LEDG[1]  ; E22   ; 7        ; 111          ; 73           ; 7            ; no              ; no                     ; no            ; 2         ; no              ; no         ; no            ; no       ; Off          ; 2.5 V        ; Default          ; Series 50 Ohm without Calibration ; --                        ; no                         ; no                          ; User                 ; -                    ; -                   ;
; LEDG[2]  ; E25   ; 7        ; 83           ; 73           ; 0            ; no              ; no                     ; no            ; 2         ; no              ; no         ; no            ; no       ; Off          ; 2.5 V        ; Default          ; Series 50 Ohm without Calibration ; --                        ; no                         ; no                          ; User                 ; -                    ; -                   ;
; LEDG[3]  ; E24   ; 7        ; 85           ; 73           ; 21           ; no              ; no                     ; no            ; 2         ; no              ; no         ; no            ; no       ; Off          ; 2.5 V        ; Default          ; Series 50 Ohm without Calibration ; --                        ; no                         ; no                          ; User                 ; -                    ; -                   ;
; LEDG[4]  ; H21   ; 7        ; 72           ; 73           ; 14           ; no              ; no                     ; no            ; 2         ; no              ; no         ; no            ; no       ; Off          ; 2.5 V        ; Default          ; Series 50 Ohm without Calibration ; --                        ; no                         ; no                          ; User                 ; -                    ; -                   ;
; LEDG[5]  ; G20   ; 7        ; 74           ; 73           ; 14           ; no              ; no                     ; no            ; 2         ; no              ; no         ; no            ; no       ; Off          ; 2.5 V        ; Default          ; Series 50 Ohm without Calibration ; --                        ; no                         ; no                          ; User                 ; -                    ; -                   ;
; LEDG[6]  ; G22   ; 7        ; 72           ; 73           ; 21           ; no              ; no                     ; no            ; 2         ; no              ; no         ; no            ; no       ; Off          ; 2.5 V        ; Default          ; Series 50 Ohm without Calibration ; --                        ; no                         ; no                          ; User                 ; -                    ; -                   ;
; LEDG[7]  ; G21   ; 7        ; 74           ; 73           ; 21           ; no              ; no                     ; no            ; 2         ; no              ; no         ; no            ; no       ; Off          ; 2.5 V        ; Default          ; Series 50 Ohm without Calibration ; --                        ; no                         ; no                          ; User                 ; -                    ; -                   ;
; LEDG[8]  ; F17   ; 7        ; 67           ; 73           ; 14           ; no              ; no                     ; no            ; 2         ; no              ; no         ; no            ; no       ; Off          ; 2.5 V        ; Default          ; Series 50 Ohm without Calibration ; --                        ; no                         ; no                          ; User                 ; -                    ; -                   ;
; LEDR[0]  ; E10   ; 8        ; 18           ; 73           ; 14           ; no              ; no                     ; no            ; 2         ; no              ; no         ; no            ; no       ; Off          ; 2.5 V        ; Default          ; Series 50 Ohm without Calibration ; --                        ; no                         ; no                          ; Fitter               ; -                    ; -                   ;
; LEDR[10] ; A7    ; 8        ; 29           ; 73           ; 0            ; no              ; no                     ; no            ; 2         ; no              ; no         ; no            ; no       ; Off          ; 2.5 V        ; Default          ; Series 50 Ohm without Calibration ; --                        ; no                         ; no                          ; Fitter               ; -                    ; -                   ;
; LEDR[11] ; C7    ; 8        ; 16           ; 73           ; 21           ; no              ; no                     ; no            ; 2         ; no              ; no         ; no            ; no       ; Off          ; 2.5 V        ; Default          ; Series 50 Ohm without Calibration ; --                        ; no                         ; no                          ; Fitter               ; -                    ; -                   ;
; LEDR[12] ; E7    ; 8        ; 13           ; 73           ; 7            ; no              ; no                     ; no            ; 2         ; no              ; no         ; no            ; no       ; Off          ; 2.5 V        ; Default          ; Series 50 Ohm without Calibration ; --                        ; no                         ; no                          ; Fitter               ; -                    ; -                   ;
; LEDR[13] ; D7    ; 8        ; 13           ; 73           ; 0            ; no              ; no                     ; no            ; 2         ; no              ; no         ; no            ; no       ; Off          ; 2.5 V        ; Default          ; Series 50 Ohm without Calibration ; --                        ; no                         ; no                          ; Fitter               ; -                    ; -                   ;
; LEDR[14] ; E8    ; 8        ; 11           ; 73           ; 0            ; no              ; no                     ; no            ; 2         ; no              ; no         ; no            ; no       ; Off          ; 2.5 V        ; Default          ; Series 50 Ohm without Calibration ; --                        ; no                         ; no                          ; Fitter               ; -                    ; -                   ;
; LEDR[15] ; G9    ; 8        ; 13           ; 73           ; 21           ; no              ; no                     ; no            ; 2         ; no              ; no         ; no            ; no       ; Off          ; 2.5 V        ; Default          ; Series 50 Ohm without Calibration ; --                        ; no                         ; no                          ; Fitter               ; -                    ; -                   ;
; LEDR[16] ; F8    ; 8        ; 11           ; 73           ; 7            ; no              ; no                     ; no            ; 2         ; no              ; no         ; no            ; no       ; Off          ; 2.5 V        ; Default          ; Series 50 Ohm without Calibration ; --                        ; no                         ; no                          ; Fitter               ; -                    ; -                   ;
; LEDR[17] ; D6    ; 8        ; 13           ; 73           ; 14           ; no              ; no                     ; no            ; 2         ; no              ; no         ; no            ; no       ; Off          ; 2.5 V        ; Default          ; Series 50 Ohm without Calibration ; --                        ; no                         ; no                          ; Fitter               ; -                    ; -                   ;
; LEDR[1]  ; G11   ; 8        ; 25           ; 73           ; 14           ; no              ; no                     ; no            ; 2         ; no              ; no         ; no            ; no       ; Off          ; 2.5 V        ; Default          ; Series 50 Ohm without Calibration ; --                        ; no                         ; no                          ; Fitter               ; -                    ; -                   ;
; LEDR[2]  ; A8    ; 8        ; 18           ; 73           ; 21           ; no              ; no                     ; no            ; 2         ; no              ; no         ; no            ; no       ; Off          ; 2.5 V        ; Default          ; Series 50 Ohm without Calibration ; --                        ; no                         ; no                          ; Fitter               ; -                    ; -                   ;
; LEDR[3]  ; D8    ; 8        ; 16           ; 73           ; 14           ; no              ; no                     ; no            ; 2         ; no              ; no         ; no            ; no       ; Off          ; 2.5 V        ; Default          ; Series 50 Ohm without Calibration ; --                        ; no                         ; no                          ; Fitter               ; -                    ; -                   ;
; LEDR[4]  ; B8    ; 8        ; 16           ; 73           ; 0            ; no              ; no                     ; no            ; 2         ; no              ; no         ; no            ; no       ; Off          ; 2.5 V        ; Default          ; Series 50 Ohm without Calibration ; --                        ; no                         ; no                          ; Fitter               ; -                    ; -                   ;
; LEDR[5]  ; F10   ; 8        ; 20           ; 73           ; 0            ; no              ; no                     ; no            ; 2         ; no              ; no         ; no            ; no       ; Off          ; 2.5 V        ; Default          ; Series 50 Ohm without Calibration ; --                        ; no                         ; no                          ; Fitter               ; -                    ; -                   ;
; LEDR[6]  ; C8    ; 8        ; 16           ; 73           ; 7            ; no              ; no                     ; no            ; 2         ; no              ; no         ; no            ; no       ; Off          ; 2.5 V        ; Default          ; Series 50 Ohm without Calibration ; --                        ; no                         ; no                          ; Fitter               ; -                    ; -                   ;
; LEDR[7]  ; B7    ; 8        ; 29           ; 73           ; 7            ; no              ; no                     ; no            ; 2         ; no              ; no         ; no            ; no       ; Off          ; 2.5 V        ; Default          ; Series 50 Ohm without Calibration ; --                        ; no                         ; no                          ; Fitter               ; -                    ; -                   ;
; LEDR[8]  ; G10   ; 8        ; 20           ; 73           ; 7            ; no              ; no                     ; no            ; 2         ; no              ; no         ; no            ; no       ; Off          ; 2.5 V        ; Default          ; Series 50 Ohm without Calibration ; --                        ; no                         ; no                          ; Fitter               ; -                    ; -                   ;
; LEDR[9]  ; G12   ; 8        ; 27           ; 73           ; 7            ; no              ; no                     ; no            ; 2         ; no              ; no         ; no            ; no       ; Off          ; 2.5 V        ; Default          ; Series 50 Ohm without Calibration ; --                        ; no                         ; no                          ; Fitter               ; -                    ; -                   ;
; PC[0]    ; AB10  ; 3        ; 38           ; 0            ; 7            ; no              ; no                     ; no            ; 2         ; no              ; no         ; no            ; no       ; Off          ; 2.5 V        ; Default          ; Series 50 Ohm without Calibration ; --                        ; no                         ; no                          ; Fitter               ; -                    ; -                   ;
; PC[10]   ; Y12   ; 3        ; 52           ; 0            ; 21           ; no              ; no                     ; no            ; 2         ; no              ; no         ; no            ; no       ; Off          ; 2.5 V        ; Default          ; Series 50 Ohm without Calibration ; --                        ; no                         ; no                          ; Fitter               ; -                    ; -                   ;
; PC[11]   ; AH10  ; 3        ; 31           ; 0            ; 0            ; no              ; no                     ; no            ; 2         ; no              ; no         ; no            ; no       ; Off          ; 2.5 V        ; Default          ; Series 50 Ohm without Calibration ; --                        ; no                         ; no                          ; Fitter               ; -                    ; -                   ;
; PC[12]   ; AA12  ; 3        ; 52           ; 0            ; 14           ; no              ; no                     ; no            ; 2         ; no              ; no         ; no            ; no       ; Off          ; 2.5 V        ; Default          ; Series 50 Ohm without Calibration ; --                        ; no                         ; no                          ; Fitter               ; -                    ; -                   ;
; PC[13]   ; AF12  ; 3        ; 33           ; 0            ; 0            ; no              ; no                     ; no            ; 2         ; no              ; no         ; no            ; no       ; Off          ; 2.5 V        ; Default          ; Series 50 Ohm without Calibration ; --                        ; no                         ; no                          ; Fitter               ; -                    ; -                   ;
; PC[14]   ; AE12  ; 3        ; 33           ; 0            ; 7            ; no              ; no                     ; no            ; 2         ; no              ; no         ; no            ; no       ; Off          ; 2.5 V        ; Default          ; Series 50 Ohm without Calibration ; --                        ; no                         ; no                          ; Fitter               ; -                    ; -                   ;
; PC[15]   ; AF11  ; 3        ; 35           ; 0            ; 14           ; no              ; no                     ; no            ; 2         ; no              ; no         ; no            ; no       ; Off          ; 2.5 V        ; Default          ; Series 50 Ohm without Calibration ; --                        ; no                         ; no                          ; Fitter               ; -                    ; -                   ;
; PC[16]   ; AE11  ; 3        ; 35           ; 0            ; 21           ; no              ; no                     ; no            ; 2         ; no              ; no         ; no            ; no       ; Off          ; 2.5 V        ; Default          ; Series 50 Ohm without Calibration ; --                        ; no                         ; no                          ; Fitter               ; -                    ; -                   ;
; PC[17]   ; AE14  ; 3        ; 49           ; 0            ; 21           ; no              ; no                     ; no            ; 2         ; no              ; no         ; no            ; no       ; Off          ; 2.5 V        ; Default          ; Series 50 Ohm without Calibration ; --                        ; no                         ; no                          ; Fitter               ; -                    ; -                   ;
; PC[18]   ; AG11  ; 3        ; 40           ; 0            ; 21           ; no              ; no                     ; no            ; 2         ; no              ; no         ; no            ; no       ; Off          ; 2.5 V        ; Default          ; Series 50 Ohm without Calibration ; --                        ; no                         ; no                          ; Fitter               ; -                    ; -                   ;
; PC[19]   ; AE13  ; 3        ; 42           ; 0            ; 21           ; no              ; no                     ; no            ; 2         ; no              ; no         ; no            ; no       ; Off          ; 2.5 V        ; Default          ; Series 50 Ohm without Calibration ; --                        ; no                         ; no                          ; Fitter               ; -                    ; -                   ;
; PC[1]    ; AG10  ; 3        ; 31           ; 0            ; 7            ; no              ; no                     ; no            ; 2         ; no              ; no         ; no            ; no       ; Off          ; 2.5 V        ; Default          ; Series 50 Ohm without Calibration ; --                        ; no                         ; no                          ; Fitter               ; -                    ; -                   ;
; PC[20]   ; AC11  ; 3        ; 49           ; 0            ; 7            ; no              ; no                     ; no            ; 2         ; no              ; no         ; no            ; no       ; Off          ; 2.5 V        ; Default          ; Series 50 Ohm without Calibration ; --                        ; no                         ; no                          ; Fitter               ; -                    ; -                   ;
; PC[21]   ; AF14  ; 3        ; 49           ; 0            ; 14           ; no              ; no                     ; no            ; 2         ; no              ; no         ; no            ; no       ; Off          ; 2.5 V        ; Default          ; Series 50 Ohm without Calibration ; --                        ; no                         ; no                          ; Fitter               ; -                    ; -                   ;
; PC[22]   ; AB12  ; 3        ; 45           ; 0            ; 14           ; no              ; no                     ; no            ; 2         ; no              ; no         ; no            ; no       ; Off          ; 2.5 V        ; Default          ; Series 50 Ohm without Calibration ; --                        ; no                         ; no                          ; Fitter               ; -                    ; -                   ;
; PC[23]   ; AC12  ; 3        ; 45           ; 0            ; 21           ; no              ; no                     ; no            ; 2         ; no              ; no         ; no            ; no       ; Off          ; 2.5 V        ; Default          ; Series 50 Ohm without Calibration ; --                        ; no                         ; no                          ; Fitter               ; -                    ; -                   ;
; PC[24]   ; AD12  ; 3        ; 47           ; 0            ; 0            ; no              ; no                     ; no            ; 2         ; no              ; no         ; no            ; no       ; Off          ; 2.5 V        ; Default          ; Series 50 Ohm without Calibration ; --                        ; no                         ; no                          ; Fitter               ; -                    ; -                   ;
; PC[25]   ; AH11  ; 3        ; 40           ; 0            ; 14           ; no              ; no                     ; no            ; 2         ; no              ; no         ; no            ; no       ; Off          ; 2.5 V        ; Default          ; Series 50 Ohm without Calibration ; --                        ; no                         ; no                          ; Fitter               ; -                    ; -                   ;
; PC[26]   ; AA13  ; 3        ; 52           ; 0            ; 0            ; no              ; no                     ; no            ; 2         ; no              ; no         ; no            ; no       ; Off          ; 2.5 V        ; Default          ; Series 50 Ohm without Calibration ; --                        ; no                         ; no                          ; Fitter               ; -                    ; -                   ;
; PC[27]   ; AF13  ; 3        ; 42           ; 0            ; 14           ; no              ; no                     ; no            ; 2         ; no              ; no         ; no            ; no       ; Off          ; 2.5 V        ; Default          ; Series 50 Ohm without Calibration ; --                        ; no                         ; no                          ; Fitter               ; -                    ; -                   ;
; PC[28]   ; AD11  ; 3        ; 49           ; 0            ; 0            ; no              ; no                     ; no            ; 2         ; no              ; no         ; no            ; no       ; Off          ; 2.5 V        ; Default          ; Series 50 Ohm without Calibration ; --                        ; no                         ; no                          ; Fitter               ; -                    ; -                   ;
; PC[29]   ; AB13  ; 3        ; 47           ; 0            ; 7            ; no              ; no                     ; no            ; 2         ; no              ; no         ; no            ; no       ; Off          ; 2.5 V        ; Default          ; Series 50 Ohm without Calibration ; --                        ; no                         ; no                          ; Fitter               ; -                    ; -                   ;
; PC[2]    ; AA4   ; 2        ; 0            ; 19           ; 0            ; no              ; no                     ; no            ; 2         ; no              ; no         ; no            ; no       ; Off          ; 2.5 V        ; Default          ; Series 50 Ohm without Calibration ; --                        ; no                         ; no                          ; Fitter               ; -                    ; -                   ;
; PC[30]   ; Y13   ; 3        ; 52           ; 0            ; 7            ; no              ; no                     ; no            ; 2         ; no              ; no         ; no            ; no       ; Off          ; 2.5 V        ; Default          ; Series 50 Ohm without Calibration ; --                        ; no                         ; no                          ; Fitter               ; -                    ; -                   ;
; PC[31]   ; AC10  ; 3        ; 38           ; 0            ; 0            ; no              ; no                     ; no            ; 2         ; no              ; no         ; no            ; no       ; Off          ; 2.5 V        ; Default          ; Series 50 Ohm without Calibration ; --                        ; no                         ; no                          ; Fitter               ; -                    ; -                   ;
; PC[3]    ; AE9   ; 3        ; 27           ; 0            ; 21           ; no              ; no                     ; no            ; 2         ; no              ; no         ; no            ; no       ; Off          ; 2.5 V        ; Default          ; Series 50 Ohm without Calibration ; --                        ; no                         ; no                          ; Fitter               ; -                    ; -                   ;
; PC[4]    ; P2    ; 1        ; 0            ; 43           ; 14           ; no              ; no                     ; no            ; 2         ; no              ; no         ; no            ; no       ; Off          ; 2.5 V        ; Default          ; Series 50 Ohm without Calibration ; --                        ; no                         ; no                          ; Fitter               ; -                    ; -                   ;
; PC[5]    ; R7    ; 2        ; 0            ; 35           ; 14           ; no              ; no                     ; no            ; 2         ; no              ; no         ; no            ; no       ; Off          ; 2.5 V        ; Default          ; Series 50 Ohm without Calibration ; --                        ; no                         ; no                          ; Fitter               ; -                    ; -                   ;
; PC[6]    ; AD2   ; 2        ; 0            ; 22           ; 21           ; no              ; no                     ; no            ; 2         ; no              ; no         ; no            ; no       ; Off          ; 2.5 V        ; Default          ; Series 50 Ohm without Calibration ; --                        ; no                         ; no                          ; Fitter               ; -                    ; -                   ;
; PC[7]    ; M5    ; 1        ; 0            ; 47           ; 0            ; no              ; no                     ; no            ; 2         ; no              ; no         ; no            ; no       ; Off          ; 2.5 V        ; Default          ; Series 50 Ohm without Calibration ; --                        ; no                         ; no                          ; Fitter               ; -                    ; -                   ;
; PC[8]    ; AA3   ; 2        ; 0            ; 19           ; 7            ; no              ; no                     ; no            ; 2         ; no              ; no         ; no            ; no       ; Off          ; 2.5 V        ; Default          ; Series 50 Ohm without Calibration ; --                        ; no                         ; no                          ; Fitter               ; -                    ; -                   ;
; PC[9]    ; K8    ; 1        ; 0            ; 48           ; 0            ; no              ; no                     ; no            ; 2         ; no              ; no         ; no            ; no       ; Off          ; 2.5 V        ; Default          ; Series 50 Ohm without Calibration ; --                        ; no                         ; no                          ; Fitter               ; -                    ; -                   ;
+----------+-------+----------+--------------+--------------+--------------+-----------------+------------------------+---------------+-----------+-----------------+------------+---------------+----------+--------------+--------------+------------------+-----------------------------------+---------------------------+----------------------------+-----------------------------+----------------------+----------------------+---------------------+


+--------------------------------------------------------------------------------------------------------------------------------------+
; Dual Purpose and Dedicated Pins                                                                                                      ;
+----------+------------------------------------------+--------------------------+-------------------------+---------------------------+
; Location ; Pin Name                                 ; Reserved As              ; User Signal Name        ; Pin Type                  ;
+----------+------------------------------------------+--------------------------+-------------------------+---------------------------+
; F4       ; DIFFIO_L5n, DATA1, ASDO                  ; As input tri-stated      ; ~ALTERA_ASDO_DATA1~     ; Dual Purpose Pin          ;
; E2       ; DIFFIO_L8p, FLASH_nCE, nCSO              ; As input tri-stated      ; ~ALTERA_FLASH_nCE_nCSO~ ; Dual Purpose Pin          ;
; M6       ; nSTATUS                                  ; -                        ; -                       ; Dedicated Programming Pin ;
; P3       ; DCLK                                     ; As output driving ground ; ~ALTERA_DCLK~           ; Dual Purpose Pin          ;
; N7       ; DATA0                                    ; As input tri-stated      ; ~ALTERA_DATA0~          ; Dual Purpose Pin          ;
; P4       ; nCONFIG                                  ; -                        ; -                       ; Dedicated Programming Pin ;
; R8       ; nCE                                      ; -                        ; -                       ; Dedicated Programming Pin ;
; P24      ; CONF_DONE                                ; -                        ; -                       ; Dedicated Programming Pin ;
; N22      ; MSEL0                                    ; -                        ; -                       ; Dedicated Programming Pin ;
; P23      ; MSEL1                                    ; -                        ; -                       ; Dedicated Programming Pin ;
; M22      ; MSEL2                                    ; -                        ; -                       ; Dedicated Programming Pin ;
; P22      ; MSEL3                                    ; -                        ; -                       ; Dedicated Programming Pin ;
; P28      ; DIFFIO_R23n, nCEO                        ; Use as programming pin   ; ~ALTERA_nCEO~           ; Dual Purpose Pin          ;
; C16      ; DIFFIO_T36n, PADD9                       ; Use as regular IO        ; SW[6]                   ; Dual Purpose Pin          ;
; A17      ; DIFFIO_T35n, PADD11                      ; Use as regular IO        ; SW[15]                  ; Dual Purpose Pin          ;
; B17      ; DIFFIO_T35p, PADD12, DQS4T/CQ5T,DPCLK9   ; Use as regular IO        ; SW[0]                   ; Dual Purpose Pin          ;
; C15      ; DIFFIO_T32n, PADD13                      ; Use as regular IO        ; SW[2]                   ; Dual Purpose Pin          ;
; D15      ; DIFFIO_T32p, PADD14                      ; Use as regular IO        ; SW[10]                  ; Dual Purpose Pin          ;
; D14      ; DIFFIO_T30p, PADD15                      ; Use as regular IO        ; SW[8]                   ; Dual Purpose Pin          ;
; D12      ; DIFFIO_T29p, PADD17, DQS5T/CQ5T#,DPCLK10 ; Use as regular IO        ; SW[17]                  ; Dual Purpose Pin          ;
; A11      ; DIFFIO_T25n, DATA2                       ; Use as regular IO        ; SW[11]                  ; Dual Purpose Pin          ;
; B11      ; DIFFIO_T25p, DATA3                       ; Use as regular IO        ; SW[13]                  ; Dual Purpose Pin          ;
; B7       ; DIFFIO_T18p, DATA5                       ; Use as regular IO        ; LEDR[7]                 ; Dual Purpose Pin          ;
; A8       ; DIFFIO_T11n, DATA9                       ; Use as regular IO        ; LEDR[2]                 ; Dual Purpose Pin          ;
; C7       ; DIFFIO_T9n, DATA10                       ; Use as regular IO        ; LEDR[11]                ; Dual Purpose Pin          ;
; D7       ; DIFFIO_T9p, DATA11                       ; Use as regular IO        ; LEDR[13]                ; Dual Purpose Pin          ;
+----------+------------------------------------------+--------------------------+-------------------------+---------------------------+


+------------------------------------------------------------+
; I/O Bank Usage                                             ;
+----------+------------------+---------------+--------------+
; I/O Bank ; Usage            ; VCCIO Voltage ; VREF Voltage ;
+----------+------------------+---------------+--------------+
; 1        ; 7 / 56 ( 13 % )  ; 2.5V          ; --           ;
; 2        ; 5 / 63 ( 8 % )   ; 2.5V          ; --           ;
; 3        ; 26 / 73 ( 36 % ) ; 2.5V          ; --           ;
; 4        ; 0 / 71 ( 0 % )   ; 2.5V          ; --           ;
; 5        ; 1 / 65 ( 2 % )   ; 2.5V          ; --           ;
; 6        ; 4 / 58 ( 7 % )   ; 2.5V          ; --           ;
; 7        ; 17 / 72 ( 24 % ) ; 2.5V          ; --           ;
; 8        ; 27 / 71 ( 38 % ) ; 2.5V          ; --           ;
+----------+------------------+---------------+--------------+


+-----------------------------------------------------------------------------------------------------------------------------------------------------------------------------------------+
; All Package Pins                                                                                                                                                                        ;
+----------+------------+----------+-----------------------------------------------------------+--------+--------------+---------+------------+-----------------+----------+--------------+
; Location ; Pad Number ; I/O Bank ; Pin Name/Usage                                            ; Dir.   ; I/O Standard ; Voltage ; I/O Type   ; User Assignment ; Bus Hold ; Weak Pull Up ;
+----------+------------+----------+-----------------------------------------------------------+--------+--------------+---------+------------+-----------------+----------+--------------+
; A2       ;            ; 8        ; VCCIO8                                                    ; power  ;              ; 2.5V    ; --         ;                 ; --       ; --           ;
; A3       ; 535        ; 8        ; RESERVED_INPUT_WITH_WEAK_PULLUP                           ;        ;              ;         ; Column I/O ;                 ; no       ; On           ;
; A4       ; 532        ; 8        ; RESERVED_INPUT_WITH_WEAK_PULLUP                           ;        ;              ;         ; Column I/O ;                 ; no       ; On           ;
; A5       ;            ; 8        ; VCCIO8                                                    ; power  ;              ; 2.5V    ; --         ;                 ; --       ; --           ;
; A6       ; 504        ; 8        ; RESERVED_INPUT_WITH_WEAK_PULLUP                           ;        ;              ;         ; Column I/O ;                 ; no       ; On           ;
; A7       ; 501        ; 8        ; LEDR[10]                                                  ; output ; 2.5 V        ;         ; Column I/O ; N               ; no       ; Off          ;
; A8       ; 517        ; 8        ; LEDR[2]                                                   ; output ; 2.5 V        ;         ; Column I/O ; N               ; no       ; Off          ;
; A9       ;            ; 8        ; VCCIO8                                                    ; power  ;              ; 2.5V    ; --         ;                 ; --       ; --           ;
; A10      ; 491        ; 8        ; RESERVED_INPUT_WITH_WEAK_PULLUP                           ;        ;              ;         ; Column I/O ;                 ; no       ; On           ;
; A11      ; 487        ; 8        ; SW[11]                                                    ; input  ; 2.5 V        ;         ; Column I/O ; N               ; no       ; Off          ;
; A12      ; 482        ; 8        ; RESERVED_INPUT_WITH_WEAK_PULLUP                           ;        ;              ;         ; Column I/O ;                 ; no       ; On           ;
; A13      ;            ; 8        ; VCCIO8                                                    ; power  ;              ; 2.5V    ; --         ;                 ; --       ; --           ;
; A14      ; 472        ; 8        ; GND+                                                      ;        ;              ;         ; Column I/O ;                 ; --       ; --           ;
; A15      ; 470        ; 7        ; GND+                                                      ;        ;              ;         ; Column I/O ;                 ; --       ; --           ;
; A16      ;            ; 7        ; VCCIO7                                                    ; power  ;              ; 2.5V    ; --         ;                 ; --       ; --           ;
; A17      ; 462        ; 7        ; SW[15]                                                    ; input  ; 2.5 V        ;         ; Column I/O ; N               ; no       ; Off          ;
; A18      ; 442        ; 7        ; RESERVED_INPUT_WITH_WEAK_PULLUP                           ;        ;              ;         ; Column I/O ;                 ; no       ; On           ;
; A19      ; 440        ; 7        ; RESERVED_INPUT_WITH_WEAK_PULLUP                           ;        ;              ;         ; Column I/O ;                 ; no       ; On           ;
; A20      ;            ; 7        ; VCCIO7                                                    ; power  ;              ; 2.5V    ; --         ;                 ; --       ; --           ;
; A21      ; 425        ; 7        ; RESERVED_INPUT_WITH_WEAK_PULLUP                           ;        ;              ;         ; Column I/O ;                 ; no       ; On           ;
; A22      ; 423        ; 7        ; RESERVED_INPUT_WITH_WEAK_PULLUP                           ;        ;              ;         ; Column I/O ;                 ; no       ; On           ;
; A23      ; 412        ; 7        ; RESERVED_INPUT_WITH_WEAK_PULLUP                           ;        ;              ;         ; Column I/O ;                 ; no       ; On           ;
; A24      ;            ; 7        ; VCCIO7                                                    ; power  ;              ; 2.5V    ; --         ;                 ; --       ; --           ;
; A25      ; 405        ; 7        ; RESERVED_INPUT_WITH_WEAK_PULLUP                           ;        ;              ;         ; Column I/O ;                 ; no       ; On           ;
; A26      ; 404        ; 7        ; RESERVED_INPUT_WITH_WEAK_PULLUP                           ;        ;              ;         ; Column I/O ;                 ; no       ; On           ;
; A27      ;            ; 7        ; VCCIO7                                                    ; power  ;              ; 2.5V    ; --         ;                 ; --       ; --           ;
; AA1      ;            ; 2        ; VCCIO2                                                    ; power  ;              ; 2.5V    ; --         ;                 ; --       ; --           ;
; AA2      ;            ;          ; GND                                                       ; gnd    ;              ;         ; --         ;                 ; --       ; --           ;
; AA3      ; 102        ; 2        ; PC[8]                                                     ; output ; 2.5 V        ;         ; Row I/O    ; N               ; no       ; Off          ;
; AA4      ; 101        ; 2        ; PC[2]                                                     ; output ; 2.5 V        ;         ; Row I/O    ; N               ; no       ; Off          ;
; AA5      ; 119        ; 2        ; RESERVED_INPUT_WITH_WEAK_PULLUP                           ;        ;              ;         ; Row I/O    ;                 ; no       ; On           ;
; AA6      ; 118        ; 2        ; RESERVED_INPUT_WITH_WEAK_PULLUP                           ;        ;              ;         ; Row I/O    ;                 ; no       ; On           ;
; AA7      ; 120        ; 2        ; RESERVED_INPUT_WITH_WEAK_PULLUP                           ;        ;              ;         ; Row I/O    ;                 ; no       ; On           ;
; AA8      ; 154        ; 3        ; RESERVED_INPUT_WITH_WEAK_PULLUP                           ;        ;              ;         ; Column I/O ;                 ; no       ; On           ;
; AA9      ;            ;          ; GNDA1                                                     ; gnd    ;              ;         ; --         ;                 ; --       ; --           ;
; AA10     ; 155        ; 3        ; RESERVED_INPUT_WITH_WEAK_PULLUP                           ;        ;              ;         ; Column I/O ;                 ; no       ; On           ;
; AA11     ;            ; 3        ; VCCIO3                                                    ; power  ;              ; 2.5V    ; --         ;                 ; --       ; --           ;
; AA12     ; 188        ; 3        ; PC[12]                                                    ; output ; 2.5 V        ;         ; Column I/O ; N               ; no       ; Off          ;
; AA13     ; 190        ; 3        ; PC[26]                                                    ; output ; 2.5 V        ;         ; Column I/O ; N               ; no       ; Off          ;
; AA14     ; 191        ; 3        ; RESERVED_INPUT_WITH_WEAK_PULLUP                           ;        ;              ;         ; Column I/O ;                 ; no       ; On           ;
; AA15     ; 213        ; 4        ; RESERVED_INPUT_WITH_WEAK_PULLUP                           ;        ;              ;         ; Column I/O ;                 ; --       ; --           ;
; AA16     ; 211        ; 4        ; RESERVED_INPUT_WITH_WEAK_PULLUP                           ;        ;              ;         ; Column I/O ;                 ; no       ; On           ;
; AA17     ; 241        ; 4        ; RESERVED_INPUT_WITH_WEAK_PULLUP                           ;        ;              ;         ; Column I/O ;                 ; no       ; On           ;
; AA18     ;            ; 4        ; VCCIO4                                                    ; power  ;              ; 2.5V    ; --         ;                 ; --       ; --           ;
; AA19     ; 264        ; 4        ; RESERVED_INPUT_WITH_WEAK_PULLUP                           ;        ;              ;         ; Column I/O ;                 ; no       ; On           ;
; AA20     ;            ;          ; GNDA4                                                     ; gnd    ;              ;         ; --         ;                 ; --       ; --           ;
; AA21     ; 269        ; 4        ; RESERVED_INPUT_WITH_WEAK_PULLUP                           ;        ;              ;         ; Column I/O ;                 ; no       ; On           ;
; AA22     ; 275        ; 5        ; RESERVED_INPUT_WITH_WEAK_PULLUP                           ;        ;              ;         ; Row I/O    ;                 ; no       ; On           ;
; AA23     ; 280        ; 5        ; RESERVED_INPUT_WITH_WEAK_PULLUP                           ;        ;              ;         ; Row I/O    ;                 ; no       ; On           ;
; AA24     ; 279        ; 5        ; RESERVED_INPUT_WITH_WEAK_PULLUP                           ;        ;              ;         ; Row I/O    ;                 ; --       ; --           ;
; AA25     ; 294        ; 5        ; RESERVED_INPUT_WITH_WEAK_PULLUP                           ;        ;              ;         ; Row I/O    ;                 ; no       ; On           ;
; AA26     ; 293        ; 5        ; RESERVED_INPUT_WITH_WEAK_PULLUP                           ;        ;              ;         ; Row I/O    ;                 ; no       ; On           ;
; AA27     ;            ;          ; GND                                                       ; gnd    ;              ;         ; --         ;                 ; --       ; --           ;
; AA28     ;            ; 5        ; VCCIO5                                                    ; power  ;              ; 2.5V    ; --         ;                 ; --       ; --           ;
; AB1      ; 86         ; 2        ; RESERVED_INPUT_WITH_WEAK_PULLUP                           ;        ;              ;         ; Row I/O    ;                 ; no       ; On           ;
; AB2      ; 85         ; 2        ; RESERVED_INPUT_WITH_WEAK_PULLUP                           ;        ;              ;         ; Row I/O    ;                 ; no       ; On           ;
; AB3      ; 99         ; 2        ; RESERVED_INPUT_WITH_WEAK_PULLUP                           ;        ;              ;         ; Row I/O    ;                 ; no       ; On           ;
; AB4      ; 121        ; 2        ; RESERVED_INPUT_WITH_WEAK_PULLUP                           ;        ;              ;         ; Row I/O    ;                 ; --       ; --           ;
; AB5      ; 127        ; 2        ; RESERVED_INPUT_WITH_WEAK_PULLUP                           ;        ;              ;         ; Row I/O    ;                 ; no       ; On           ;
; AB6      ; 126        ; 2        ; RESERVED_INPUT_WITH_WEAK_PULLUP                           ;        ;              ;         ; Row I/O    ;                 ; no       ; On           ;
; AB7      ; 152        ; 3        ; RESERVED_INPUT_WITH_WEAK_PULLUP                           ;        ;              ;         ; Column I/O ;                 ; no       ; On           ;
; AB8      ; 148        ; 3        ; RESERVED_INPUT_WITH_WEAK_PULLUP                           ;        ;              ;         ; Column I/O ;                 ; no       ; On           ;
; AB9      ; 147        ; 3        ; RESERVED_INPUT_WITH_WEAK_PULLUP                           ;        ;              ;         ; Column I/O ;                 ; no       ; On           ;
; AB10     ; 173        ; 3        ; PC[0]                                                     ; output ; 2.5 V        ;         ; Column I/O ; N               ; no       ; Off          ;
; AB11     ; 164        ; 3        ; SW[12]                                                    ; input  ; 2.5 V        ;         ; Column I/O ; N               ; no       ; Off          ;
; AB12     ; 180        ; 3        ; PC[22]                                                    ; output ; 2.5 V        ;         ; Column I/O ; N               ; no       ; Off          ;
; AB13     ; 181        ; 3        ; PC[29]                                                    ; output ; 2.5 V        ;         ; Column I/O ; N               ; no       ; Off          ;
; AB14     ; 192        ; 3        ; RESERVED_INPUT_WITH_WEAK_PULLUP                           ;        ;              ;         ; Column I/O ;                 ; no       ; On           ;
; AB15     ; 214        ; 4        ; RESERVED_INPUT_WITH_WEAK_PULLUP                           ;        ;              ;         ; Column I/O ;                 ; no       ; On           ;
; AB16     ; 212        ; 4        ; RESERVED_INPUT_WITH_WEAK_PULLUP                           ;        ;              ;         ; Column I/O ;                 ; no       ; On           ;
; AB17     ; 242        ; 4        ; RESERVED_INPUT_WITH_WEAK_PULLUP                           ;        ;              ;         ; Column I/O ;                 ; no       ; On           ;
; AB18     ; 254        ; 4        ; RESERVED_INPUT_WITH_WEAK_PULLUP                           ;        ;              ;         ; Column I/O ;                 ; no       ; On           ;
; AB19     ; 253        ; 4        ; RESERVED_INPUT_WITH_WEAK_PULLUP                           ;        ;              ;         ; Column I/O ;                 ; no       ; On           ;
; AB20     ; 257        ; 4        ; RESERVED_INPUT_WITH_WEAK_PULLUP                           ;        ;              ;         ; Column I/O ;                 ; --       ; --           ;
; AB21     ; 266        ; 4        ; RESERVED_INPUT_WITH_WEAK_PULLUP                           ;        ;              ;         ; Column I/O ;                 ; no       ; On           ;
; AB22     ; 265        ; 4        ; RESERVED_INPUT_WITH_WEAK_PULLUP                           ;        ;              ;         ; Column I/O ;                 ; no       ; On           ;
; AB23     ; 276        ; 5        ; RESERVED_INPUT_WITH_WEAK_PULLUP                           ;        ;              ;         ; Row I/O    ;                 ; no       ; On           ;
; AB24     ; 274        ; 5        ; RESERVED_INPUT_WITH_WEAK_PULLUP                           ;        ;              ;         ; Row I/O    ;                 ; no       ; On           ;
; AB25     ; 292        ; 5        ; RESERVED_INPUT_WITH_WEAK_PULLUP                           ;        ;              ;         ; Row I/O    ;                 ; no       ; On           ;
; AB26     ; 291        ; 5        ; RESERVED_INPUT_WITH_WEAK_PULLUP                           ;        ;              ;         ; Row I/O    ;                 ; no       ; On           ;
; AB27     ; 296        ; 5        ; RESERVED_INPUT_WITH_WEAK_PULLUP                           ;        ;              ;         ; Row I/O    ;                 ; no       ; On           ;
; AB28     ; 295        ; 5        ; RESERVED_INPUT_WITH_WEAK_PULLUP                           ;        ;              ;         ; Row I/O    ;                 ; no       ; On           ;
; AC1      ; 94         ; 2        ; RESERVED_INPUT_WITH_WEAK_PULLUP                           ;        ;              ;         ; Row I/O    ;                 ; no       ; On           ;
; AC2      ; 93         ; 2        ; RESERVED_INPUT_WITH_WEAK_PULLUP                           ;        ;              ;         ; Row I/O    ;                 ; no       ; On           ;
; AC3      ; 95         ; 2        ; RESERVED_INPUT_WITH_WEAK_PULLUP                           ;        ;              ;         ; Row I/O    ;                 ; no       ; On           ;
; AC4      ; 125        ; 2        ; RESERVED_INPUT_WITH_WEAK_PULLUP                           ;        ;              ;         ; Row I/O    ;                 ; no       ; On           ;
; AC5      ; 124        ; 2        ; RESERVED_INPUT_WITH_WEAK_PULLUP                           ;        ;              ;         ; Row I/O    ;                 ; no       ; On           ;
; AC6      ;            ;          ; GND                                                       ; gnd    ;              ;         ; --         ;                 ; --       ; --           ;
; AC7      ; 144        ; 3        ; RESERVED_INPUT_WITH_WEAK_PULLUP                           ;        ;              ;         ; Column I/O ;                 ; no       ; On           ;
; AC8      ; 153        ; 3        ; RESERVED_INPUT_WITH_WEAK_PULLUP                           ;        ;              ;         ; Column I/O ;                 ; no       ; On           ;
; AC9      ;            ;          ; GND                                                       ; gnd    ;              ;         ; --         ;                 ; --       ; --           ;
; AC10     ; 174        ; 3        ; PC[31]                                                    ; output ; 2.5 V        ;         ; Column I/O ; N               ; no       ; Off          ;
; AC11     ; 185        ; 3        ; PC[20]                                                    ; output ; 2.5 V        ;         ; Column I/O ; N               ; no       ; Off          ;
; AC12     ; 179        ; 3        ; PC[23]                                                    ; output ; 2.5 V        ;         ; Column I/O ; N               ; no       ; Off          ;
; AC13     ;            ;          ; GND                                                       ; gnd    ;              ;         ; --         ;                 ; --       ; --           ;
; AC14     ; 195        ; 3        ; RESERVED_INPUT_WITH_WEAK_PULLUP                           ;        ;              ;         ; Column I/O ;                 ; no       ; On           ;
; AC15     ; 203        ; 4        ; RESERVED_INPUT_WITH_WEAK_PULLUP                           ;        ;              ;         ; Column I/O ;                 ; no       ; On           ;
; AC16     ;            ;          ; GND                                                       ; gnd    ;              ;         ; --         ;                 ; --       ; --           ;
; AC17     ; 221        ; 4        ; RESERVED_INPUT_WITH_WEAK_PULLUP                           ;        ;              ;         ; Column I/O ;                 ; no       ; On           ;
; AC18     ; 240        ; 4        ; RESERVED_INPUT_WITH_WEAK_PULLUP                           ;        ;              ;         ; Column I/O ;                 ; --       ; --           ;
; AC19     ; 247        ; 4        ; RESERVED_INPUT_WITH_WEAK_PULLUP                           ;        ;              ;         ; Column I/O ;                 ; no       ; On           ;
; AC20     ;            ;          ; GND                                                       ; gnd    ;              ;         ; --         ;                 ; --       ; --           ;
; AC21     ; 258        ; 4        ; RESERVED_INPUT_WITH_WEAK_PULLUP                           ;        ;              ;         ; Column I/O ;                 ; no       ; On           ;
; AC22     ; 267        ; 4        ; RESERVED_INPUT_WITH_WEAK_PULLUP                           ;        ;              ;         ; Column I/O ;                 ; no       ; On           ;
; AC23     ;            ;          ; GND                                                       ; gnd    ;              ;         ; --         ;                 ; --       ; --           ;
; AC24     ; 273        ; 5        ; RESERVED_INPUT_WITH_WEAK_PULLUP                           ;        ;              ;         ; Row I/O    ;                 ; no       ; On           ;
; AC25     ; 272        ; 5        ; RESERVED_INPUT_WITH_WEAK_PULLUP                           ;        ;              ;         ; Row I/O    ;                 ; no       ; On           ;
; AC26     ; 282        ; 5        ; RESERVED_INPUT_WITH_WEAK_PULLUP                           ;        ;              ;         ; Row I/O    ;                 ; no       ; On           ;
; AC27     ; 290        ; 5        ; RESERVED_INPUT_WITH_WEAK_PULLUP                           ;        ;              ;         ; Row I/O    ;                 ; no       ; On           ;
; AC28     ; 289        ; 5        ; RESERVED_INPUT_WITH_WEAK_PULLUP                           ;        ;              ;         ; Row I/O    ;                 ; no       ; On           ;
; AD1      ; 98         ; 2        ; RESERVED_INPUT_WITH_WEAK_PULLUP                           ;        ;              ;         ; Row I/O    ;                 ; no       ; On           ;
; AD2      ; 97         ; 2        ; PC[6]                                                     ; output ; 2.5 V        ;         ; Row I/O    ; N               ; no       ; Off          ;
; AD3      ; 96         ; 2        ; RESERVED_INPUT_WITH_WEAK_PULLUP                           ;        ;              ;         ; Row I/O    ;                 ; no       ; On           ;
; AD4      ; 130        ; 3        ; RESERVED_INPUT_WITH_WEAK_PULLUP                           ;        ;              ;         ; Column I/O ;                 ; no       ; On           ;
; AD5      ; 128        ; 3        ; RESERVED_INPUT_WITH_WEAK_PULLUP                           ;        ;              ;         ; Column I/O ;                 ; no       ; On           ;
; AD6      ;            ; 3        ; VCCIO3                                                    ; power  ;              ; 2.5V    ; --         ;                 ; --       ; --           ;
; AD7      ; 134        ; 3        ; RESERVED_INPUT_WITH_WEAK_PULLUP                           ;        ;              ;         ; Column I/O ;                 ; no       ; On           ;
; AD8      ; 143        ; 3        ; RESERVED_INPUT_WITH_WEAK_PULLUP                           ;        ;              ;         ; Column I/O ;                 ; no       ; On           ;
; AD9      ;            ; 3        ; VCCIO3                                                    ; power  ;              ; 2.5V    ; --         ;                 ; --       ; --           ;
; AD10     ; 149        ; 3        ; RESERVED_INPUT_WITH_WEAK_PULLUP                           ;        ;              ;         ; Column I/O ;                 ; no       ; On           ;
; AD11     ; 186        ; 3        ; PC[28]                                                    ; output ; 2.5 V        ;         ; Column I/O ; N               ; no       ; Off          ;
; AD12     ; 182        ; 3        ; PC[24]                                                    ; output ; 2.5 V        ;         ; Column I/O ; N               ; no       ; Off          ;
; AD13     ;            ; 3        ; VCCIO3                                                    ; power  ;              ; 2.5V    ; --         ;                 ; --       ; --           ;
; AD14     ; 196        ; 3        ; RESERVED_INPUT_WITH_WEAK_PULLUP                           ;        ;              ;         ; Column I/O ;                 ; no       ; On           ;
; AD15     ; 204        ; 4        ; RESERVED_INPUT_WITH_WEAK_PULLUP                           ;        ;              ;         ; Column I/O ;                 ; no       ; On           ;
; AD16     ;            ; 4        ; VCCIO4                                                    ; power  ;              ; 2.5V    ; --         ;                 ; --       ; --           ;
; AD17     ; 222        ; 4        ; RESERVED_INPUT_WITH_WEAK_PULLUP                           ;        ;              ;         ; Column I/O ;                 ; no       ; On           ;
; AD18     ; 237        ; 4        ; RESERVED_INPUT_WITH_WEAK_PULLUP                           ;        ;              ;         ; Column I/O ;                 ; no       ; On           ;
; AD19     ; 248        ; 4        ; RESERVED_INPUT_WITH_WEAK_PULLUP                           ;        ;              ;         ; Column I/O ;                 ; no       ; On           ;
; AD20     ;            ; 4        ; VCCIO4                                                    ; power  ;              ; 2.5V    ; --         ;                 ; --       ; --           ;
; AD21     ; 259        ; 4        ; RESERVED_INPUT_WITH_WEAK_PULLUP                           ;        ;              ;         ; Column I/O ;                 ; no       ; On           ;
; AD22     ; 268        ; 4        ; RESERVED_INPUT_WITH_WEAK_PULLUP                           ;        ;              ;         ; Column I/O ;                 ; no       ; On           ;
; AD23     ;            ; 4        ; VCCIO4                                                    ; power  ;              ; 2.5V    ; --         ;                 ; --       ; --           ;
; AD24     ; 260        ; 4        ; RESERVED_INPUT_WITH_WEAK_PULLUP                           ;        ;              ;         ; Column I/O ;                 ; no       ; On           ;
; AD25     ; 255        ; 4        ; RESERVED_INPUT_WITH_WEAK_PULLUP                           ;        ;              ;         ; Column I/O ;                 ; no       ; On           ;
; AD26     ; 281        ; 5        ; RESERVED_INPUT_WITH_WEAK_PULLUP                           ;        ;              ;         ; Row I/O    ;                 ; no       ; On           ;
; AD27     ; 286        ; 5        ; RESERVED_INPUT_WITH_WEAK_PULLUP                           ;        ;              ;         ; Row I/O    ;                 ; no       ; On           ;
; AD28     ; 285        ; 5        ; RESERVED_INPUT_WITH_WEAK_PULLUP                           ;        ;              ;         ; Row I/O    ;                 ; no       ; On           ;
; AE1      ; 106        ; 2        ; RESERVED_INPUT_WITH_WEAK_PULLUP                           ;        ;              ;         ; Row I/O    ;                 ; no       ; On           ;
; AE2      ; 105        ; 2        ; RESERVED_INPUT_WITH_WEAK_PULLUP                           ;        ;              ;         ; Row I/O    ;                 ; no       ; On           ;
; AE3      ; 122        ; 2        ; RESERVED_INPUT_WITH_WEAK_PULLUP                           ;        ;              ;         ; Row I/O    ;                 ; no       ; On           ;
; AE4      ; 132        ; 3        ; RESERVED_INPUT_WITH_WEAK_PULLUP                           ;        ;              ;         ; Column I/O ;                 ; no       ; On           ;
; AE5      ; 135        ; 3        ; RESERVED_INPUT_WITH_WEAK_PULLUP                           ;        ;              ;         ; Column I/O ;                 ; no       ; On           ;
; AE6      ; 129        ; 3        ; RESERVED_INPUT_WITH_WEAK_PULLUP                           ;        ;              ;         ; Column I/O ;                 ; no       ; On           ;
; AE7      ; 158        ; 3        ; RESERVED_INPUT_WITH_WEAK_PULLUP                           ;        ;              ;         ; Column I/O ;                 ; no       ; On           ;
; AE8      ; 161        ; 3        ; RESERVED_INPUT_WITH_WEAK_PULLUP                           ;        ;              ;         ; Column I/O ;                 ; no       ; On           ;
; AE9      ; 163        ; 3        ; PC[3]                                                     ; output ; 2.5 V        ;         ; Column I/O ; N               ; no       ; Off          ;
; AE10     ; 165        ; 3        ; RESERVED_INPUT_WITH_WEAK_PULLUP                           ;        ;              ;         ; Column I/O ;                 ; no       ; On           ;
; AE11     ; 171        ; 3        ; PC[16]                                                    ; output ; 2.5 V        ;         ; Column I/O ; N               ; no       ; Off          ;
; AE12     ; 169        ; 3        ; PC[14]                                                    ; output ; 2.5 V        ;         ; Column I/O ; N               ; no       ; Off          ;
; AE13     ; 177        ; 3        ; PC[19]                                                    ; output ; 2.5 V        ;         ; Column I/O ; N               ; no       ; Off          ;
; AE14     ; 183        ; 3        ; PC[17]                                                    ; output ; 2.5 V        ;         ; Column I/O ; N               ; no       ; Off          ;
; AE15     ; 205        ; 4        ; RESERVED_INPUT_WITH_WEAK_PULLUP                           ;        ;              ;         ; Column I/O ;                 ; no       ; On           ;
; AE16     ; 209        ; 4        ; RESERVED_INPUT_WITH_WEAK_PULLUP                           ;        ;              ;         ; Column I/O ;                 ; no       ; On           ;
; AE17     ; 215        ; 4        ; RESERVED_INPUT_WITH_WEAK_PULLUP                           ;        ;              ;         ; Column I/O ;                 ; no       ; On           ;
; AE18     ; 225        ; 4        ; RESERVED_INPUT_WITH_WEAK_PULLUP                           ;        ;              ;         ; Column I/O ;                 ; no       ; On           ;
; AE19     ; 231        ; 4        ; RESERVED_INPUT_WITH_WEAK_PULLUP                           ;        ;              ;         ; Column I/O ;                 ; no       ; On           ;
; AE20     ; 235        ; 4        ; RESERVED_INPUT_WITH_WEAK_PULLUP                           ;        ;              ;         ; Column I/O ;                 ; no       ; On           ;
; AE21     ; 238        ; 4        ; RESERVED_INPUT_WITH_WEAK_PULLUP                           ;        ;              ;         ; Column I/O ;                 ; no       ; On           ;
; AE22     ; 251        ; 4        ; RESERVED_INPUT_WITH_WEAK_PULLUP                           ;        ;              ;         ; Column I/O ;                 ; no       ; On           ;
; AE23     ; 261        ; 4        ; RESERVED_INPUT_WITH_WEAK_PULLUP                           ;        ;              ;         ; Column I/O ;                 ; no       ; On           ;
; AE24     ; 256        ; 4        ; RESERVED_INPUT_WITH_WEAK_PULLUP                           ;        ;              ;         ; Column I/O ;                 ; no       ; On           ;
; AE25     ; 243        ; 4        ; RESERVED_INPUT_WITH_WEAK_PULLUP                           ;        ;              ;         ; Column I/O ;                 ; no       ; On           ;
; AE26     ; 278        ; 5        ; RESERVED_INPUT_WITH_WEAK_PULLUP                           ;        ;              ;         ; Row I/O    ;                 ; no       ; On           ;
; AE27     ; 284        ; 5        ; RESERVED_INPUT_WITH_WEAK_PULLUP                           ;        ;              ;         ; Row I/O    ;                 ; no       ; On           ;
; AE28     ; 283        ; 5        ; RESERVED_INPUT_WITH_WEAK_PULLUP                           ;        ;              ;         ; Row I/O    ;                 ; no       ; On           ;
; AF1      ;            ;          ; GND                                                       ; gnd    ;              ;         ; --         ;                 ; --       ; --           ;
; AF2      ; 123        ; 2        ; RESERVED_INPUT_WITH_WEAK_PULLUP                           ;        ;              ;         ; Row I/O    ;                 ; no       ; On           ;
; AF3      ; 138        ; 3        ; RESERVED_INPUT_WITH_WEAK_PULLUP                           ;        ;              ;         ; Column I/O ;                 ; no       ; On           ;
; AF4      ; 131        ; 3        ; RESERVED_INPUT_WITH_WEAK_PULLUP                           ;        ;              ;         ; Column I/O ;                 ; no       ; On           ;
; AF5      ; 136        ; 3        ; RESERVED_INPUT_WITH_WEAK_PULLUP                           ;        ;              ;         ; Column I/O ;                 ; no       ; On           ;
; AF6      ; 139        ; 3        ; RESERVED_INPUT_WITH_WEAK_PULLUP                           ;        ;              ;         ; Column I/O ;                 ; no       ; On           ;
; AF7      ; 159        ; 3        ; RESERVED_INPUT_WITH_WEAK_PULLUP                           ;        ;              ;         ; Column I/O ;                 ; no       ; On           ;
; AF8      ; 162        ; 3        ; RESERVED_INPUT_WITH_WEAK_PULLUP                           ;        ;              ;         ; Column I/O ;                 ; no       ; On           ;
; AF9      ; 160        ; 3        ; RESERVED_INPUT_WITH_WEAK_PULLUP                           ;        ;              ;         ; Column I/O ;                 ; no       ; On           ;
; AF10     ; 166        ; 3        ; RESERVED_INPUT_WITH_WEAK_PULLUP                           ;        ;              ;         ; Column I/O ;                 ; no       ; On           ;
; AF11     ; 172        ; 3        ; PC[15]                                                    ; output ; 2.5 V        ;         ; Column I/O ; N               ; no       ; Off          ;
; AF12     ; 170        ; 3        ; PC[13]                                                    ; output ; 2.5 V        ;         ; Column I/O ; N               ; no       ; Off          ;
; AF13     ; 178        ; 3        ; PC[27]                                                    ; output ; 2.5 V        ;         ; Column I/O ; N               ; no       ; Off          ;
; AF14     ; 184        ; 3        ; PC[21]                                                    ; output ; 2.5 V        ;         ; Column I/O ; N               ; no       ; Off          ;
; AF15     ; 206        ; 4        ; RESERVED_INPUT_WITH_WEAK_PULLUP                           ;        ;              ;         ; Column I/O ;                 ; no       ; On           ;
; AF16     ; 210        ; 4        ; RESERVED_INPUT_WITH_WEAK_PULLUP                           ;        ;              ;         ; Column I/O ;                 ; no       ; On           ;
; AF17     ; 216        ; 4        ; RESERVED_INPUT_WITH_WEAK_PULLUP                           ;        ;              ;         ; Column I/O ;                 ; no       ; On           ;
; AF18     ; 226        ; 4        ; RESERVED_INPUT_WITH_WEAK_PULLUP                           ;        ;              ;         ; Column I/O ;                 ; no       ; On           ;
; AF19     ; 232        ; 4        ; RESERVED_INPUT_WITH_WEAK_PULLUP                           ;        ;              ;         ; Column I/O ;                 ; no       ; On           ;
; AF20     ; 236        ; 4        ; RESERVED_INPUT_WITH_WEAK_PULLUP                           ;        ;              ;         ; Column I/O ;                 ; no       ; On           ;
; AF21     ; 239        ; 4        ; RESERVED_INPUT_WITH_WEAK_PULLUP                           ;        ;              ;         ; Column I/O ;                 ; no       ; On           ;
; AF22     ; 252        ; 4        ; RESERVED_INPUT_WITH_WEAK_PULLUP                           ;        ;              ;         ; Column I/O ;                 ; no       ; On           ;
; AF23     ; 262        ; 4        ; RESERVED_INPUT_WITH_WEAK_PULLUP                           ;        ;              ;         ; Column I/O ;                 ; no       ; On           ;
; AF24     ; 233        ; 4        ; RESERVED_INPUT_WITH_WEAK_PULLUP                           ;        ;              ;         ; Column I/O ;                 ; no       ; On           ;
; AF25     ; 234        ; 4        ; RESERVED_INPUT_WITH_WEAK_PULLUP                           ;        ;              ;         ; Column I/O ;                 ; no       ; On           ;
; AF26     ; 244        ; 4        ; RESERVED_INPUT_WITH_WEAK_PULLUP                           ;        ;              ;         ; Column I/O ;                 ; no       ; On           ;
; AF27     ; 277        ; 5        ; RESERVED_INPUT_WITH_WEAK_PULLUP                           ;        ;              ;         ; Row I/O    ;                 ; no       ; On           ;
; AF28     ;            ;          ; GND                                                       ; gnd    ;              ;         ; --         ;                 ; --       ; --           ;
; AG1      ;            ; 2        ; VCCIO2                                                    ; power  ;              ; 2.5V    ; --         ;                 ; --       ; --           ;
; AG2      ;            ;          ; GND                                                       ; gnd    ;              ;         ; --         ;                 ; --       ; --           ;
; AG3      ; 133        ; 3        ; RESERVED_INPUT_WITH_WEAK_PULLUP                           ;        ;              ;         ; Column I/O ;                 ; no       ; On           ;
; AG4      ; 141        ; 3        ; RESERVED_INPUT_WITH_WEAK_PULLUP                           ;        ;              ;         ; Column I/O ;                 ; no       ; On           ;
; AG5      ;            ;          ; GND                                                       ; gnd    ;              ;         ; --         ;                 ; --       ; --           ;
; AG6      ; 145        ; 3        ; RESERVED_INPUT_WITH_WEAK_PULLUP                           ;        ;              ;         ; Column I/O ;                 ; no       ; On           ;
; AG7      ; 150        ; 3        ; RESERVED_INPUT_WITH_WEAK_PULLUP                           ;        ;              ;         ; Column I/O ;                 ; no       ; On           ;
; AG8      ; 156        ; 3        ; RESERVED_INPUT_WITH_WEAK_PULLUP                           ;        ;              ;         ; Column I/O ;                 ; no       ; On           ;
; AG9      ;            ;          ; GND                                                       ; gnd    ;              ;         ; --         ;                 ; --       ; --           ;
; AG10     ; 167        ; 3        ; PC[1]                                                     ; output ; 2.5 V        ;         ; Column I/O ; N               ; no       ; Off          ;
; AG11     ; 175        ; 3        ; PC[18]                                                    ; output ; 2.5 V        ;         ; Column I/O ; N               ; no       ; Off          ;
; AG12     ; 193        ; 3        ; RESERVED_INPUT_WITH_WEAK_PULLUP                           ;        ;              ;         ; Column I/O ;                 ; no       ; On           ;
; AG13     ;            ;          ; GND                                                       ; gnd    ;              ;         ; --         ;                 ; --       ; --           ;
; AG14     ; 199        ; 3        ; GND+                                                      ;        ;              ;         ; Column I/O ;                 ; --       ; --           ;
; AG15     ; 201        ; 4        ; GND+                                                      ;        ;              ;         ; Column I/O ;                 ; --       ; --           ;
; AG16     ;            ;          ; GND                                                       ; gnd    ;              ;         ; --         ;                 ; --       ; --           ;
; AG17     ; 207        ; 4        ; RESERVED_INPUT_WITH_WEAK_PULLUP                           ;        ;              ;         ; Column I/O ;                 ; no       ; On           ;
; AG18     ; 217        ; 4        ; RESERVED_INPUT_WITH_WEAK_PULLUP                           ;        ;              ;         ; Column I/O ;                 ; no       ; On           ;
; AG19     ; 219        ; 4        ; RESERVED_INPUT_WITH_WEAK_PULLUP                           ;        ;              ;         ; Column I/O ;                 ; no       ; On           ;
; AG20     ;            ;          ; GND                                                       ; gnd    ;              ;         ; --         ;                 ; --       ; --           ;
; AG21     ; 223        ; 4        ; RESERVED_INPUT_WITH_WEAK_PULLUP                           ;        ;              ;         ; Column I/O ;                 ; no       ; On           ;
; AG22     ; 227        ; 4        ; RESERVED_INPUT_WITH_WEAK_PULLUP                           ;        ;              ;         ; Column I/O ;                 ; no       ; On           ;
; AG23     ; 229        ; 4        ; RESERVED_INPUT_WITH_WEAK_PULLUP                           ;        ;              ;         ; Column I/O ;                 ; no       ; On           ;
; AG24     ;            ;          ; GND                                                       ; gnd    ;              ;         ; --         ;                 ; --       ; --           ;
; AG25     ; 245        ; 4        ; RESERVED_INPUT_WITH_WEAK_PULLUP                           ;        ;              ;         ; Column I/O ;                 ; no       ; On           ;
; AG26     ; 270        ; 4        ; RESERVED_INPUT_WITH_WEAK_PULLUP                           ;        ;              ;         ; Column I/O ;                 ; no       ; On           ;
; AG27     ;            ;          ; GND                                                       ; gnd    ;              ;         ; --         ;                 ; --       ; --           ;
; AG28     ;            ; 5        ; VCCIO5                                                    ; power  ;              ; 2.5V    ; --         ;                 ; --       ; --           ;
; AH2      ;            ; 3        ; VCCIO3                                                    ; power  ;              ; 2.5V    ; --         ;                 ; --       ; --           ;
; AH3      ; 137        ; 3        ; RESERVED_INPUT_WITH_WEAK_PULLUP                           ;        ;              ;         ; Column I/O ;                 ; no       ; On           ;
; AH4      ; 142        ; 3        ; RESERVED_INPUT_WITH_WEAK_PULLUP                           ;        ;              ;         ; Column I/O ;                 ; no       ; On           ;
; AH5      ;            ; 3        ; VCCIO3                                                    ; power  ;              ; 2.5V    ; --         ;                 ; --       ; --           ;
; AH6      ; 146        ; 3        ; RESERVED_INPUT_WITH_WEAK_PULLUP                           ;        ;              ;         ; Column I/O ;                 ; no       ; On           ;
; AH7      ; 151        ; 3        ; RESERVED_INPUT_WITH_WEAK_PULLUP                           ;        ;              ;         ; Column I/O ;                 ; no       ; On           ;
; AH8      ; 157        ; 3        ; RESERVED_INPUT_WITH_WEAK_PULLUP                           ;        ;              ;         ; Column I/O ;                 ; no       ; On           ;
; AH9      ;            ; 3        ; VCCIO3                                                    ; power  ;              ; 2.5V    ; --         ;                 ; --       ; --           ;
; AH10     ; 168        ; 3        ; PC[11]                                                    ; output ; 2.5 V        ;         ; Column I/O ; N               ; no       ; Off          ;
; AH11     ; 176        ; 3        ; PC[25]                                                    ; output ; 2.5 V        ;         ; Column I/O ; N               ; no       ; Off          ;
; AH12     ; 194        ; 3        ; RESERVED_INPUT_WITH_WEAK_PULLUP                           ;        ;              ;         ; Column I/O ;                 ; no       ; On           ;
; AH13     ;            ; 3        ; VCCIO3                                                    ; power  ;              ; 2.5V    ; --         ;                 ; --       ; --           ;
; AH14     ; 200        ; 3        ; GND+                                                      ;        ;              ;         ; Column I/O ;                 ; --       ; --           ;
; AH15     ; 202        ; 4        ; GND+                                                      ;        ;              ;         ; Column I/O ;                 ; --       ; --           ;
; AH16     ;            ; 4        ; VCCIO4                                                    ; power  ;              ; 2.5V    ; --         ;                 ; --       ; --           ;
; AH17     ; 208        ; 4        ; RESERVED_INPUT_WITH_WEAK_PULLUP                           ;        ;              ;         ; Column I/O ;                 ; no       ; On           ;
; AH18     ; 218        ; 4        ; RESERVED_INPUT_WITH_WEAK_PULLUP                           ;        ;              ;         ; Column I/O ;                 ; no       ; On           ;
; AH19     ; 220        ; 4        ; RESERVED_INPUT_WITH_WEAK_PULLUP                           ;        ;              ;         ; Column I/O ;                 ; no       ; On           ;
; AH20     ;            ; 4        ; VCCIO4                                                    ; power  ;              ; 2.5V    ; --         ;                 ; --       ; --           ;
; AH21     ; 224        ; 4        ; RESERVED_INPUT_WITH_WEAK_PULLUP                           ;        ;              ;         ; Column I/O ;                 ; no       ; On           ;
; AH22     ; 228        ; 4        ; RESERVED_INPUT_WITH_WEAK_PULLUP                           ;        ;              ;         ; Column I/O ;                 ; no       ; On           ;
; AH23     ; 230        ; 4        ; RESERVED_INPUT_WITH_WEAK_PULLUP                           ;        ;              ;         ; Column I/O ;                 ; no       ; On           ;
; AH24     ;            ; 4        ; VCCIO4                                                    ; power  ;              ; 2.5V    ; --         ;                 ; --       ; --           ;
; AH25     ; 246        ; 4        ; RESERVED_INPUT_WITH_WEAK_PULLUP                           ;        ;              ;         ; Column I/O ;                 ; no       ; On           ;
; AH26     ; 271        ; 4        ; RESERVED_INPUT_WITH_WEAK_PULLUP                           ;        ;              ;         ; Column I/O ;                 ; no       ; On           ;
; AH27     ;            ; 4        ; VCCIO4                                                    ; power  ;              ; 2.5V    ; --         ;                 ; --       ; --           ;
; B1       ;            ; 1        ; VCCIO1                                                    ; power  ;              ; 2.5V    ; --         ;                 ; --       ; --           ;
; B2       ;            ;          ; GND                                                       ; gnd    ;              ;         ; --         ;                 ; --       ; --           ;
; B3       ; 534        ; 8        ; RESERVED_INPUT_WITH_WEAK_PULLUP                           ;        ;              ;         ; Column I/O ;                 ; no       ; On           ;
; B4       ; 533        ; 8        ; RESERVED_INPUT_WITH_WEAK_PULLUP                           ;        ;              ;         ; Column I/O ;                 ; no       ; On           ;
; B5       ;            ;          ; GND                                                       ; gnd    ;              ;         ; --         ;                 ; --       ; --           ;
; B6       ; 505        ; 8        ; RESERVED_INPUT_WITH_WEAK_PULLUP                           ;        ;              ;         ; Column I/O ;                 ; no       ; On           ;
; B7       ; 502        ; 8        ; LEDR[7]                                                   ; output ; 2.5 V        ;         ; Column I/O ; N               ; no       ; Off          ;
; B8       ; 518        ; 8        ; LEDR[4]                                                   ; output ; 2.5 V        ;         ; Column I/O ; N               ; no       ; Off          ;
; B9       ;            ;          ; GND                                                       ; gnd    ;              ;         ; --         ;                 ; --       ; --           ;
; B10      ; 492        ; 8        ; RESERVED_INPUT_WITH_WEAK_PULLUP                           ;        ;              ;         ; Column I/O ;                 ; no       ; On           ;
; B11      ; 488        ; 8        ; SW[13]                                                    ; input  ; 2.5 V        ;         ; Column I/O ; N               ; no       ; Off          ;
; B12      ;            ;          ; GND                                                       ; gnd    ;              ;         ; --         ;                 ; --       ; --           ;
; B13      ;            ;          ; GND                                                       ; gnd    ;              ;         ; --         ;                 ; --       ; --           ;
; B14      ; 473        ; 8        ; GND+                                                      ;        ;              ;         ; Column I/O ;                 ; --       ; --           ;
; B15      ; 471        ; 7        ; GND+                                                      ;        ;              ;         ; Column I/O ;                 ; --       ; --           ;
; B16      ;            ;          ; GND                                                       ; gnd    ;              ;         ; --         ;                 ; --       ; --           ;
; B17      ; 463        ; 7        ; SW[0]                                                     ; input  ; 2.5 V        ;         ; Column I/O ; N               ; no       ; Off          ;
; B18      ; 443        ; 7        ; RESERVED_INPUT_WITH_WEAK_PULLUP                           ;        ;              ;         ; Column I/O ;                 ; no       ; On           ;
; B19      ; 441        ; 7        ; RESERVED_INPUT_WITH_WEAK_PULLUP                           ;        ;              ;         ; Column I/O ;                 ; no       ; On           ;
; B20      ;            ;          ; GND                                                       ; gnd    ;              ;         ; --         ;                 ; --       ; --           ;
; B21      ; 426        ; 7        ; RESERVED_INPUT_WITH_WEAK_PULLUP                           ;        ;              ;         ; Column I/O ;                 ; no       ; On           ;
; B22      ; 424        ; 7        ; RESERVED_INPUT_WITH_WEAK_PULLUP                           ;        ;              ;         ; Column I/O ;                 ; no       ; On           ;
; B23      ; 413        ; 7        ; RESERVED_INPUT_WITH_WEAK_PULLUP                           ;        ;              ;         ; Column I/O ;                 ; no       ; On           ;
; B24      ;            ;          ; GND                                                       ; gnd    ;              ;         ; --         ;                 ; --       ; --           ;
; B25      ; 406        ; 7        ; RESERVED_INPUT_WITH_WEAK_PULLUP                           ;        ;              ;         ; Column I/O ;                 ; no       ; On           ;
; B26      ; 401        ; 7        ; RESERVED_INPUT_WITH_WEAK_PULLUP                           ;        ;              ;         ; Column I/O ;                 ; no       ; On           ;
; B27      ;            ;          ; GND                                                       ; gnd    ;              ;         ; --         ;                 ; --       ; --           ;
; B28      ;            ; 6        ; VCCIO6                                                    ; power  ;              ; 2.5V    ; --         ;                 ; --       ; --           ;
; C1       ;            ;          ; GND                                                       ; gnd    ;              ;         ; --         ;                 ; --       ; --           ;
; C2       ; 1          ; 1        ; RESERVED_INPUT_WITH_WEAK_PULLUP                           ;        ;              ;         ; Row I/O    ;                 ; no       ; On           ;
; C3       ; 543        ; 8        ; RESERVED_INPUT_WITH_WEAK_PULLUP                           ;        ;              ;         ; Column I/O ;                 ; no       ; On           ;
; C4       ; 539        ; 8        ; RESERVED_INPUT_WITH_WEAK_PULLUP                           ;        ;              ;         ; Column I/O ;                 ; no       ; On           ;
; C5       ; 538        ; 8        ; RESERVED_INPUT_WITH_WEAK_PULLUP                           ;        ;              ;         ; Column I/O ;                 ; no       ; On           ;
; C6       ; 536        ; 8        ; RESERVED_INPUT_WITH_WEAK_PULLUP                           ;        ;              ;         ; Column I/O ;                 ; no       ; On           ;
; C7       ; 521        ; 8        ; LEDR[11]                                                  ; output ; 2.5 V        ;         ; Column I/O ; N               ; no       ; Off          ;
; C8       ; 519        ; 8        ; LEDR[6]                                                   ; output ; 2.5 V        ;         ; Column I/O ; N               ; no       ; Off          ;
; C9       ; 510        ; 8        ; RESERVED_INPUT_WITH_WEAK_PULLUP                           ;        ;              ;         ; Column I/O ;                 ; no       ; On           ;
; C10      ; 495        ; 8        ; RESERVED_INPUT_WITH_WEAK_PULLUP                           ;        ;              ;         ; Column I/O ;                 ; no       ; On           ;
; C11      ; 508        ; 8        ; RESERVED_INPUT_WITH_WEAK_PULLUP                           ;        ;              ;         ; Column I/O ;                 ; no       ; On           ;
; C12      ; 478        ; 8        ; RESERVED_INPUT_WITH_WEAK_PULLUP                           ;        ;              ;         ; Column I/O ;                 ; no       ; On           ;
; C13      ; 474        ; 8        ; SW[3]                                                     ; input  ; 2.5 V        ;         ; Column I/O ; N               ; no       ; Off          ;
; C14      ; 476        ; 8        ; RESERVED_INPUT_WITH_WEAK_PULLUP                           ;        ;              ;         ; Column I/O ;                 ; no       ; On           ;
; C15      ; 468        ; 7        ; SW[2]                                                     ; input  ; 2.5 V        ;         ; Column I/O ; N               ; no       ; Off          ;
; C16      ; 460        ; 7        ; SW[6]                                                     ; input  ; 2.5 V        ;         ; Column I/O ; N               ; no       ; Off          ;
; C17      ; 438        ; 7        ; RESERVED_INPUT_WITH_WEAK_PULLUP                           ;        ;              ;         ; Column I/O ;                 ; no       ; On           ;
; C18      ; 429        ; 7        ; RESERVED_INPUT_WITH_WEAK_PULLUP                           ;        ;              ;         ; Column I/O ;                 ; no       ; On           ;
; C19      ; 435        ; 7        ; RESERVED_INPUT_WITH_WEAK_PULLUP                           ;        ;              ;         ; Column I/O ;                 ; no       ; On           ;
; C20      ; 431        ; 7        ; RESERVED_INPUT_WITH_WEAK_PULLUP                           ;        ;              ;         ; Column I/O ;                 ; no       ; On           ;
; C21      ; 422        ; 7        ; RESERVED_INPUT_WITH_WEAK_PULLUP                           ;        ;              ;         ; Column I/O ;                 ; no       ; On           ;
; C22      ; 418        ; 7        ; RESERVED_INPUT_WITH_WEAK_PULLUP                           ;        ;              ;         ; Column I/O ;                 ; no       ; On           ;
; C23      ; 415        ; 7        ; RESERVED_INPUT_WITH_WEAK_PULLUP                           ;        ;              ;         ; Column I/O ;                 ; no       ; On           ;
; C24      ; 416        ; 7        ; RESERVED_INPUT_WITH_WEAK_PULLUP                           ;        ;              ;         ; Column I/O ;                 ; no       ; On           ;
; C25      ; 411        ; 7        ; RESERVED_INPUT_WITH_WEAK_PULLUP                           ;        ;              ;         ; Column I/O ;                 ; no       ; On           ;
; C26      ; 400        ; 7        ; RESERVED_INPUT_WITH_WEAK_PULLUP                           ;        ;              ;         ; Column I/O ;                 ; no       ; On           ;
; C27      ; 382        ; 6        ; RESERVED_INPUT_WITH_WEAK_PULLUP                           ;        ;              ;         ; Row I/O    ;                 ; no       ; On           ;
; C28      ;            ;          ; GND                                                       ; gnd    ;              ;         ; --         ;                 ; --       ; --           ;
; D1       ; 3          ; 1        ; RESERVED_INPUT_WITH_WEAK_PULLUP                           ;        ;              ;         ; Row I/O    ;                 ; no       ; On           ;
; D2       ; 2          ; 1        ; RESERVED_INPUT_WITH_WEAK_PULLUP                           ;        ;              ;         ; Row I/O    ;                 ; no       ; On           ;
; D3       ;            ;          ; GND                                                       ; gnd    ;              ;         ; --         ;                 ; --       ; --           ;
; D4       ; 540        ; 8        ; RESERVED_INPUT_WITH_WEAK_PULLUP                           ;        ;              ;         ; Column I/O ;                 ; no       ; On           ;
; D5       ; 537        ; 8        ; RESERVED_INPUT_WITH_WEAK_PULLUP                           ;        ;              ;         ; Column I/O ;                 ; no       ; On           ;
; D6       ; 524        ; 8        ; LEDR[17]                                                  ; output ; 2.5 V        ;         ; Column I/O ; N               ; no       ; Off          ;
; D7       ; 522        ; 8        ; LEDR[13]                                                  ; output ; 2.5 V        ;         ; Column I/O ; N               ; no       ; Off          ;
; D8       ; 520        ; 8        ; LEDR[3]                                                   ; output ; 2.5 V        ;         ; Column I/O ; N               ; no       ; Off          ;
; D9       ; 511        ; 8        ; RESERVED_INPUT_WITH_WEAK_PULLUP                           ;        ;              ;         ; Column I/O ;                 ; no       ; On           ;
; D10      ; 496        ; 8        ; RESERVED_INPUT_WITH_WEAK_PULLUP                           ;        ;              ;         ; Column I/O ;                 ; no       ; On           ;
; D11      ; 509        ; 8        ; RESERVED_INPUT_WITH_WEAK_PULLUP                           ;        ;              ;         ; Column I/O ;                 ; no       ; On           ;
; D12      ; 479        ; 8        ; SW[17]                                                    ; input  ; 2.5 V        ;         ; Column I/O ; N               ; no       ; Off          ;
; D13      ; 475        ; 8        ; SW[1]                                                     ; input  ; 2.5 V        ;         ; Column I/O ; N               ; no       ; Off          ;
; D14      ; 477        ; 8        ; SW[8]                                                     ; input  ; 2.5 V        ;         ; Column I/O ; N               ; no       ; Off          ;
; D15      ; 469        ; 7        ; SW[10]                                                    ; input  ; 2.5 V        ;         ; Column I/O ; N               ; no       ; Off          ;
; D16      ; 461        ; 7        ; RESERVED_INPUT_WITH_WEAK_PULLUP                           ;        ;              ;         ; Column I/O ;                 ; no       ; On           ;
; D17      ; 439        ; 7        ; RESERVED_INPUT_WITH_WEAK_PULLUP                           ;        ;              ;         ; Column I/O ;                 ; no       ; On           ;
; D18      ; 430        ; 7        ; RESERVED_INPUT_WITH_WEAK_PULLUP                           ;        ;              ;         ; Column I/O ;                 ; no       ; On           ;
; D19      ; 436        ; 7        ; RESERVED_INPUT_WITH_WEAK_PULLUP                           ;        ;              ;         ; Column I/O ;                 ; no       ; On           ;
; D20      ; 432        ; 7        ; RESERVED_INPUT_WITH_WEAK_PULLUP                           ;        ;              ;         ; Column I/O ;                 ; no       ; On           ;
; D21      ; 419        ; 7        ; RESERVED_INPUT_WITH_WEAK_PULLUP                           ;        ;              ;         ; Column I/O ;                 ; no       ; On           ;
; D22      ; 402        ; 7        ; RESERVED_INPUT_WITH_WEAK_PULLUP                           ;        ;              ;         ; Column I/O ;                 ; no       ; On           ;
; D23      ; 414        ; 7        ; RESERVED_INPUT_WITH_WEAK_PULLUP                           ;        ;              ;         ; Column I/O ;                 ; no       ; On           ;
; D24      ; 417        ; 7        ; RESERVED_INPUT_WITH_WEAK_PULLUP                           ;        ;              ;         ; Column I/O ;                 ; no       ; On           ;
; D25      ; 410        ; 7        ; RESERVED_INPUT_WITH_WEAK_PULLUP                           ;        ;              ;         ; Column I/O ;                 ; no       ; On           ;
; D26      ; 383        ; 6        ; RESERVED_INPUT_WITH_WEAK_PULLUP                           ;        ;              ;         ; Row I/O    ;                 ; no       ; On           ;
; D27      ; 381        ; 6        ; RESERVED_INPUT_WITH_WEAK_PULLUP                           ;        ;              ;         ; Row I/O    ;                 ; no       ; On           ;
; D28      ; 380        ; 6        ; RESERVED_INPUT_WITH_WEAK_PULLUP                           ;        ;              ;         ; Row I/O    ;                 ; no       ; On           ;
; E1       ; 17         ; 1        ; RESERVED_INPUT_WITH_WEAK_PULLUP                           ;        ;              ;         ; Row I/O    ;                 ; no       ; On           ;
; E2       ; 16         ; 1        ; ~ALTERA_FLASH_nCE_nCSO~ / RESERVED_INPUT_WITH_WEAK_PULLUP ; input  ; 2.5 V        ;         ; Row I/O    ; N               ; no       ; On           ;
; E3       ; 7          ; 1        ; RESERVED_INPUT_WITH_WEAK_PULLUP                           ;        ;              ;         ; Row I/O    ;                 ; no       ; On           ;
; E4       ; 541        ; 8        ; RESERVED_INPUT_WITH_WEAK_PULLUP                           ;        ;              ;         ; Column I/O ;                 ; no       ; On           ;
; E5       ; 542        ; 8        ; RESERVED_INPUT_WITH_WEAK_PULLUP                           ;        ;              ;         ; Column I/O ;                 ; no       ; On           ;
; E6       ;            ; 8        ; VCCIO8                                                    ; power  ;              ; 2.5V    ; --         ;                 ; --       ; --           ;
; E7       ; 523        ; 8        ; LEDR[12]                                                  ; output ; 2.5 V        ;         ; Column I/O ; N               ; no       ; Off          ;
; E8       ; 526        ; 8        ; LEDR[14]                                                  ; output ; 2.5 V        ;         ; Column I/O ; N               ; no       ; Off          ;
; E9       ;            ; 8        ; VCCIO8                                                    ; power  ;              ; 2.5V    ; --         ;                 ; --       ; --           ;
; E10      ; 516        ; 8        ; LEDR[0]                                                   ; output ; 2.5 V        ;         ; Column I/O ; N               ; no       ; Off          ;
; E11      ; 499        ; 8        ; SW[14]                                                    ; input  ; 2.5 V        ;         ; Column I/O ; N               ; no       ; Off          ;
; E12      ; 497        ; 8        ; RESERVED_INPUT_WITH_WEAK_PULLUP                           ;        ;              ;         ; Column I/O ;                 ; no       ; On           ;
; E13      ;            ; 8        ; VCCIO8                                                    ; power  ;              ; 2.5V    ; --         ;                 ; --       ; --           ;
; E14      ; 486        ; 8        ; SW[4]                                                     ; input  ; 2.5 V        ;         ; Column I/O ; N               ; no       ; Off          ;
; E15      ; 467        ; 7        ; SW[9]                                                     ; input  ; 2.5 V        ;         ; Column I/O ; N               ; no       ; Off          ;
; E16      ;            ; 7        ; VCCIO7                                                    ; power  ;              ; 2.5V    ; --         ;                 ; --       ; --           ;
; E17      ; 456        ; 7        ; RESERVED_INPUT_WITH_WEAK_PULLUP                           ;        ;              ;         ; Column I/O ;                 ; no       ; On           ;
; E18      ; 427        ; 7        ; RESERVED_INPUT_WITH_WEAK_PULLUP                           ;        ;              ;         ; Column I/O ;                 ; no       ; On           ;
; E19      ; 421        ; 7        ; RESERVED_INPUT_WITH_WEAK_PULLUP                           ;        ;              ;         ; Column I/O ;                 ; no       ; On           ;
; E20      ;            ; 7        ; VCCIO7                                                    ; power  ;              ; 2.5V    ; --         ;                 ; --       ; --           ;
; E21      ; 407        ; 7        ; LEDG[0]                                                   ; output ; 2.5 V        ;         ; Column I/O ; Y               ; no       ; Off          ;
; E22      ; 403        ; 7        ; LEDG[1]                                                   ; output ; 2.5 V        ;         ; Column I/O ; Y               ; no       ; Off          ;
; E23      ;            ; 7        ; VCCIO7                                                    ; power  ;              ; 2.5V    ; --         ;                 ; --       ; --           ;
; E24      ; 433        ; 7        ; LEDG[3]                                                   ; output ; 2.5 V        ;         ; Column I/O ; Y               ; no       ; Off          ;
; E25      ; 434        ; 7        ; LEDG[2]                                                   ; output ; 2.5 V        ;         ; Column I/O ; Y               ; no       ; Off          ;
; E26      ; 378        ; 6        ; RESERVED_INPUT_WITH_WEAK_PULLUP                           ;        ;              ;         ; Row I/O    ;                 ; no       ; On           ;
; E27      ; 375        ; 6        ; RESERVED_INPUT_WITH_WEAK_PULLUP                           ;        ;              ;         ; Row I/O    ;                 ; no       ; On           ;
; E28      ; 374        ; 6        ; RESERVED_INPUT_WITH_WEAK_PULLUP                           ;        ;              ;         ; Row I/O    ;                 ; no       ; On           ;
; F1       ; 19         ; 1        ; RESERVED_INPUT_WITH_WEAK_PULLUP                           ;        ;              ;         ; Row I/O    ;                 ; no       ; On           ;
; F2       ; 18         ; 1        ; RESERVED_INPUT_WITH_WEAK_PULLUP                           ;        ;              ;         ; Row I/O    ;                 ; no       ; On           ;
; F3       ; 8          ; 1        ; RESERVED_INPUT_WITH_WEAK_PULLUP                           ;        ;              ;         ; Row I/O    ;                 ; no       ; On           ;
; F4       ; 10         ; 1        ; ~ALTERA_ASDO_DATA1~ / RESERVED_INPUT_WITH_WEAK_PULLUP     ; input  ; 2.5 V        ;         ; Row I/O    ; N               ; no       ; On           ;
; F5       ; 9          ; 1        ; RESERVED_INPUT_WITH_WEAK_PULLUP                           ;        ;              ;         ; Row I/O    ;                 ; no       ; On           ;
; F6       ;            ;          ; GND                                                       ; gnd    ;              ;         ; --         ;                 ; --       ; --           ;
; F7       ; 531        ; 8        ; RESERVED_INPUT_WITH_WEAK_PULLUP                           ;        ;              ;         ; Column I/O ;                 ; no       ; On           ;
; F8       ; 527        ; 8        ; LEDR[16]                                                  ; output ; 2.5 V        ;         ; Column I/O ; N               ; no       ; Off          ;
; F9       ;            ;          ; GND                                                       ; gnd    ;              ;         ; --         ;                 ; --       ; --           ;
; F10      ; 512        ; 8        ; LEDR[5]                                                   ; output ; 2.5 V        ;         ; Column I/O ; N               ; no       ; Off          ;
; F11      ; 500        ; 8        ; RESERVED_INPUT_WITH_WEAK_PULLUP                           ;        ;              ;         ; Column I/O ;                 ; no       ; On           ;
; F12      ; 498        ; 8        ; RESERVED_INPUT_WITH_WEAK_PULLUP                           ;        ;              ;         ; Column I/O ;                 ; no       ; On           ;
; F13      ;            ;          ; GND                                                       ; gnd    ;              ;         ; --         ;                 ; --       ; --           ;
; F14      ; 485        ; 8        ; RESERVED_INPUT_WITH_WEAK_PULLUP                           ;        ;              ;         ; Column I/O ;                 ; no       ; On           ;
; F15      ; 466        ; 7        ; SW[16]                                                    ; input  ; 2.5 V        ;         ; Column I/O ; N               ; no       ; Off          ;
; F16      ;            ;          ; GND                                                       ; gnd    ;              ;         ; --         ;                 ; --       ; --           ;
; F17      ; 455        ; 7        ; LEDG[8]                                                   ; output ; 2.5 V        ;         ; Column I/O ; Y               ; no       ; Off          ;
; F18      ; 428        ; 7        ; RESERVED_INPUT_WITH_WEAK_PULLUP                           ;        ;              ;         ; Column I/O ;                 ; no       ; On           ;
; F19      ; 420        ; 7        ; RESERVED_INPUT_WITH_WEAK_PULLUP                           ;        ;              ;         ; Column I/O ;                 ; no       ; On           ;
; F20      ;            ;          ; GND                                                       ; gnd    ;              ;         ; --         ;                 ; --       ; --           ;
; F21      ; 408        ; 7        ; RESERVED_INPUT_WITH_WEAK_PULLUP                           ;        ;              ;         ; Column I/O ;                 ; no       ; On           ;
; F22      ; 409        ; 7        ; RESERVED_INPUT_WITH_WEAK_PULLUP                           ;        ;              ;         ; Column I/O ;                 ; --       ; --           ;
; F23      ;            ;          ; GND                                                       ; gnd    ;              ;         ; --         ;                 ; --       ; --           ;
; F24      ; 396        ; 6        ; RESERVED_INPUT_WITH_WEAK_PULLUP                           ;        ;              ;         ; Row I/O    ;                 ; no       ; On           ;
; F25      ; 395        ; 6        ; RESERVED_INPUT_WITH_WEAK_PULLUP                           ;        ;              ;         ; Row I/O    ;                 ; no       ; On           ;
; F26      ; 379        ; 6        ; RESERVED_INPUT_WITH_WEAK_PULLUP                           ;        ;              ;         ; Row I/O    ;                 ; no       ; On           ;
; F27      ; 373        ; 6        ; RESERVED_INPUT_WITH_WEAK_PULLUP                           ;        ;              ;         ; Row I/O    ;                 ; no       ; On           ;
; F28      ; 372        ; 6        ; RESERVED_INPUT_WITH_WEAK_PULLUP                           ;        ;              ;         ; Row I/O    ;                 ; no       ; On           ;
; G1       ; 26         ; 1        ; RESERVED_INPUT_WITH_WEAK_PULLUP                           ;        ;              ;         ; Row I/O    ;                 ; no       ; On           ;
; G2       ; 25         ; 1        ; RESERVED_INPUT_WITH_WEAK_PULLUP                           ;        ;              ;         ; Row I/O    ;                 ; no       ; On           ;
; G3       ; 13         ; 1        ; RESERVED_INPUT_WITH_WEAK_PULLUP                           ;        ;              ;         ; Row I/O    ;                 ; no       ; On           ;
; G4       ; 12         ; 1        ; RESERVED_INPUT_WITH_WEAK_PULLUP                           ;        ;              ;         ; Row I/O    ;                 ; no       ; On           ;
; G5       ; 6          ; 1        ; RESERVED_INPUT_WITH_WEAK_PULLUP                           ;        ;              ;         ; Row I/O    ;                 ; no       ; On           ;
; G6       ; 5          ; 1        ; RESERVED_INPUT_WITH_WEAK_PULLUP                           ;        ;              ;         ; Row I/O    ;                 ; no       ; On           ;
; G7       ; 530        ; 8        ; RESERVED_INPUT_WITH_WEAK_PULLUP                           ;        ;              ;         ; Column I/O ;                 ; no       ; On           ;
; G8       ; 528        ; 8        ; RESERVED_INPUT_WITH_WEAK_PULLUP                           ;        ;              ;         ; Column I/O ;                 ; no       ; On           ;
; G9       ; 525        ; 8        ; LEDR[15]                                                  ; output ; 2.5 V        ;         ; Column I/O ; N               ; no       ; Off          ;
; G10      ; 513        ; 8        ; LEDR[8]                                                   ; output ; 2.5 V        ;         ; Column I/O ; N               ; no       ; Off          ;
; G11      ; 506        ; 8        ; LEDR[1]                                                   ; output ; 2.5 V        ;         ; Column I/O ; N               ; no       ; Off          ;
; G12      ; 503        ; 8        ; LEDR[9]                                                   ; output ; 2.5 V        ;         ; Column I/O ; N               ; no       ; Off          ;
; G13      ; 493        ; 8        ; RESERVED_INPUT_WITH_WEAK_PULLUP                           ;        ;              ;         ; Column I/O ;                 ; no       ; On           ;
; G14      ; 484        ; 8        ; RESERVED_INPUT_WITH_WEAK_PULLUP                           ;        ;              ;         ; Column I/O ;                 ; --       ; --           ;
; G15      ; 457        ; 7        ; RESERVED_INPUT_WITH_WEAK_PULLUP                           ;        ;              ;         ; Column I/O ;                 ; --       ; --           ;
; G16      ; 453        ; 7        ; RESERVED_INPUT_WITH_WEAK_PULLUP                           ;        ;              ;         ; Column I/O ;                 ; no       ; On           ;
; G17      ; 437        ; 7        ; RESERVED_INPUT_WITH_WEAK_PULLUP                           ;        ;              ;         ; Column I/O ;                 ; --       ; --           ;
; G18      ; 452        ; 7        ; RESERVED_INPUT_WITH_WEAK_PULLUP                           ;        ;              ;         ; Column I/O ;                 ; no       ; On           ;
; G19      ; 451        ; 7        ; RESERVED_INPUT_WITH_WEAK_PULLUP                           ;        ;              ;         ; Column I/O ;                 ; no       ; On           ;
; G20      ; 444        ; 7        ; LEDG[5]                                                   ; output ; 2.5 V        ;         ; Column I/O ; Y               ; no       ; Off          ;
; G21      ; 445        ; 7        ; LEDG[7]                                                   ; output ; 2.5 V        ;         ; Column I/O ; Y               ; no       ; Off          ;
; G22      ; 449        ; 7        ; LEDG[6]                                                   ; output ; 2.5 V        ;         ; Column I/O ; Y               ; no       ; Off          ;
; G23      ; 398        ; 6        ; RESERVED_INPUT_WITH_WEAK_PULLUP                           ;        ;              ;         ; Row I/O    ;                 ; no       ; On           ;
; G24      ; 397        ; 6        ; RESERVED_INPUT_WITH_WEAK_PULLUP                           ;        ;              ;         ; Row I/O    ;                 ; no       ; On           ;
; G25      ; 393        ; 6        ; RESERVED_INPUT_WITH_WEAK_PULLUP                           ;        ;              ;         ; Row I/O    ;                 ; no       ; On           ;
; G26      ; 392        ; 6        ; RESERVED_INPUT_WITH_WEAK_PULLUP                           ;        ;              ;         ; Row I/O    ;                 ; no       ; On           ;
; G27      ; 367        ; 6        ; RESERVED_INPUT_WITH_WEAK_PULLUP                           ;        ;              ;         ; Row I/O    ;                 ; no       ; On           ;
; G28      ; 366        ; 6        ; RESERVED_INPUT_WITH_WEAK_PULLUP                           ;        ;              ;         ; Row I/O    ;                 ; no       ; On           ;
; H1       ;            ; 1        ; VCCIO1                                                    ; power  ;              ; 2.5V    ; --         ;                 ; --       ; --           ;
; H2       ;            ;          ; GND                                                       ; gnd    ;              ;         ; --         ;                 ; --       ; --           ;
; H3       ; 15         ; 1        ; RESERVED_INPUT_WITH_WEAK_PULLUP                           ;        ;              ;         ; Row I/O    ;                 ; no       ; On           ;
; H4       ; 14         ; 1        ; RESERVED_INPUT_WITH_WEAK_PULLUP                           ;        ;              ;         ; Row I/O    ;                 ; no       ; On           ;
; H5       ; 20         ; 1        ; RESERVED_INPUT_WITH_WEAK_PULLUP                           ;        ;              ;         ; Row I/O    ;                 ; no       ; On           ;
; H6       ; 11         ; 1        ; RESERVED_INPUT_WITH_WEAK_PULLUP                           ;        ;              ;         ; Row I/O    ;                 ; no       ; On           ;
; H7       ; 4          ; 1        ; RESERVED_INPUT_WITH_WEAK_PULLUP                           ;        ;              ;         ; Row I/O    ;                 ; --       ; --           ;
; H8       ; 529        ; 8        ; RESERVED_INPUT_WITH_WEAK_PULLUP                           ;        ;              ;         ; Column I/O ;                 ; no       ; On           ;
; H9       ;            ;          ; GNDA3                                                     ; gnd    ;              ;         ; --         ;                 ; --       ; --           ;
; H10      ; 514        ; 8        ; RESERVED_INPUT_WITH_WEAK_PULLUP                           ;        ;              ;         ; Column I/O ;                 ; no       ; On           ;
; H11      ;            ; 8        ; VCCIO8                                                    ; power  ;              ; 2.5V    ; --         ;                 ; --       ; --           ;
; H12      ; 507        ; 8        ; RESERVED_INPUT_WITH_WEAK_PULLUP                           ;        ;              ;         ; Column I/O ;                 ; no       ; On           ;
; H13      ; 494        ; 8        ; RESERVED_INPUT_WITH_WEAK_PULLUP                           ;        ;              ;         ; Column I/O ;                 ; no       ; On           ;
; H14      ; 480        ; 8        ; SW[7]                                                     ; input  ; 2.5 V        ;         ; Column I/O ; N               ; no       ; Off          ;
; H15      ; 464        ; 7        ; RESERVED_INPUT_WITH_WEAK_PULLUP                           ;        ;              ;         ; Column I/O ;                 ; no       ; On           ;
; H16      ; 459        ; 7        ; RESERVED_INPUT_WITH_WEAK_PULLUP                           ;        ;              ;         ; Column I/O ;                 ; no       ; On           ;
; H17      ; 454        ; 7        ; RESERVED_INPUT_WITH_WEAK_PULLUP                           ;        ;              ;         ; Column I/O ;                 ; no       ; On           ;
; H18      ;            ; 7        ; VCCIO7                                                    ; power  ;              ; 2.5V    ; --         ;                 ; --       ; --           ;
; H19      ; 446        ; 7        ; RESERVED_INPUT_WITH_WEAK_PULLUP                           ;        ;              ;         ; Column I/O ;                 ; no       ; On           ;
; H20      ;            ;          ; GNDA2                                                     ; gnd    ;              ;         ; --         ;                 ; --       ; --           ;
; H21      ; 448        ; 7        ; LEDG[4]                                                   ; output ; 2.5 V        ;         ; Column I/O ; Y               ; no       ; Off          ;
; H22      ; 399        ; 6        ; RESERVED_INPUT_WITH_WEAK_PULLUP                           ;        ;              ;         ; Row I/O    ;                 ; no       ; On           ;
; H23      ; 391        ; 6        ; RESERVED_INPUT_WITH_WEAK_PULLUP                           ;        ;              ;         ; Row I/O    ;                 ; no       ; On           ;
; H24      ; 390        ; 6        ; RESERVED_INPUT_WITH_WEAK_PULLUP                           ;        ;              ;         ; Row I/O    ;                 ; no       ; On           ;
; H25      ; 377        ; 6        ; RESERVED_INPUT_WITH_WEAK_PULLUP                           ;        ;              ;         ; Row I/O    ;                 ; no       ; On           ;
; H26      ; 376        ; 6        ; RESERVED_INPUT_WITH_WEAK_PULLUP                           ;        ;              ;         ; Row I/O    ;                 ; no       ; On           ;
; H27      ;            ;          ; GND                                                       ; gnd    ;              ;         ; --         ;                 ; --       ; --           ;
; H28      ;            ; 6        ; VCCIO6                                                    ; power  ;              ; 2.5V    ; --         ;                 ; --       ; --           ;
; J1       ; 64         ; 1        ; GND+                                                      ;        ;              ;         ; Row I/O    ;                 ; --       ; --           ;
; J2       ;            ;          ; GND                                                       ; gnd    ;              ;         ; --         ;                 ; --       ; --           ;
; J3       ; 23         ; 1        ; RESERVED_INPUT_WITH_WEAK_PULLUP                           ;        ;              ;         ; Row I/O    ;                 ; no       ; On           ;
; J4       ; 22         ; 1        ; RESERVED_INPUT_WITH_WEAK_PULLUP                           ;        ;              ;         ; Row I/O    ;                 ; no       ; On           ;
; J5       ; 36         ; 1        ; RESERVED_INPUT_WITH_WEAK_PULLUP                           ;        ;              ;         ; Row I/O    ;                 ; no       ; On           ;
; J6       ; 35         ; 1        ; RESERVED_INPUT_WITH_WEAK_PULLUP                           ;        ;              ;         ; Row I/O    ;                 ; no       ; On           ;
; J7       ; 37         ; 1        ; RESERVED_INPUT_WITH_WEAK_PULLUP                           ;        ;              ;         ; Row I/O    ;                 ; no       ; On           ;
; J8       ;            ; --       ; VCCA3                                                     ; power  ;              ; 2.5V    ; --         ;                 ; --       ; --           ;
; J9       ;            ;          ; VCCD_PLL3                                                 ; power  ;              ; 1.2V    ; --         ;                 ; --       ; --           ;
; J10      ; 515        ; 8        ; RESERVED_INPUT_WITH_WEAK_PULLUP                           ;        ;              ;         ; Column I/O ;                 ; no       ; On           ;
; J11      ;            ;          ; GND                                                       ; gnd    ;              ;         ; --         ;                 ; --       ; --           ;
; J12      ; 490        ; 8        ; RESERVED_INPUT_WITH_WEAK_PULLUP                           ;        ;              ;         ; Column I/O ;                 ; no       ; On           ;
; J13      ; 489        ; 8        ; RESERVED_INPUT_WITH_WEAK_PULLUP                           ;        ;              ;         ; Column I/O ;                 ; no       ; On           ;
; J14      ; 481        ; 8        ; RESERVED_INPUT_WITH_WEAK_PULLUP                           ;        ;              ;         ; Column I/O ;                 ; no       ; On           ;
; J15      ; 465        ; 7        ; SW[5]                                                     ; input  ; 2.5 V        ;         ; Column I/O ; N               ; no       ; Off          ;
; J16      ; 458        ; 7        ; RESERVED_INPUT_WITH_WEAK_PULLUP                           ;        ;              ;         ; Column I/O ;                 ; no       ; On           ;
; J17      ; 450        ; 7        ; RESERVED_INPUT_WITH_WEAK_PULLUP                           ;        ;              ;         ; Column I/O ;                 ; no       ; On           ;
; J18      ;            ;          ; GND                                                       ; gnd    ;              ;         ; --         ;                 ; --       ; --           ;
; J19      ; 447        ; 7        ; RESERVED_INPUT_WITH_WEAK_PULLUP                           ;        ;              ;         ; Column I/O ;                 ; no       ; On           ;
; J20      ;            ;          ; VCCD_PLL2                                                 ; power  ;              ; 1.2V    ; --         ;                 ; --       ; --           ;
; J21      ;            ; --       ; VCCA2                                                     ; power  ;              ; 2.5V    ; --         ;                 ; --       ; --           ;
; J22      ; 394        ; 6        ; RESERVED_INPUT_WITH_WEAK_PULLUP                           ;        ;              ;         ; Row I/O    ;                 ; --       ; --           ;
; J23      ; 387        ; 6        ; RESERVED_INPUT_WITH_WEAK_PULLUP                           ;        ;              ;         ; Row I/O    ;                 ; no       ; On           ;
; J24      ; 386        ; 6        ; RESERVED_INPUT_WITH_WEAK_PULLUP                           ;        ;              ;         ; Row I/O    ;                 ; no       ; On           ;
; J25      ; 365        ; 6        ; RESERVED_INPUT_WITH_WEAK_PULLUP                           ;        ;              ;         ; Row I/O    ;                 ; no       ; On           ;
; J26      ; 364        ; 6        ; RESERVED_INPUT_WITH_WEAK_PULLUP                           ;        ;              ;         ; Row I/O    ;                 ; no       ; On           ;
; J27      ; 338        ; 6        ; GND+                                                      ;        ;              ;         ; Row I/O    ;                 ; --       ; --           ;
; J28      ; 337        ; 6        ; GND+                                                      ;        ;              ;         ; Row I/O    ;                 ; --       ; --           ;
; K1       ; 28         ; 1        ; RESERVED_INPUT_WITH_WEAK_PULLUP                           ;        ;              ;         ; Row I/O    ;                 ; no       ; On           ;
; K2       ; 27         ; 1        ; RESERVED_INPUT_WITH_WEAK_PULLUP                           ;        ;              ;         ; Row I/O    ;                 ; no       ; On           ;
; K3       ; 30         ; 1        ; RESERVED_INPUT_WITH_WEAK_PULLUP                           ;        ;              ;         ; Row I/O    ;                 ; no       ; On           ;
; K4       ; 29         ; 1        ; RESERVED_INPUT_WITH_WEAK_PULLUP                           ;        ;              ;         ; Row I/O    ;                 ; no       ; On           ;
; K5       ;            ; 1        ; VCCIO1                                                    ; power  ;              ; 2.5V    ; --         ;                 ; --       ; --           ;
; K6       ;            ;          ; GND                                                       ; gnd    ;              ;         ; --         ;                 ; --       ; --           ;
; K7       ; 38         ; 1        ; RESERVED_INPUT_WITH_WEAK_PULLUP                           ;        ;              ;         ; Row I/O    ;                 ; no       ; On           ;
; K8       ; 39         ; 1        ; PC[9]                                                     ; output ; 2.5 V        ;         ; Row I/O    ; N               ; no       ; Off          ;
; K9       ;            ;          ; VCCINT                                                    ; power  ;              ; 1.2V    ; --         ;                 ; --       ; --           ;
; K10      ;            ;          ; GND                                                       ; gnd    ;              ;         ; --         ;                 ; --       ; --           ;
; K11      ;            ;          ; VCCINT                                                    ; power  ;              ; 1.2V    ; --         ;                 ; --       ; --           ;
; K12      ;            ;          ; GND                                                       ; gnd    ;              ;         ; --         ;                 ; --       ; --           ;
; K13      ;            ;          ; VCCINT                                                    ; power  ;              ; 1.2V    ; --         ;                 ; --       ; --           ;
; K14      ;            ;          ; GND                                                       ; gnd    ;              ;         ; --         ;                 ; --       ; --           ;
; K15      ;            ;          ; VCCINT                                                    ; power  ;              ; 1.2V    ; --         ;                 ; --       ; --           ;
; K16      ;            ;          ; GND                                                       ; gnd    ;              ;         ; --         ;                 ; --       ; --           ;
; K17      ;            ;          ; VCCINT                                                    ; power  ;              ; 1.2V    ; --         ;                 ; --       ; --           ;
; K18      ;            ;          ; GND                                                       ; gnd    ;              ;         ; --         ;                 ; --       ; --           ;
; K19      ;            ;          ; VCCINT                                                    ; power  ;              ; 1.2V    ; --         ;                 ; --       ; --           ;
; K20      ;            ;          ; GND                                                       ; gnd    ;              ;         ; --         ;                 ; --       ; --           ;
; K21      ; 389        ; 6        ; RESERVED_INPUT_WITH_WEAK_PULLUP                           ;        ;              ;         ; Row I/O    ;                 ; no       ; On           ;
; K22      ; 388        ; 6        ; RESERVED_INPUT_WITH_WEAK_PULLUP                           ;        ;              ;         ; Row I/O    ;                 ; no       ; On           ;
; K23      ;            ;          ; GND                                                       ; gnd    ;              ;         ; --         ;                 ; --       ; --           ;
; K24      ;            ; 6        ; VCCIO6                                                    ; power  ;              ; 2.5V    ; --         ;                 ; --       ; --           ;
; K25      ; 371        ; 6        ; RESERVED_INPUT_WITH_WEAK_PULLUP                           ;        ;              ;         ; Row I/O    ;                 ; no       ; On           ;
; K26      ; 370        ; 6        ; RESERVED_INPUT_WITH_WEAK_PULLUP                           ;        ;              ;         ; Row I/O    ;                 ; no       ; On           ;
; K27      ; 362        ; 6        ; RESERVED_INPUT_WITH_WEAK_PULLUP                           ;        ;              ;         ; Row I/O    ;                 ; no       ; On           ;
; K28      ; 361        ; 6        ; RESERVED_INPUT_WITH_WEAK_PULLUP                           ;        ;              ;         ; Row I/O    ;                 ; no       ; On           ;
; L1       ; 49         ; 1        ; RESERVED_INPUT_WITH_WEAK_PULLUP                           ;        ;              ;         ; Row I/O    ;                 ; no       ; On           ;
; L2       ; 48         ; 1        ; RESERVED_INPUT_WITH_WEAK_PULLUP                           ;        ;              ;         ; Row I/O    ;                 ; no       ; On           ;
; L3       ; 32         ; 1        ; RESERVED_INPUT_WITH_WEAK_PULLUP                           ;        ;              ;         ; Row I/O    ;                 ; no       ; On           ;
; L4       ; 31         ; 1        ; RESERVED_INPUT_WITH_WEAK_PULLUP                           ;        ;              ;         ; Row I/O    ;                 ; no       ; On           ;
; L5       ; 21         ; 1        ; RESERVED_INPUT_WITH_WEAK_PULLUP                           ;        ;              ;         ; Row I/O    ;                 ; --       ; --           ;
; L6       ; 43         ; 1        ; RESERVED_INPUT_WITH_WEAK_PULLUP                           ;        ;              ;         ; Row I/O    ;                 ; no       ; On           ;
; L7       ; 42         ; 1        ; RESERVED_INPUT_WITH_WEAK_PULLUP                           ;        ;              ;         ; Row I/O    ;                 ; no       ; On           ;
; L8       ; 40         ; 1        ; RESERVED_INPUT_WITH_WEAK_PULLUP                           ;        ;              ;         ; Row I/O    ;                 ; no       ; On           ;
; L9       ;            ;          ; GND                                                       ; gnd    ;              ;         ; --         ;                 ; --       ; --           ;
; L10      ;            ;          ; VCCINT                                                    ; power  ;              ; 1.2V    ; --         ;                 ; --       ; --           ;
; L11      ;            ;          ; GND                                                       ; gnd    ;              ;         ; --         ;                 ; --       ; --           ;
; L12      ;            ;          ; VCCINT                                                    ; power  ;              ; 1.2V    ; --         ;                 ; --       ; --           ;
; L13      ;            ;          ; GND                                                       ; gnd    ;              ;         ; --         ;                 ; --       ; --           ;
; L14      ;            ;          ; VCCINT                                                    ; power  ;              ; 1.2V    ; --         ;                 ; --       ; --           ;
; L15      ;            ;          ; GND                                                       ; gnd    ;              ;         ; --         ;                 ; --       ; --           ;
; L16      ;            ;          ; VCCINT                                                    ; power  ;              ; 1.2V    ; --         ;                 ; --       ; --           ;
; L17      ;            ;          ; GND                                                       ; gnd    ;              ;         ; --         ;                 ; --       ; --           ;
; L18      ;            ;          ; VCCINT                                                    ; power  ;              ; 1.2V    ; --         ;                 ; --       ; --           ;
; L19      ;            ;          ; GND                                                       ; gnd    ;              ;         ; --         ;                 ; --       ; --           ;
; L20      ;            ;          ; VCCINT                                                    ; power  ;              ; 1.2V    ; --         ;                 ; --       ; --           ;
; L21      ; 385        ; 6        ; RESERVED_INPUT_WITH_WEAK_PULLUP                           ;        ;              ;         ; Row I/O    ;                 ; no       ; On           ;
; L22      ; 384        ; 6        ; RESERVED_INPUT_WITH_WEAK_PULLUP                           ;        ;              ;         ; Row I/O    ;                 ; no       ; On           ;
; L23      ; 360        ; 6        ; RESERVED_INPUT_WITH_WEAK_PULLUP                           ;        ;              ;         ; Row I/O    ;                 ; no       ; On           ;
; L24      ; 359        ; 6        ; RESERVED_INPUT_WITH_WEAK_PULLUP                           ;        ;              ;         ; Row I/O    ;                 ; no       ; On           ;
; L25      ; 369        ; 6        ; RESERVED_INPUT_WITH_WEAK_PULLUP                           ;        ;              ;         ; Row I/O    ;                 ; no       ; On           ;
; L26      ; 363        ; 6        ; RESERVED_INPUT_WITH_WEAK_PULLUP                           ;        ;              ;         ; Row I/O    ;                 ; no       ; On           ;
; L27      ; 358        ; 6        ; RESERVED_INPUT_WITH_WEAK_PULLUP                           ;        ;              ;         ; Row I/O    ;                 ; no       ; On           ;
; L28      ; 357        ; 6        ; RESERVED_INPUT_WITH_WEAK_PULLUP                           ;        ;              ;         ; Row I/O    ;                 ; no       ; On           ;
; M1       ; 51         ; 1        ; RESERVED_INPUT_WITH_WEAK_PULLUP                           ;        ;              ;         ; Row I/O    ;                 ; no       ; On           ;
; M2       ; 50         ; 1        ; RESERVED_INPUT_WITH_WEAK_PULLUP                           ;        ;              ;         ; Row I/O    ;                 ; no       ; On           ;
; M3       ; 34         ; 1        ; RESERVED_INPUT_WITH_WEAK_PULLUP                           ;        ;              ;         ; Row I/O    ;                 ; no       ; On           ;
; M4       ; 33         ; 1        ; RESERVED_INPUT_WITH_WEAK_PULLUP                           ;        ;              ;         ; Row I/O    ;                 ; no       ; On           ;
; M5       ; 41         ; 1        ; PC[7]                                                     ; output ; 2.5 V        ;         ; Row I/O    ; N               ; no       ; Off          ;
; M6       ; 24         ; 1        ; ^nSTATUS                                                  ;        ;              ;         ; --         ;                 ; --       ; --           ;
; M7       ; 47         ; 1        ; RESERVED_INPUT_WITH_WEAK_PULLUP                           ;        ;              ;         ; Row I/O    ;                 ; no       ; On           ;
; M8       ; 46         ; 1        ; RESERVED_INPUT_WITH_WEAK_PULLUP                           ;        ;              ;         ; Row I/O    ;                 ; no       ; On           ;
; M9       ;            ;          ; VCCINT                                                    ; power  ;              ; 1.2V    ; --         ;                 ; --       ; --           ;
; M10      ;            ;          ; GND                                                       ; gnd    ;              ;         ; --         ;                 ; --       ; --           ;
; M11      ;            ;          ; VCCINT                                                    ; power  ;              ; 1.2V    ; --         ;                 ; --       ; --           ;
; M12      ;            ;          ; GND                                                       ; gnd    ;              ;         ; --         ;                 ; --       ; --           ;
; M13      ;            ;          ; VCCINT                                                    ; power  ;              ; 1.2V    ; --         ;                 ; --       ; --           ;
; M14      ;            ;          ; GND                                                       ; gnd    ;              ;         ; --         ;                 ; --       ; --           ;
; M15      ;            ;          ; VCCINT                                                    ; power  ;              ; 1.2V    ; --         ;                 ; --       ; --           ;
; M16      ;            ;          ; GND                                                       ; gnd    ;              ;         ; --         ;                 ; --       ; --           ;
; M17      ;            ;          ; VCCINT                                                    ; power  ;              ; 1.2V    ; --         ;                 ; --       ; --           ;
; M18      ;            ;          ; GND                                                       ; gnd    ;              ;         ; --         ;                 ; --       ; --           ;
; M19      ;            ;          ; VCCINT                                                    ; power  ;              ; 1.2V    ; --         ;                 ; --       ; --           ;
; M20      ;            ;          ; GND                                                       ; gnd    ;              ;         ; --         ;                 ; --       ; --           ;
; M21      ; 368        ; 6        ; KEY[1]                                                    ; input  ; 2.5 V        ;         ; Row I/O    ; Y               ; no       ; Off          ;
; M22      ; 342        ; 6        ; ^MSEL2                                                    ;        ;              ;         ; --         ;                 ; --       ; --           ;
; M23      ; 344        ; 6        ; rst_n                                                     ; input  ; 2.5 V        ;         ; Row I/O    ; Y               ; no       ; Off          ;
; M24      ; 347        ; 6        ; RESERVED_INPUT_WITH_WEAK_PULLUP                           ;        ;              ;         ; Row I/O    ;                 ; no       ; On           ;
; M25      ; 356        ; 6        ; RESERVED_INPUT_WITH_WEAK_PULLUP                           ;        ;              ;         ; Row I/O    ;                 ; no       ; On           ;
; M26      ; 355        ; 6        ; RESERVED_INPUT_WITH_WEAK_PULLUP                           ;        ;              ;         ; Row I/O    ;                 ; no       ; On           ;
; M27      ; 354        ; 6        ; RESERVED_INPUT_WITH_WEAK_PULLUP                           ;        ;              ;         ; Row I/O    ;                 ; no       ; On           ;
; M28      ; 353        ; 6        ; RESERVED_INPUT_WITH_WEAK_PULLUP                           ;        ;              ;         ; Row I/O    ;                 ; no       ; On           ;
; N1       ;            ; 1        ; VCCIO1                                                    ; power  ;              ; 2.5V    ; --         ;                 ; --       ; --           ;
; N2       ;            ;          ; GND                                                       ; gnd    ;              ;         ; --         ;                 ; --       ; --           ;
; N3       ; 45         ; 1        ; RESERVED_INPUT_WITH_WEAK_PULLUP                           ;        ;              ;         ; Row I/O    ;                 ; no       ; On           ;
; N4       ; 44         ; 1        ; RESERVED_INPUT_WITH_WEAK_PULLUP                           ;        ;              ;         ; Row I/O    ;                 ; no       ; On           ;
; N5       ;            ; 1        ; VCCIO1                                                    ; power  ;              ; 2.5V    ; --         ;                 ; --       ; --           ;
; N6       ;            ;          ; GND                                                       ; gnd    ;              ;         ; --         ;                 ; --       ; --           ;
; N7       ; 56         ; 1        ; ~ALTERA_DATA0~ / RESERVED_INPUT_WITH_WEAK_PULLUP          ; input  ; 2.5 V        ;         ; Row I/O    ; N               ; no       ; On           ;
; N8       ; 54         ; 1        ; RESERVED_INPUT_WITH_WEAK_PULLUP                           ;        ;              ;         ; Row I/O    ;                 ; no       ; On           ;
; N9       ;            ;          ; GND                                                       ; gnd    ;              ;         ; --         ;                 ; --       ; --           ;
; N10      ;            ;          ; VCCINT                                                    ; power  ;              ; 1.2V    ; --         ;                 ; --       ; --           ;
; N11      ;            ;          ; GND                                                       ; gnd    ;              ;         ; --         ;                 ; --       ; --           ;
; N12      ;            ;          ; VCCINT                                                    ; power  ;              ; 1.2V    ; --         ;                 ; --       ; --           ;
; N13      ;            ;          ; GND                                                       ; gnd    ;              ;         ; --         ;                 ; --       ; --           ;
; N14      ;            ;          ; VCCINT                                                    ; power  ;              ; 1.2V    ; --         ;                 ; --       ; --           ;
; N15      ;            ;          ; GND                                                       ; gnd    ;              ;         ; --         ;                 ; --       ; --           ;
; N16      ;            ;          ; VCCINT                                                    ; power  ;              ; 1.2V    ; --         ;                 ; --       ; --           ;
; N17      ;            ;          ; GND                                                       ; gnd    ;              ;         ; --         ;                 ; --       ; --           ;
; N18      ;            ;          ; VCCINT                                                    ; power  ;              ; 1.2V    ; --         ;                 ; --       ; --           ;
; N19      ;            ;          ; GND                                                       ; gnd    ;              ;         ; --         ;                 ; --       ; --           ;
; N20      ;            ;          ; VCCINT                                                    ; power  ;              ; 1.2V    ; --         ;                 ; --       ; --           ;
; N21      ; 348        ; 6        ; KEY[2]                                                    ; input  ; 2.5 V        ;         ; Row I/O    ; Y               ; no       ; Off          ;
; N22      ; 340        ; 6        ; ^MSEL0                                                    ;        ;              ;         ; --         ;                 ; --       ; --           ;
; N23      ;            ;          ; GND                                                       ; gnd    ;              ;         ; --         ;                 ; --       ; --           ;
; N24      ;            ; 6        ; VCCIO6                                                    ; power  ;              ; 2.5V    ; --         ;                 ; --       ; --           ;
; N25      ; 352        ; 6        ; RESERVED_INPUT_WITH_WEAK_PULLUP                           ;        ;              ;         ; Row I/O    ;                 ; no       ; On           ;
; N26      ; 351        ; 6        ; RESERVED_INPUT_WITH_WEAK_PULLUP                           ;        ;              ;         ; Row I/O    ;                 ; no       ; On           ;
; N27      ;            ;          ; GND                                                       ; gnd    ;              ;         ; --         ;                 ; --       ; --           ;
; N28      ;            ; 6        ; VCCIO6                                                    ; power  ;              ; 2.5V    ; --         ;                 ; --       ; --           ;
; P1       ; 53         ; 1        ; RESERVED_INPUT_WITH_WEAK_PULLUP                           ;        ;              ;         ; Row I/O    ;                 ; no       ; On           ;
; P2       ; 52         ; 1        ; PC[4]                                                     ; output ; 2.5 V        ;         ; Row I/O    ; N               ; no       ; Off          ;
; P3       ; 55         ; 1        ; ~ALTERA_DCLK~                                             ; output ; 2.5 V        ;         ; Row I/O    ; N               ; no       ; On           ;
; P4       ; 57         ; 1        ; ^nCONFIG                                                  ;        ;              ;         ; --         ;                 ; --       ; --           ;
; P5       ; 59         ; 1        ; #TCK                                                      ; input  ;              ;         ; --         ;                 ; --       ; --           ;
; P6       ; 61         ; 1        ; #TDO                                                      ; output ;              ;         ; --         ;                 ; --       ; --           ;
; P7       ; 58         ; 1        ; #TDI                                                      ; input  ;              ;         ; --         ;                 ; --       ; --           ;
; P8       ; 60         ; 1        ; #TMS                                                      ; input  ;              ;         ; --         ;                 ; --       ; --           ;
; P9       ;            ;          ; VCCINT                                                    ; power  ;              ; 1.2V    ; --         ;                 ; --       ; --           ;
; P10      ;            ;          ; GND                                                       ; gnd    ;              ;         ; --         ;                 ; --       ; --           ;
; P11      ;            ;          ; VCCINT                                                    ; power  ;              ; 1.2V    ; --         ;                 ; --       ; --           ;
; P12      ;            ;          ; GND                                                       ; gnd    ;              ;         ; --         ;                 ; --       ; --           ;
; P13      ;            ;          ; VCCINT                                                    ; power  ;              ; 1.2V    ; --         ;                 ; --       ; --           ;
; P14      ;            ;          ; GND                                                       ; gnd    ;              ;         ; --         ;                 ; --       ; --           ;
; P15      ;            ;          ; VCCINT                                                    ; power  ;              ; 1.2V    ; --         ;                 ; --       ; --           ;
; P16      ;            ;          ; GND                                                       ; gnd    ;              ;         ; --         ;                 ; --       ; --           ;
; P17      ;            ;          ; VCCINT                                                    ; power  ;              ; 1.2V    ; --         ;                 ; --       ; --           ;
; P18      ;            ;          ; GND                                                       ; gnd    ;              ;         ; --         ;                 ; --       ; --           ;
; P19      ;            ;          ; VCCINT                                                    ; power  ;              ; 1.2V    ; --         ;                 ; --       ; --           ;
; P20      ;            ;          ; GND                                                       ; gnd    ;              ;         ; --         ;                 ; --       ; --           ;
; P21      ; 334        ; 5        ; RESERVED_INPUT_WITH_WEAK_PULLUP                           ;        ;              ;         ; Row I/O    ;                 ; no       ; On           ;
; P22      ; 343        ; 6        ; ^MSEL3                                                    ;        ;              ;         ; --         ;                 ; --       ; --           ;
; P23      ; 341        ; 6        ; ^MSEL1                                                    ;        ;              ;         ; --         ;                 ; --       ; --           ;
; P24      ; 339        ; 6        ; ^CONF_DONE                                                ;        ;              ;         ; --         ;                 ; --       ; --           ;
; P25      ; 346        ; 6        ; RESERVED_INPUT_WITH_WEAK_PULLUP                           ;        ;              ;         ; Row I/O    ;                 ; no       ; On           ;
; P26      ; 345        ; 6        ; RESERVED_INPUT_WITH_WEAK_PULLUP                           ;        ;              ;         ; Row I/O    ;                 ; no       ; On           ;
; P27      ; 350        ; 6        ; RESERVED_INPUT_WITH_WEAK_PULLUP                           ;        ;              ;         ; Row I/O    ;                 ; no       ; On           ;
; P28      ; 349        ; 6        ; ~ALTERA_nCEO~ / RESERVED_OUTPUT_OPEN_DRAIN                ; output ; 2.5 V        ;         ; Row I/O    ; N               ; no       ; Off          ;
; R1       ; 68         ; 2        ; RESERVED_INPUT_WITH_WEAK_PULLUP                           ;        ;              ;         ; Row I/O    ;                 ; no       ; On           ;
; R2       ; 67         ; 2        ; RESERVED_INPUT_WITH_WEAK_PULLUP                           ;        ;              ;         ; Row I/O    ;                 ; no       ; On           ;
; R3       ; 73         ; 2        ; RESERVED_INPUT_WITH_WEAK_PULLUP                           ;        ;              ;         ; Row I/O    ;                 ; no       ; On           ;
; R4       ; 74         ; 2        ; RESERVED_INPUT_WITH_WEAK_PULLUP                           ;        ;              ;         ; Row I/O    ;                 ; no       ; On           ;
; R5       ; 77         ; 2        ; RESERVED_INPUT_WITH_WEAK_PULLUP                           ;        ;              ;         ; Row I/O    ;                 ; no       ; On           ;
; R6       ; 70         ; 2        ; RESERVED_INPUT_WITH_WEAK_PULLUP                           ;        ;              ;         ; Row I/O    ;                 ; no       ; On           ;
; R7       ; 69         ; 2        ; PC[5]                                                     ; output ; 2.5 V        ;         ; Row I/O    ; N               ; no       ; Off          ;
; R8       ; 62         ; 1        ; ^nCE                                                      ;        ;              ;         ; --         ;                 ; --       ; --           ;
; R9       ;            ;          ; GND                                                       ; gnd    ;              ;         ; --         ;                 ; --       ; --           ;
; R10      ;            ;          ; VCCINT                                                    ; power  ;              ; 1.2V    ; --         ;                 ; --       ; --           ;
; R11      ;            ;          ; GND                                                       ; gnd    ;              ;         ; --         ;                 ; --       ; --           ;
; R12      ;            ;          ; VCCINT                                                    ; power  ;              ; 1.2V    ; --         ;                 ; --       ; --           ;
; R13      ;            ;          ; GND                                                       ; gnd    ;              ;         ; --         ;                 ; --       ; --           ;
; R14      ;            ;          ; VCCINT                                                    ; power  ;              ; 1.2V    ; --         ;                 ; --       ; --           ;
; R15      ;            ;          ; GND                                                       ; gnd    ;              ;         ; --         ;                 ; --       ; --           ;
; R16      ;            ;          ; VCCINT                                                    ; power  ;              ; 1.2V    ; --         ;                 ; --       ; --           ;
; R17      ;            ;          ; GND                                                       ; gnd    ;              ;         ; --         ;                 ; --       ; --           ;
; R18      ;            ;          ; VCCINT                                                    ; power  ;              ; 1.2V    ; --         ;                 ; --       ; --           ;
; R19      ;            ;          ; GND                                                       ; gnd    ;              ;         ; --         ;                 ; --       ; --           ;
; R20      ;            ;          ; VCCINT                                                    ; power  ;              ; 1.2V    ; --         ;                 ; --       ; --           ;
; R21      ; 333        ; 5        ; RESERVED_INPUT_WITH_WEAK_PULLUP                           ;        ;              ;         ; Row I/O    ;                 ; no       ; On           ;
; R22      ; 332        ; 5        ; RESERVED_INPUT_WITH_WEAK_PULLUP                           ;        ;              ;         ; Row I/O    ;                 ; no       ; On           ;
; R23      ; 331        ; 5        ; RESERVED_INPUT_WITH_WEAK_PULLUP                           ;        ;              ;         ; Row I/O    ;                 ; no       ; On           ;
; R24      ; 330        ; 5        ; KEY[3]                                                    ; input  ; 2.5 V        ;         ; Row I/O    ; Y               ; no       ; Off          ;
; R25      ; 327        ; 5        ; RESERVED_INPUT_WITH_WEAK_PULLUP                           ;        ;              ;         ; Row I/O    ;                 ; no       ; On           ;
; R26      ; 326        ; 5        ; RESERVED_INPUT_WITH_WEAK_PULLUP                           ;        ;              ;         ; Row I/O    ;                 ; no       ; On           ;
; R27      ; 329        ; 5        ; RESERVED_INPUT_WITH_WEAK_PULLUP                           ;        ;              ;         ; Row I/O    ;                 ; no       ; On           ;
; R28      ; 328        ; 5        ; RESERVED_INPUT_WITH_WEAK_PULLUP                           ;        ;              ;         ; Row I/O    ;                 ; no       ; On           ;
; T1       ;            ; 2        ; VCCIO2                                                    ; power  ;              ; 2.5V    ; --         ;                 ; --       ; --           ;
; T2       ;            ;          ; GND                                                       ; gnd    ;              ;         ; --         ;                 ; --       ; --           ;
; T3       ; 76         ; 2        ; RESERVED_INPUT_WITH_WEAK_PULLUP                           ;        ;              ;         ; Row I/O    ;                 ; no       ; On           ;
; T4       ; 75         ; 2        ; RESERVED_INPUT_WITH_WEAK_PULLUP                           ;        ;              ;         ; Row I/O    ;                 ; no       ; On           ;
; T5       ;            ; 2        ; VCCIO2                                                    ; power  ;              ; 2.5V    ; --         ;                 ; --       ; --           ;
; T6       ;            ;          ; GND                                                       ; gnd    ;              ;         ; --         ;                 ; --       ; --           ;
; T7       ; 78         ; 2        ; RESERVED_INPUT_WITH_WEAK_PULLUP                           ;        ;              ;         ; Row I/O    ;                 ; --       ; --           ;
; T8       ; 100        ; 2        ; RESERVED_INPUT_WITH_WEAK_PULLUP                           ;        ;              ;         ; Row I/O    ;                 ; --       ; --           ;
; T9       ;            ;          ; VCCINT                                                    ; power  ;              ; 1.2V    ; --         ;                 ; --       ; --           ;
; T10      ;            ;          ; GND                                                       ; gnd    ;              ;         ; --         ;                 ; --       ; --           ;
; T11      ;            ;          ; VCCINT                                                    ; power  ;              ; 1.2V    ; --         ;                 ; --       ; --           ;
; T12      ;            ;          ; GND                                                       ; gnd    ;              ;         ; --         ;                 ; --       ; --           ;
; T13      ;            ;          ; VCCINT                                                    ; power  ;              ; 1.2V    ; --         ;                 ; --       ; --           ;
; T14      ;            ;          ; GND                                                       ; gnd    ;              ;         ; --         ;                 ; --       ; --           ;
; T15      ;            ;          ; VCCINT                                                    ; power  ;              ; 1.2V    ; --         ;                 ; --       ; --           ;
; T16      ;            ;          ; GND                                                       ; gnd    ;              ;         ; --         ;                 ; --       ; --           ;
; T17      ;            ;          ; VCCINT                                                    ; power  ;              ; 1.2V    ; --         ;                 ; --       ; --           ;
; T18      ;            ;          ; GND                                                       ; gnd    ;              ;         ; --         ;                 ; --       ; --           ;
; T19      ;            ;          ; VCCINT                                                    ; power  ;              ; 1.2V    ; --         ;                 ; --       ; --           ;
; T20      ;            ;          ; GND                                                       ; gnd    ;              ;         ; --         ;                 ; --       ; --           ;
; T21      ; 325        ; 5        ; RESERVED_INPUT_WITH_WEAK_PULLUP                           ;        ;              ;         ; Row I/O    ;                 ; no       ; On           ;
; T22      ; 324        ; 5        ; RESERVED_INPUT_WITH_WEAK_PULLUP                           ;        ;              ;         ; Row I/O    ;                 ; no       ; On           ;
; T23      ;            ;          ; GND                                                       ; gnd    ;              ;         ; --         ;                 ; --       ; --           ;
; T24      ;            ; 5        ; VCCIO5                                                    ; power  ;              ; 2.5V    ; --         ;                 ; --       ; --           ;
; T25      ; 323        ; 5        ; RESERVED_INPUT_WITH_WEAK_PULLUP                           ;        ;              ;         ; Row I/O    ;                 ; no       ; On           ;
; T26      ; 322        ; 5        ; RESERVED_INPUT_WITH_WEAK_PULLUP                           ;        ;              ;         ; Row I/O    ;                 ; no       ; On           ;
; T27      ;            ;          ; GND                                                       ; gnd    ;              ;         ; --         ;                 ; --       ; --           ;
; T28      ;            ; 5        ; VCCIO5                                                    ; power  ;              ; 2.5V    ; --         ;                 ; --       ; --           ;
; U1       ; 80         ; 2        ; RESERVED_INPUT_WITH_WEAK_PULLUP                           ;        ;              ;         ; Row I/O    ;                 ; no       ; On           ;
; U2       ; 79         ; 2        ; RESERVED_INPUT_WITH_WEAK_PULLUP                           ;        ;              ;         ; Row I/O    ;                 ; no       ; On           ;
; U3       ; 71         ; 2        ; RESERVED_INPUT_WITH_WEAK_PULLUP                           ;        ;              ;         ; Row I/O    ;                 ; no       ; On           ;
; U4       ; 72         ; 2        ; RESERVED_INPUT_WITH_WEAK_PULLUP                           ;        ;              ;         ; Row I/O    ;                 ; no       ; On           ;
; U5       ; 90         ; 2        ; RESERVED_INPUT_WITH_WEAK_PULLUP                           ;        ;              ;         ; Row I/O    ;                 ; no       ; On           ;
; U6       ; 89         ; 2        ; RESERVED_INPUT_WITH_WEAK_PULLUP                           ;        ;              ;         ; Row I/O    ;                 ; no       ; On           ;
; U7       ; 103        ; 2        ; RESERVED_INPUT_WITH_WEAK_PULLUP                           ;        ;              ;         ; Row I/O    ;                 ; no       ; On           ;
; U8       ; 104        ; 2        ; RESERVED_INPUT_WITH_WEAK_PULLUP                           ;        ;              ;         ; Row I/O    ;                 ; no       ; On           ;
; U9       ;            ;          ; GND                                                       ; gnd    ;              ;         ; --         ;                 ; --       ; --           ;
; U10      ;            ;          ; VCCINT                                                    ; power  ;              ; 1.2V    ; --         ;                 ; --       ; --           ;
; U11      ;            ;          ; GND                                                       ; gnd    ;              ;         ; --         ;                 ; --       ; --           ;
; U12      ;            ;          ; VCCINT                                                    ; power  ;              ; 1.2V    ; --         ;                 ; --       ; --           ;
; U13      ;            ;          ; GND                                                       ; gnd    ;              ;         ; --         ;                 ; --       ; --           ;
; U14      ;            ;          ; VCCINT                                                    ; power  ;              ; 1.2V    ; --         ;                 ; --       ; --           ;
; U15      ;            ;          ; GND                                                       ; gnd    ;              ;         ; --         ;                 ; --       ; --           ;
; U16      ;            ;          ; VCCINT                                                    ; power  ;              ; 1.2V    ; --         ;                 ; --       ; --           ;
; U17      ;            ;          ; GND                                                       ; gnd    ;              ;         ; --         ;                 ; --       ; --           ;
; U18      ;            ;          ; VCCINT                                                    ; power  ;              ; 1.2V    ; --         ;                 ; --       ; --           ;
; U19      ;            ;          ; GND                                                       ; gnd    ;              ;         ; --         ;                 ; --       ; --           ;
; U20      ;            ;          ; VCCINT                                                    ; power  ;              ; 1.2V    ; --         ;                 ; --       ; --           ;
; U21      ; 319        ; 5        ; RESERVED_INPUT_WITH_WEAK_PULLUP                           ;        ;              ;         ; Row I/O    ;                 ; no       ; On           ;
; U22      ; 313        ; 5        ; RESERVED_INPUT_WITH_WEAK_PULLUP                           ;        ;              ;         ; Row I/O    ;                 ; no       ; On           ;
; U23      ; 305        ; 5        ; RESERVED_INPUT_WITH_WEAK_PULLUP                           ;        ;              ;         ; Row I/O    ;                 ; --       ; --           ;
; U24      ; 316        ; 5        ; RESERVED_INPUT_WITH_WEAK_PULLUP                           ;        ;              ;         ; Row I/O    ;                 ; --       ; --           ;
; U25      ; 315        ; 5        ; RESERVED_INPUT_WITH_WEAK_PULLUP                           ;        ;              ;         ; Row I/O    ;                 ; no       ; On           ;
; U26      ; 314        ; 5        ; RESERVED_INPUT_WITH_WEAK_PULLUP                           ;        ;              ;         ; Row I/O    ;                 ; no       ; On           ;
; U27      ; 318        ; 5        ; RESERVED_INPUT_WITH_WEAK_PULLUP                           ;        ;              ;         ; Row I/O    ;                 ; no       ; On           ;
; U28      ; 317        ; 5        ; RESERVED_INPUT_WITH_WEAK_PULLUP                           ;        ;              ;         ; Row I/O    ;                 ; no       ; On           ;
; V1       ; 84         ; 2        ; RESERVED_INPUT_WITH_WEAK_PULLUP                           ;        ;              ;         ; Row I/O    ;                 ; no       ; On           ;
; V2       ; 83         ; 2        ; RESERVED_INPUT_WITH_WEAK_PULLUP                           ;        ;              ;         ; Row I/O    ;                 ; no       ; On           ;
; V3       ; 82         ; 2        ; RESERVED_INPUT_WITH_WEAK_PULLUP                           ;        ;              ;         ; Row I/O    ;                 ; no       ; On           ;
; V4       ; 81         ; 2        ; RESERVED_INPUT_WITH_WEAK_PULLUP                           ;        ;              ;         ; Row I/O    ;                 ; no       ; On           ;
; V5       ; 108        ; 2        ; RESERVED_INPUT_WITH_WEAK_PULLUP                           ;        ;              ;         ; Row I/O    ;                 ; no       ; On           ;
; V6       ; 107        ; 2        ; RESERVED_INPUT_WITH_WEAK_PULLUP                           ;        ;              ;         ; Row I/O    ;                 ; no       ; On           ;
; V7       ; 110        ; 2        ; RESERVED_INPUT_WITH_WEAK_PULLUP                           ;        ;              ;         ; Row I/O    ;                 ; no       ; On           ;
; V8       ; 109        ; 2        ; RESERVED_INPUT_WITH_WEAK_PULLUP                           ;        ;              ;         ; Row I/O    ;                 ; no       ; On           ;
; V9       ;            ;          ; VCCINT                                                    ; power  ;              ; 1.2V    ; --         ;                 ; --       ; --           ;
; V10      ;            ;          ; GND                                                       ; gnd    ;              ;         ; --         ;                 ; --       ; --           ;
; V11      ;            ;          ; VCCINT                                                    ; power  ;              ; 1.2V    ; --         ;                 ; --       ; --           ;
; V12      ;            ;          ; GND                                                       ; gnd    ;              ;         ; --         ;                 ; --       ; --           ;
; V13      ;            ;          ; VCCINT                                                    ; power  ;              ; 1.2V    ; --         ;                 ; --       ; --           ;
; V14      ;            ;          ; GND                                                       ; gnd    ;              ;         ; --         ;                 ; --       ; --           ;
; V15      ;            ;          ; VCCINT                                                    ; power  ;              ; 1.2V    ; --         ;                 ; --       ; --           ;
; V16      ;            ;          ; GND                                                       ; gnd    ;              ;         ; --         ;                 ; --       ; --           ;
; V17      ;            ;          ; VCCINT                                                    ; power  ;              ; 1.2V    ; --         ;                 ; --       ; --           ;
; V18      ;            ;          ; GND                                                       ; gnd    ;              ;         ; --         ;                 ; --       ; --           ;
; V19      ;            ;          ; VCCINT                                                    ; power  ;              ; 1.2V    ; --         ;                 ; --       ; --           ;
; V20      ;            ;          ; GND                                                       ; gnd    ;              ;         ; --         ;                 ; --       ; --           ;
; V21      ; 311        ; 5        ; RESERVED_INPUT_WITH_WEAK_PULLUP                           ;        ;              ;         ; Row I/O    ;                 ; no       ; On           ;
; V22      ; 312        ; 5        ; RESERVED_INPUT_WITH_WEAK_PULLUP                           ;        ;              ;         ; Row I/O    ;                 ; no       ; On           ;
; V23      ; 309        ; 5        ; RESERVED_INPUT_WITH_WEAK_PULLUP                           ;        ;              ;         ; Row I/O    ;                 ; no       ; On           ;
; V24      ; 308        ; 5        ; RESERVED_INPUT_WITH_WEAK_PULLUP                           ;        ;              ;         ; Row I/O    ;                 ; no       ; On           ;
; V25      ; 307        ; 5        ; RESERVED_INPUT_WITH_WEAK_PULLUP                           ;        ;              ;         ; Row I/O    ;                 ; no       ; On           ;
; V26      ; 306        ; 5        ; RESERVED_INPUT_WITH_WEAK_PULLUP                           ;        ;              ;         ; Row I/O    ;                 ; no       ; On           ;
; V27      ; 304        ; 5        ; RESERVED_INPUT_WITH_WEAK_PULLUP                           ;        ;              ;         ; Row I/O    ;                 ; no       ; On           ;
; V28      ; 303        ; 5        ; RESERVED_INPUT_WITH_WEAK_PULLUP                           ;        ;              ;         ; Row I/O    ;                 ; no       ; On           ;
; W1       ; 88         ; 2        ; RESERVED_INPUT_WITH_WEAK_PULLUP                           ;        ;              ;         ; Row I/O    ;                 ; no       ; On           ;
; W2       ; 87         ; 2        ; RESERVED_INPUT_WITH_WEAK_PULLUP                           ;        ;              ;         ; Row I/O    ;                 ; no       ; On           ;
; W3       ; 112        ; 2        ; RESERVED_INPUT_WITH_WEAK_PULLUP                           ;        ;              ;         ; Row I/O    ;                 ; no       ; On           ;
; W4       ; 111        ; 2        ; RESERVED_INPUT_WITH_WEAK_PULLUP                           ;        ;              ;         ; Row I/O    ;                 ; no       ; On           ;
; W5       ;            ; 2        ; VCCIO2                                                    ; power  ;              ; 2.5V    ; --         ;                 ; --       ; --           ;
; W6       ;            ;          ; GND                                                       ; gnd    ;              ;         ; --         ;                 ; --       ; --           ;
; W7       ; 115        ; 2        ; RESERVED_INPUT_WITH_WEAK_PULLUP                           ;        ;              ;         ; Row I/O    ;                 ; no       ; On           ;
; W8       ; 116        ; 2        ; RESERVED_INPUT_WITH_WEAK_PULLUP                           ;        ;              ;         ; Row I/O    ;                 ; no       ; On           ;
; W9       ;            ;          ; GND                                                       ; gnd    ;              ;         ; --         ;                 ; --       ; --           ;
; W10      ;            ;          ; VCCINT                                                    ; power  ;              ; 1.2V    ; --         ;                 ; --       ; --           ;
; W11      ;            ;          ; GND                                                       ; gnd    ;              ;         ; --         ;                 ; --       ; --           ;
; W12      ;            ;          ; VCCINT                                                    ; power  ;              ; 1.2V    ; --         ;                 ; --       ; --           ;
; W13      ;            ;          ; GND                                                       ; gnd    ;              ;         ; --         ;                 ; --       ; --           ;
; W14      ;            ;          ; VCCINT                                                    ; power  ;              ; 1.2V    ; --         ;                 ; --       ; --           ;
; W15      ;            ;          ; GND                                                       ; gnd    ;              ;         ; --         ;                 ; --       ; --           ;
; W16      ;            ;          ; VCCINT                                                    ; power  ;              ; 1.2V    ; --         ;                 ; --       ; --           ;
; W17      ;            ;          ; GND                                                       ; gnd    ;              ;         ; --         ;                 ; --       ; --           ;
; W18      ;            ;          ; VCCINT                                                    ; power  ;              ; 1.2V    ; --         ;                 ; --       ; --           ;
; W19      ;            ;          ; GND                                                       ; gnd    ;              ;         ; --         ;                 ; --       ; --           ;
; W20      ;            ;          ; VCCINT                                                    ; power  ;              ; 1.2V    ; --         ;                 ; --       ; --           ;
; W21      ; 310        ; 5        ; RESERVED_INPUT_WITH_WEAK_PULLUP                           ;        ;              ;         ; Row I/O    ;                 ; no       ; On           ;
; W22      ; 321        ; 5        ; RESERVED_INPUT_WITH_WEAK_PULLUP                           ;        ;              ;         ; Row I/O    ;                 ; no       ; On           ;
; W23      ;            ;          ; GND                                                       ; gnd    ;              ;         ; --         ;                 ; --       ; --           ;
; W24      ;            ; 5        ; VCCIO5                                                    ; power  ;              ; 2.5V    ; --         ;                 ; --       ; --           ;
; W25      ; 300        ; 5        ; RESERVED_INPUT_WITH_WEAK_PULLUP                           ;        ;              ;         ; Row I/O    ;                 ; no       ; On           ;
; W26      ; 299        ; 5        ; RESERVED_INPUT_WITH_WEAK_PULLUP                           ;        ;              ;         ; Row I/O    ;                 ; no       ; On           ;
; W27      ; 301        ; 5        ; RESERVED_INPUT_WITH_WEAK_PULLUP                           ;        ;              ;         ; Row I/O    ;                 ; no       ; On           ;
; W28      ; 302        ; 5        ; RESERVED_INPUT_WITH_WEAK_PULLUP                           ;        ;              ;         ; Row I/O    ;                 ; no       ; On           ;
; Y1       ; 66         ; 2        ; GND+                                                      ;        ;              ;         ; Row I/O    ;                 ; --       ; --           ;
; Y2       ; 65         ; 2        ; clk                                                       ; input  ; 2.5 V        ;         ; Row I/O    ; Y               ; no       ; Off          ;
; Y3       ; 92         ; 2        ; RESERVED_INPUT_WITH_WEAK_PULLUP                           ;        ;              ;         ; Row I/O    ;                 ; no       ; On           ;
; Y4       ; 91         ; 2        ; RESERVED_INPUT_WITH_WEAK_PULLUP                           ;        ;              ;         ; Row I/O    ;                 ; no       ; On           ;
; Y5       ; 114        ; 2        ; RESERVED_INPUT_WITH_WEAK_PULLUP                           ;        ;              ;         ; Row I/O    ;                 ; no       ; On           ;
; Y6       ; 113        ; 2        ; RESERVED_INPUT_WITH_WEAK_PULLUP                           ;        ;              ;         ; Row I/O    ;                 ; no       ; On           ;
; Y7       ; 117        ; 2        ; RESERVED_INPUT_WITH_WEAK_PULLUP                           ;        ;              ;         ; Row I/O    ;                 ; no       ; On           ;
; Y8       ;            ; --       ; VCCA1                                                     ; power  ;              ; 2.5V    ; --         ;                 ; --       ; --           ;
; Y9       ;            ;          ; VCCD_PLL1                                                 ; power  ;              ; 1.2V    ; --         ;                 ; --       ; --           ;
; Y10      ; 140        ; 3        ; RESERVED_INPUT_WITH_WEAK_PULLUP                           ;        ;              ;         ; Column I/O ;                 ; --       ; --           ;
; Y11      ;            ;          ; GND                                                       ; gnd    ;              ;         ; --         ;                 ; --       ; --           ;
; Y12      ; 187        ; 3        ; PC[10]                                                    ; output ; 2.5 V        ;         ; Column I/O ; N               ; no       ; Off          ;
; Y13      ; 189        ; 3        ; PC[30]                                                    ; output ; 2.5 V        ;         ; Column I/O ; N               ; no       ; Off          ;
; Y14      ; 197        ; 3        ; RESERVED_INPUT_WITH_WEAK_PULLUP                           ;        ;              ;         ; Column I/O ;                 ; no       ; On           ;
; Y15      ; 198        ; 3        ; RESERVED_INPUT_WITH_WEAK_PULLUP                           ;        ;              ;         ; Column I/O ;                 ; no       ; On           ;
; Y16      ; 250        ; 4        ; RESERVED_INPUT_WITH_WEAK_PULLUP                           ;        ;              ;         ; Column I/O ;                 ; no       ; On           ;
; Y17      ; 249        ; 4        ; RESERVED_INPUT_WITH_WEAK_PULLUP                           ;        ;              ;         ; Column I/O ;                 ; no       ; On           ;
; Y18      ;            ;          ; GND                                                       ; gnd    ;              ;         ; --         ;                 ; --       ; --           ;
; Y19      ; 263        ; 4        ; RESERVED_INPUT_WITH_WEAK_PULLUP                           ;        ;              ;         ; Column I/O ;                 ; no       ; On           ;
; Y20      ;            ;          ; VCCD_PLL4                                                 ; power  ;              ; 1.2V    ; --         ;                 ; --       ; --           ;
; Y21      ;            ; --       ; VCCA4                                                     ; power  ;              ; 2.5V    ; --         ;                 ; --       ; --           ;
; Y22      ; 320        ; 5        ; RESERVED_INPUT_WITH_WEAK_PULLUP                           ;        ;              ;         ; Row I/O    ;                 ; no       ; On           ;
; Y23      ; 288        ; 5        ; RESERVED_INPUT_WITH_WEAK_PULLUP                           ;        ;              ;         ; Row I/O    ;                 ; no       ; On           ;
; Y24      ; 287        ; 5        ; RESERVED_INPUT_WITH_WEAK_PULLUP                           ;        ;              ;         ; Row I/O    ;                 ; no       ; On           ;
; Y25      ; 298        ; 5        ; RESERVED_INPUT_WITH_WEAK_PULLUP                           ;        ;              ;         ; Row I/O    ;                 ; no       ; On           ;
; Y26      ; 297        ; 5        ; RESERVED_INPUT_WITH_WEAK_PULLUP                           ;        ;              ;         ; Row I/O    ;                 ; no       ; On           ;
; Y27      ; 336        ; 5        ; GND+                                                      ;        ;              ;         ; Row I/O    ;                 ; --       ; --           ;
; Y28      ; 335        ; 5        ; GND+                                                      ;        ;              ;         ; Row I/O    ;                 ; --       ; --           ;
+----------+------------+----------+-----------------------------------------------------------+--------+--------------+---------+------------+-----------------+----------+--------------+
Note: Pin directions (input, output or bidir) are based on device operating in user mode.


+-----------------------------------------------------------------------------------------------------------------+
; PLL Summary                                                                                                     ;
+-------------------------------+---------------------------------------------------------------------------------+
; Name                          ; pll_10mhz:pll_inst|altpll:altpll_component|pll_10mhz_altpll:auto_generated|pll1 ;
+-------------------------------+---------------------------------------------------------------------------------+
; SDC pin name                  ; pll_inst|altpll_component|auto_generated|pll1                                   ;
; PLL mode                      ; Normal                                                                          ;
; Compensate clock              ; clock0                                                                          ;
; Compensated input/output pins ; --                                                                              ;
; Switchover type               ; --                                                                              ;
; Input frequency 0             ; 50.0 MHz                                                                        ;
; Input frequency 1             ; --                                                                              ;
; Nominal PFD frequency         ; 50.0 MHz                                                                        ;
; Nominal VCO frequency         ; 600.0 MHz                                                                       ;
; VCO post scale K counter      ; 2                                                                               ;
; VCO frequency control         ; Auto                                                                            ;
; VCO phase shift step          ; 208 ps                                                                          ;
; VCO multiply                  ; --                                                                              ;
; VCO divide                    ; --                                                                              ;
; Freq min lock                 ; 25.0 MHz                                                                        ;
; Freq max lock                 ; 54.18 MHz                                                                       ;
; M VCO Tap                     ; 0                                                                               ;
; M Initial                     ; 1                                                                               ;
; M value                       ; 12                                                                              ;
; N value                       ; 1                                                                               ;
; Charge pump current           ; setting 1                                                                       ;
; Loop filter resistance        ; setting 27                                                                      ;
; Loop filter capacitance       ; setting 0                                                                       ;
; Bandwidth                     ; 680 kHz to 980 kHz                                                              ;
; Bandwidth type                ; Medium                                                                          ;
; Real time reconfigurable      ; Off                                                                             ;
; Scan chain MIF file           ; --                                                                              ;
; Preserve PLL counter order    ; Off                                                                             ;
; PLL location                  ; PLL_1                                                                           ;
; Inclk0 signal                 ; clk                                                                             ;
; Inclk1 signal                 ; --                                                                              ;
; Inclk0 signal type            ; Dedicated Pin                                                                   ;
; Inclk1 signal type            ; --                                                                              ;
+-------------------------------+---------------------------------------------------------------------------------+


+----------------------------------------------------------------------------------------------------------------------------------------------------------------------------------------------------------------------------------------------------------------------------------------------------------------------------+
; PLL Usage                                                                                                                                                                                                                                                                                                                  ;
+---------------------------------------------------------------------------------------------+--------------+------+-----+------------------+-------------+------------------+------------+---------+---------------+------------+---------------+---------+---------+------------------------------------------------------+
; Name                                                                                        ; Output Clock ; Mult ; Div ; Output Frequency ; Phase Shift ; Phase Shift Step ; Duty Cycle ; Counter ; Counter Value ; High / Low ; Cascade Input ; Initial ; VCO Tap ; SDC Pin Name                                         ;
+---------------------------------------------------------------------------------------------+--------------+------+-----+------------------+-------------+------------------+------------+---------+---------------+------------+---------------+---------+---------+------------------------------------------------------+
; pll_10mhz:pll_inst|altpll:altpll_component|pll_10mhz_altpll:auto_generated|wire_pll1_clk[0] ; clock0       ; 1    ; 5   ; 10.0 MHz         ; 0 (0 ps)    ; 0.75 (208 ps)    ; 50/50      ; C0      ; 60            ; 30/30 Even ; --            ; 1       ; 0       ; pll_inst|altpll_component|auto_generated|pll1|clk[0] ;
+---------------------------------------------------------------------------------------------+--------------+------+-----+------------------+-------------+------------------+------------+---------+---------------+------------+---------------+---------+---------+------------------------------------------------------+


+------------------------------------------+
; I/O Assignment Warnings                  ;
+----------+-------------------------------+
; Pin Name ; Reason                        ;
+----------+-------------------------------+
; PC[0]    ; Incomplete set of assignments ;
; PC[1]    ; Incomplete set of assignments ;
; PC[2]    ; Incomplete set of assignments ;
; PC[3]    ; Incomplete set of assignments ;
; PC[4]    ; Incomplete set of assignments ;
; PC[5]    ; Incomplete set of assignments ;
; PC[6]    ; Incomplete set of assignments ;
; PC[7]    ; Incomplete set of assignments ;
; PC[8]    ; Incomplete set of assignments ;
; PC[9]    ; Incomplete set of assignments ;
; PC[10]   ; Incomplete set of assignments ;
; PC[11]   ; Incomplete set of assignments ;
; PC[12]   ; Incomplete set of assignments ;
; PC[13]   ; Incomplete set of assignments ;
; PC[14]   ; Incomplete set of assignments ;
; PC[15]   ; Incomplete set of assignments ;
; PC[16]   ; Incomplete set of assignments ;
; PC[17]   ; Incomplete set of assignments ;
; PC[18]   ; Incomplete set of assignments ;
; PC[19]   ; Incomplete set of assignments ;
; PC[20]   ; Incomplete set of assignments ;
; PC[21]   ; Incomplete set of assignments ;
; PC[22]   ; Incomplete set of assignments ;
; PC[23]   ; Incomplete set of assignments ;
; PC[24]   ; Incomplete set of assignments ;
; PC[25]   ; Incomplete set of assignments ;
; PC[26]   ; Incomplete set of assignments ;
; PC[27]   ; Incomplete set of assignments ;
; PC[28]   ; Incomplete set of assignments ;
; PC[29]   ; Incomplete set of assignments ;
; PC[30]   ; Incomplete set of assignments ;
; PC[31]   ; Incomplete set of assignments ;
; LEDR[0]  ; Incomplete set of assignments ;
; LEDR[1]  ; Incomplete set of assignments ;
; LEDR[2]  ; Incomplete set of assignments ;
; LEDR[3]  ; Incomplete set of assignments ;
; LEDR[4]  ; Incomplete set of assignments ;
; LEDR[5]  ; Incomplete set of assignments ;
; LEDR[6]  ; Incomplete set of assignments ;
; LEDR[7]  ; Incomplete set of assignments ;
; LEDR[8]  ; Incomplete set of assignments ;
; LEDR[9]  ; Incomplete set of assignments ;
; LEDR[10] ; Incomplete set of assignments ;
; LEDR[11] ; Incomplete set of assignments ;
; LEDR[12] ; Incomplete set of assignments ;
; LEDR[13] ; Incomplete set of assignments ;
; LEDR[14] ; Incomplete set of assignments ;
; LEDR[15] ; Incomplete set of assignments ;
; LEDR[16] ; Incomplete set of assignments ;
; LEDR[17] ; Incomplete set of assignments ;
; LEDG[0]  ; Incomplete set of assignments ;
; LEDG[1]  ; Incomplete set of assignments ;
; LEDG[2]  ; Incomplete set of assignments ;
; LEDG[3]  ; Incomplete set of assignments ;
; LEDG[4]  ; Incomplete set of assignments ;
; LEDG[5]  ; Incomplete set of assignments ;
; LEDG[6]  ; Incomplete set of assignments ;
; LEDG[7]  ; Incomplete set of assignments ;
; LEDG[8]  ; Incomplete set of assignments ;
; rst_n    ; Incomplete set of assignments ;
; clk      ; Incomplete set of assignments ;
; SW[17]   ; Incomplete set of assignments ;
; SW[16]   ; Incomplete set of assignments ;
; SW[15]   ; Incomplete set of assignments ;
; SW[14]   ; Incomplete set of assignments ;
; SW[13]   ; Incomplete set of assignments ;
; SW[12]   ; Incomplete set of assignments ;
; SW[11]   ; Incomplete set of assignments ;
; SW[10]   ; Incomplete set of assignments ;
; SW[9]    ; Incomplete set of assignments ;
; SW[8]    ; Incomplete set of assignments ;
; SW[7]    ; Incomplete set of assignments ;
; SW[6]    ; Incomplete set of assignments ;
; SW[5]    ; Incomplete set of assignments ;
; SW[4]    ; Incomplete set of assignments ;
; SW[3]    ; Incomplete set of assignments ;
; KEY[3]   ; Incomplete set of assignments ;
; SW[2]    ; Incomplete set of assignments ;
; KEY[2]   ; Incomplete set of assignments ;
; SW[1]    ; Incomplete set of assignments ;
; KEY[1]   ; Incomplete set of assignments ;
; SW[0]    ; Incomplete set of assignments ;
; PC[0]    ; Missing location assignment   ;
; PC[1]    ; Missing location assignment   ;
; PC[2]    ; Missing location assignment   ;
; PC[3]    ; Missing location assignment   ;
; PC[4]    ; Missing location assignment   ;
; PC[5]    ; Missing location assignment   ;
; PC[6]    ; Missing location assignment   ;
; PC[7]    ; Missing location assignment   ;
; PC[8]    ; Missing location assignment   ;
; PC[9]    ; Missing location assignment   ;
; PC[10]   ; Missing location assignment   ;
; PC[11]   ; Missing location assignment   ;
; PC[12]   ; Missing location assignment   ;
; PC[13]   ; Missing location assignment   ;
; PC[14]   ; Missing location assignment   ;
; PC[15]   ; Missing location assignment   ;
; PC[16]   ; Missing location assignment   ;
; PC[17]   ; Missing location assignment   ;
; PC[18]   ; Missing location assignment   ;
; PC[19]   ; Missing location assignment   ;
; PC[20]   ; Missing location assignment   ;
; PC[21]   ; Missing location assignment   ;
; PC[22]   ; Missing location assignment   ;
; PC[23]   ; Missing location assignment   ;
; PC[24]   ; Missing location assignment   ;
; PC[25]   ; Missing location assignment   ;
; PC[26]   ; Missing location assignment   ;
; PC[27]   ; Missing location assignment   ;
; PC[28]   ; Missing location assignment   ;
; PC[29]   ; Missing location assignment   ;
; PC[30]   ; Missing location assignment   ;
; PC[31]   ; Missing location assignment   ;
; LEDR[0]  ; Missing location assignment   ;
; LEDR[1]  ; Missing location assignment   ;
; LEDR[2]  ; Missing location assignment   ;
; LEDR[3]  ; Missing location assignment   ;
; LEDR[4]  ; Missing location assignment   ;
; LEDR[5]  ; Missing location assignment   ;
; LEDR[6]  ; Missing location assignment   ;
; LEDR[7]  ; Missing location assignment   ;
; LEDR[8]  ; Missing location assignment   ;
; LEDR[9]  ; Missing location assignment   ;
; LEDR[10] ; Missing location assignment   ;
; LEDR[11] ; Missing location assignment   ;
; LEDR[12] ; Missing location assignment   ;
; LEDR[13] ; Missing location assignment   ;
; LEDR[14] ; Missing location assignment   ;
; LEDR[15] ; Missing location assignment   ;
; LEDR[16] ; Missing location assignment   ;
; LEDR[17] ; Missing location assignment   ;
; SW[17]   ; Missing location assignment   ;
; SW[16]   ; Missing location assignment   ;
; SW[15]   ; Missing location assignment   ;
; SW[14]   ; Missing location assignment   ;
; SW[13]   ; Missing location assignment   ;
; SW[12]   ; Missing location assignment   ;
; SW[11]   ; Missing location assignment   ;
; SW[10]   ; Missing location assignment   ;
; SW[9]    ; Missing location assignment   ;
; SW[8]    ; Missing location assignment   ;
; SW[7]    ; Missing location assignment   ;
; SW[6]    ; Missing location assignment   ;
; SW[5]    ; Missing location assignment   ;
; SW[4]    ; Missing location assignment   ;
; SW[3]    ; Missing location assignment   ;
; SW[2]    ; Missing location assignment   ;
; SW[1]    ; Missing location assignment   ;
; SW[0]    ; Missing location assignment   ;
+----------+-------------------------------+


+-------------------------------------------------------------------------------------------------------------------------------------------------------------------------------------------------------------------------------------------------------------------------------------------------------------------------------------------------------------------+
; Fitter Resource Utilization by Entity                                                                                                                                                                                                                                                                                                                             ;
+--------------------------------------------+-------------+---------------------------+---------------+-------------+------+--------------+---------+-----------+------+--------------+--------------+-------------------+------------------+------------------------------------------------------------------------------------+------------------+--------------+
; Compilation Hierarchy Node                 ; Logic Cells ; Dedicated Logic Registers ; I/O Registers ; Memory Bits ; M9Ks ; DSP Elements ; DSP 9x9 ; DSP 18x18 ; Pins ; Virtual Pins ; LUT-Only LCs ; Register-Only LCs ; LUT/Register LCs ; Full Hierarchy Name                                                                ; Entity Name      ; Library Name ;
+--------------------------------------------+-------------+---------------------------+---------------+-------------+------+--------------+---------+-----------+------+--------------+--------------+-------------------+------------------+------------------------------------------------------------------------------------+------------------+--------------+
; |sc_top                                    ; 11481 (1)   ; 9275 (0)                  ; 0 (0)         ; 0           ; 0    ; 0            ; 0       ; 0         ; 82   ; 0            ; 2206 (1)     ; 4355 (0)          ; 4920 (0)         ; |sc_top                                                                            ; sc_top           ; work         ;
;    |pll_10mhz:pll_inst|                    ; 0 (0)       ; 0 (0)                     ; 0 (0)         ; 0           ; 0    ; 0            ; 0       ; 0         ; 0    ; 0            ; 0 (0)        ; 0 (0)             ; 0 (0)            ; |sc_top|pll_10mhz:pll_inst                                                         ; pll_10mhz        ; work         ;
;       |altpll:altpll_component|            ; 0 (0)       ; 0 (0)                     ; 0 (0)         ; 0           ; 0    ; 0            ; 0       ; 0         ; 0    ; 0            ; 0 (0)        ; 0 (0)             ; 0 (0)            ; |sc_top|pll_10mhz:pll_inst|altpll:altpll_component                                 ; altpll           ; work         ;
;          |pll_10mhz_altpll:auto_generated| ; 0 (0)       ; 0 (0)                     ; 0 (0)         ; 0           ; 0    ; 0            ; 0       ; 0         ; 0    ; 0            ; 0 (0)        ; 0 (0)             ; 0 (0)            ; |sc_top|pll_10mhz:pll_inst|altpll:altpll_component|pll_10mhz_altpll:auto_generated ; pll_10mhz_altpll ; work         ;
;    |sc_cpu:cpu|                            ; 11480 (0)   ; 9275 (0)                  ; 0 (0)         ; 0           ; 0    ; 0            ; 0       ; 0         ; 0    ; 0            ; 2205 (0)     ; 4355 (0)          ; 4920 (0)         ; |sc_top|sc_cpu:cpu                                                                 ; sc_cpu           ; work         ;
;       |sc_control:ctrl|                    ; 2 (2)       ; 0 (0)                     ; 0 (0)         ; 0           ; 0    ; 0            ; 0       ; 0         ; 0    ; 0            ; 2 (2)        ; 0 (0)             ; 0 (0)            ; |sc_top|sc_cpu:cpu|sc_control:ctrl                                                 ; sc_control       ; work         ;
;       |sc_datapath:datapath|               ; 11478 (238) ; 9275 (32)                 ; 0 (0)         ; 0           ; 0    ; 0            ; 0       ; 0         ; 0    ; 0            ; 2203 (206)   ; 4355 (0)          ; 4920 (44)        ; |sc_top|sc_cpu:cpu|sc_datapath:datapath                                            ; sc_datapath      ; work         ;
;          |sc_alu:alu|                      ; 121 (121)   ; 0 (0)                     ; 0 (0)         ; 0           ; 0    ; 0            ; 0       ; 0         ; 0    ; 0            ; 121 (121)    ; 0 (0)             ; 0 (0)            ; |sc_top|sc_cpu:cpu|sc_datapath:datapath|sc_alu:alu                                 ; sc_alu           ; work         ;
;          |sc_alu_ctrl:alu_ctrl|            ; 4 (4)       ; 0 (0)                     ; 0 (0)         ; 0           ; 0    ; 0            ; 0       ; 0         ; 0    ; 0            ; 4 (4)        ; 0 (0)             ; 0 (0)            ; |sc_top|sc_cpu:cpu|sc_datapath:datapath|sc_alu_ctrl:alu_ctrl                       ; sc_alu_ctrl      ; work         ;
;          |sc_dmem:dmem|                    ; 9721 (9721) ; 8192 (8192)               ; 0 (0)         ; 0           ; 0    ; 0            ; 0       ; 0         ; 0    ; 0            ; 1529 (1529)  ; 3955 (3955)       ; 4237 (4237)      ; |sc_top|sc_cpu:cpu|sc_datapath:datapath|sc_dmem:dmem                               ; sc_dmem          ; work         ;
;          |sc_imem:imem|                    ; 79 (79)     ; 0 (0)                     ; 0 (0)         ; 0           ; 0    ; 0            ; 0       ; 0         ; 0    ; 0            ; 79 (79)      ; 0 (0)             ; 0 (0)            ; |sc_top|sc_cpu:cpu|sc_datapath:datapath|sc_imem:imem                               ; sc_imem          ; work         ;
;          |sc_mmio:mmio|                    ; 31 (31)     ; 27 (27)                   ; 0 (0)         ; 0           ; 0    ; 0            ; 0       ; 0         ; 0    ; 0            ; 4 (4)        ; 27 (27)           ; 0 (0)            ; |sc_top|sc_cpu:cpu|sc_datapath:datapath|sc_mmio:mmio                               ; sc_mmio          ; work         ;
;          |sc_regfile:regfile|              ; 1270 (1270) ; 1024 (1024)               ; 0 (0)         ; 0           ; 0    ; 0            ; 0       ; 0         ; 0    ; 0            ; 235 (235)    ; 373 (373)         ; 662 (662)        ; |sc_top|sc_cpu:cpu|sc_datapath:datapath|sc_regfile:regfile                         ; sc_regfile       ; work         ;
;          |sc_sign_ext:sign_ext|            ; 25 (25)     ; 0 (0)                     ; 0 (0)         ; 0           ; 0    ; 0            ; 0       ; 0         ; 0    ; 0            ; 25 (25)      ; 0 (0)             ; 0 (0)            ; |sc_top|sc_cpu:cpu|sc_datapath:datapath|sc_sign_ext:sign_ext                       ; sc_sign_ext      ; work         ;
+--------------------------------------------+-------------+---------------------------+---------------+-------------+------+--------------+---------+-----------+------+--------------+--------------+-------------------+------------------+------------------------------------------------------------------------------------+------------------+--------------+
Note: For table entries with two numbers listed, the numbers in parentheses indicate the number of resources of the given type used by the specific entity alone. The numbers listed outside of parentheses indicate the total resources of the given type used by the specific entity and all of its sub-entities in the hierarchy.


+------------------------------------------------------------------------------------------+
; Delay Chain Summary                                                                      ;
+----------+----------+---------------+---------------+-----------------------+-----+------+
; Name     ; Pin Type ; Pad to Core 0 ; Pad to Core 1 ; Pad to Input Register ; TCO ; TCOE ;
+----------+----------+---------------+---------------+-----------------------+-----+------+
; PC[0]    ; Output   ; --            ; --            ; --                    ; --  ; --   ;
; PC[1]    ; Output   ; --            ; --            ; --                    ; --  ; --   ;
; PC[2]    ; Output   ; --            ; --            ; --                    ; --  ; --   ;
; PC[3]    ; Output   ; --            ; --            ; --                    ; --  ; --   ;
; PC[4]    ; Output   ; --            ; --            ; --                    ; --  ; --   ;
; PC[5]    ; Output   ; --            ; --            ; --                    ; --  ; --   ;
; PC[6]    ; Output   ; --            ; --            ; --                    ; --  ; --   ;
; PC[7]    ; Output   ; --            ; --            ; --                    ; --  ; --   ;
; PC[8]    ; Output   ; --            ; --            ; --                    ; --  ; --   ;
; PC[9]    ; Output   ; --            ; --            ; --                    ; --  ; --   ;
; PC[10]   ; Output   ; --            ; --            ; --                    ; --  ; --   ;
; PC[11]   ; Output   ; --            ; --            ; --                    ; --  ; --   ;
; PC[12]   ; Output   ; --            ; --            ; --                    ; --  ; --   ;
; PC[13]   ; Output   ; --            ; --            ; --                    ; --  ; --   ;
; PC[14]   ; Output   ; --            ; --            ; --                    ; --  ; --   ;
; PC[15]   ; Output   ; --            ; --            ; --                    ; --  ; --   ;
; PC[16]   ; Output   ; --            ; --            ; --                    ; --  ; --   ;
; PC[17]   ; Output   ; --            ; --            ; --                    ; --  ; --   ;
; PC[18]   ; Output   ; --            ; --            ; --                    ; --  ; --   ;
; PC[19]   ; Output   ; --            ; --            ; --                    ; --  ; --   ;
; PC[20]   ; Output   ; --            ; --            ; --                    ; --  ; --   ;
; PC[21]   ; Output   ; --            ; --            ; --                    ; --  ; --   ;
; PC[22]   ; Output   ; --            ; --            ; --                    ; --  ; --   ;
; PC[23]   ; Output   ; --            ; --            ; --                    ; --  ; --   ;
; PC[24]   ; Output   ; --            ; --            ; --                    ; --  ; --   ;
; PC[25]   ; Output   ; --            ; --            ; --                    ; --  ; --   ;
; PC[26]   ; Output   ; --            ; --            ; --                    ; --  ; --   ;
; PC[27]   ; Output   ; --            ; --            ; --                    ; --  ; --   ;
; PC[28]   ; Output   ; --            ; --            ; --                    ; --  ; --   ;
; PC[29]   ; Output   ; --            ; --            ; --                    ; --  ; --   ;
; PC[30]   ; Output   ; --            ; --            ; --                    ; --  ; --   ;
; PC[31]   ; Output   ; --            ; --            ; --                    ; --  ; --   ;
; LEDR[0]  ; Output   ; --            ; --            ; --                    ; --  ; --   ;
; LEDR[1]  ; Output   ; --            ; --            ; --                    ; --  ; --   ;
; LEDR[2]  ; Output   ; --            ; --            ; --                    ; --  ; --   ;
; LEDR[3]  ; Output   ; --            ; --            ; --                    ; --  ; --   ;
; LEDR[4]  ; Output   ; --            ; --            ; --                    ; --  ; --   ;
; LEDR[5]  ; Output   ; --            ; --            ; --                    ; --  ; --   ;
; LEDR[6]  ; Output   ; --            ; --            ; --                    ; --  ; --   ;
; LEDR[7]  ; Output   ; --            ; --            ; --                    ; --  ; --   ;
; LEDR[8]  ; Output   ; --            ; --            ; --                    ; --  ; --   ;
; LEDR[9]  ; Output   ; --            ; --            ; --                    ; --  ; --   ;
; LEDR[10] ; Output   ; --            ; --            ; --                    ; --  ; --   ;
; LEDR[11] ; Output   ; --            ; --            ; --                    ; --  ; --   ;
; LEDR[12] ; Output   ; --            ; --            ; --                    ; --  ; --   ;
; LEDR[13] ; Output   ; --            ; --            ; --                    ; --  ; --   ;
; LEDR[14] ; Output   ; --            ; --            ; --                    ; --  ; --   ;
; LEDR[15] ; Output   ; --            ; --            ; --                    ; --  ; --   ;
; LEDR[16] ; Output   ; --            ; --            ; --                    ; --  ; --   ;
; LEDR[17] ; Output   ; --            ; --            ; --                    ; --  ; --   ;
; LEDG[0]  ; Output   ; --            ; --            ; --                    ; --  ; --   ;
; LEDG[1]  ; Output   ; --            ; --            ; --                    ; --  ; --   ;
; LEDG[2]  ; Output   ; --            ; --            ; --                    ; --  ; --   ;
; LEDG[3]  ; Output   ; --            ; --            ; --                    ; --  ; --   ;
; LEDG[4]  ; Output   ; --            ; --            ; --                    ; --  ; --   ;
; LEDG[5]  ; Output   ; --            ; --            ; --                    ; --  ; --   ;
; LEDG[6]  ; Output   ; --            ; --            ; --                    ; --  ; --   ;
; LEDG[7]  ; Output   ; --            ; --            ; --                    ; --  ; --   ;
; LEDG[8]  ; Output   ; --            ; --            ; --                    ; --  ; --   ;
; rst_n    ; Input    ; --            ; (6) 1314 ps   ; --                    ; --  ; --   ;
; clk      ; Input    ; --            ; --            ; --                    ; --  ; --   ;
; SW[17]   ; Input    ; --            ; (6) 1314 ps   ; --                    ; --  ; --   ;
; SW[16]   ; Input    ; (6) 1314 ps   ; --            ; --                    ; --  ; --   ;
; SW[15]   ; Input    ; --            ; (6) 1314 ps   ; --                    ; --  ; --   ;
; SW[14]   ; Input    ; --            ; (6) 1314 ps   ; --                    ; --  ; --   ;
; SW[13]   ; Input    ; (6) 1314 ps   ; --            ; --                    ; --  ; --   ;
; SW[12]   ; Input    ; --            ; (6) 1314 ps   ; --                    ; --  ; --   ;
; SW[11]   ; Input    ; (6) 1314 ps   ; --            ; --                    ; --  ; --   ;
; SW[10]   ; Input    ; --            ; (6) 1314 ps   ; --                    ; --  ; --   ;
; SW[9]    ; Input    ; --            ; (6) 1314 ps   ; --                    ; --  ; --   ;
; SW[8]    ; Input    ; (6) 1314 ps   ; --            ; --                    ; --  ; --   ;
; SW[7]    ; Input    ; (6) 1314 ps   ; --            ; --                    ; --  ; --   ;
; SW[6]    ; Input    ; (6) 1314 ps   ; --            ; --                    ; --  ; --   ;
; SW[5]    ; Input    ; (6) 1314 ps   ; --            ; --                    ; --  ; --   ;
; SW[4]    ; Input    ; --            ; (6) 1314 ps   ; --                    ; --  ; --   ;
; SW[3]    ; Input    ; (6) 1314 ps   ; --            ; --                    ; --  ; --   ;
; KEY[3]   ; Input    ; (6) 1314 ps   ; --            ; --                    ; --  ; --   ;
; SW[2]    ; Input    ; (6) 1314 ps   ; --            ; --                    ; --  ; --   ;
; KEY[2]   ; Input    ; (6) 1314 ps   ; --            ; --                    ; --  ; --   ;
; SW[1]    ; Input    ; --            ; (6) 1314 ps   ; --                    ; --  ; --   ;
; KEY[1]   ; Input    ; (6) 1314 ps   ; --            ; --                    ; --  ; --   ;
; SW[0]    ; Input    ; (6) 1314 ps   ; --            ; --                    ; --  ; --   ;
+----------+----------+---------------+---------------+-----------------------+-----+------+


+----------------------------------------------------------------------------------------+
; Pad To Core Delay Chain Fanout                                                         ;
+----------------------------------------------------------+-------------------+---------+
; Source Pin / Fanout                                      ; Pad To Core Index ; Setting ;
+----------------------------------------------------------+-------------------+---------+
; rst_n                                                    ;                   ;         ;
;      - rst_cpu_n                                         ; 1                 ; 6       ;
;      - sc_cpu:cpu|sc_datapath:datapath|write_back[0]~99  ; 1                 ; 6       ;
; clk                                                      ;                   ;         ;
; SW[17]                                                   ;                   ;         ;
;      - sc_cpu:cpu|sc_datapath:datapath|write_back[17]~54 ; 1                 ; 6       ;
; SW[16]                                                   ;                   ;         ;
;      - sc_cpu:cpu|sc_datapath:datapath|write_back[16]~56 ; 0                 ; 6       ;
; SW[15]                                                   ;                   ;         ;
;      - sc_cpu:cpu|sc_datapath:datapath|write_back[15]~60 ; 1                 ; 6       ;
; SW[14]                                                   ;                   ;         ;
;      - sc_cpu:cpu|sc_datapath:datapath|write_back[14]~63 ; 1                 ; 6       ;
; SW[13]                                                   ;                   ;         ;
;      - sc_cpu:cpu|sc_datapath:datapath|write_back[13]~66 ; 0                 ; 6       ;
; SW[12]                                                   ;                   ;         ;
;      - sc_cpu:cpu|sc_datapath:datapath|write_back[12]~68 ; 1                 ; 6       ;
; SW[11]                                                   ;                   ;         ;
;      - sc_cpu:cpu|sc_datapath:datapath|write_back[11]~70 ; 0                 ; 6       ;
; SW[10]                                                   ;                   ;         ;
;      - sc_cpu:cpu|sc_datapath:datapath|write_back[10]~72 ; 1                 ; 6       ;
; SW[9]                                                    ;                   ;         ;
;      - sc_cpu:cpu|sc_datapath:datapath|write_back[9]~74  ; 1                 ; 6       ;
; SW[8]                                                    ;                   ;         ;
;      - sc_cpu:cpu|sc_datapath:datapath|write_back[8]~76  ; 0                 ; 6       ;
; SW[7]                                                    ;                   ;         ;
;      - sc_cpu:cpu|sc_datapath:datapath|write_back[7]~78  ; 0                 ; 6       ;
; SW[6]                                                    ;                   ;         ;
;      - sc_cpu:cpu|sc_datapath:datapath|write_back[6]~80  ; 0                 ; 6       ;
; SW[5]                                                    ;                   ;         ;
;      - sc_cpu:cpu|sc_datapath:datapath|write_back[5]~82  ; 0                 ; 6       ;
; SW[4]                                                    ;                   ;         ;
;      - sc_cpu:cpu|sc_datapath:datapath|write_back[4]~84  ; 1                 ; 6       ;
; SW[3]                                                    ;                   ;         ;
;      - sc_cpu:cpu|sc_datapath:datapath|write_back[3]~86  ; 0                 ; 6       ;
; KEY[3]                                                   ;                   ;         ;
;      - sc_cpu:cpu|sc_datapath:datapath|write_back[3]~88  ; 0                 ; 6       ;
; SW[2]                                                    ;                   ;         ;
;      - sc_cpu:cpu|sc_datapath:datapath|write_back[2]~91  ; 0                 ; 6       ;
; KEY[2]                                                   ;                   ;         ;
;      - sc_cpu:cpu|sc_datapath:datapath|write_back[2]~92  ; 0                 ; 6       ;
; SW[1]                                                    ;                   ;         ;
;      - sc_cpu:cpu|sc_datapath:datapath|write_back[1]~95  ; 1                 ; 6       ;
; KEY[1]                                                   ;                   ;         ;
;      - sc_cpu:cpu|sc_datapath:datapath|write_back[1]~96  ; 0                 ; 6       ;
; SW[0]                                                    ;                   ;         ;
;      - sc_cpu:cpu|sc_datapath:datapath|write_back[0]~100 ; 0                 ; 6       ;
+----------------------------------------------------------+-------------------+---------+


+--------------------------------------------------------------------------------------------------------------------------------------------------------------------------------------------------------------------------------------+
; Control Signals                                                                                                                                                                                                                      ;
+---------------------------------------------------------------------------------------------+--------------------+---------+--------------------------+--------+----------------------+------------------+---------------------------+
; Name                                                                                        ; Location           ; Fan-Out ; Usage                    ; Global ; Global Resource Used ; Global Line Name ; Enable Signal Source Name ;
+---------------------------------------------------------------------------------------------+--------------------+---------+--------------------------+--------+----------------------+------------------+---------------------------+
; clk                                                                                         ; PIN_Y2             ; 1       ; Clock                    ; no     ; --                   ; --               ; --                        ;
; pll_10mhz:pll_inst|altpll:altpll_component|pll_10mhz_altpll:auto_generated|wire_pll1_clk[0] ; PLL_1              ; 9275    ; Clock                    ; yes    ; Global Clock         ; GCLK3            ; --                        ;
; rst_cpu_n                                                                                   ; LCCOMB_X58_Y1_N24  ; 59      ; Async. clear             ; yes    ; Global Clock         ; GCLK18           ; --                        ;
; sc_cpu:cpu|sc_datapath:datapath|pc_src                                                      ; LCCOMB_X42_Y23_N16 ; 32      ; Clock enable, Sync. load ; no     ; --                   ; --               ; --                        ;
; sc_cpu:cpu|sc_datapath:datapath|sc_dmem:dmem|ram~13616                                      ; LCCOMB_X57_Y45_N0  ; 32      ; Clock enable             ; no     ; --                   ; --               ; --                        ;
; sc_cpu:cpu|sc_datapath:datapath|sc_dmem:dmem|ram~13618                                      ; LCCOMB_X61_Y35_N20 ; 32      ; Clock enable             ; no     ; --                   ; --               ; --                        ;
; sc_cpu:cpu|sc_datapath:datapath|sc_dmem:dmem|ram~13620                                      ; LCCOMB_X57_Y45_N26 ; 32      ; Clock enable             ; no     ; --                   ; --               ; --                        ;
; sc_cpu:cpu|sc_datapath:datapath|sc_dmem:dmem|ram~13622                                      ; LCCOMB_X68_Y42_N18 ; 32      ; Clock enable             ; no     ; --                   ; --               ; --                        ;
; sc_cpu:cpu|sc_datapath:datapath|sc_dmem:dmem|ram~13624                                      ; LCCOMB_X52_Y28_N10 ; 32      ; Clock enable             ; no     ; --                   ; --               ; --                        ;
; sc_cpu:cpu|sc_datapath:datapath|sc_dmem:dmem|ram~13626                                      ; LCCOMB_X52_Y28_N0  ; 32      ; Clock enable             ; no     ; --                   ; --               ; --                        ;
; sc_cpu:cpu|sc_datapath:datapath|sc_dmem:dmem|ram~13628                                      ; LCCOMB_X43_Y29_N22 ; 32      ; Clock enable             ; no     ; --                   ; --               ; --                        ;
; sc_cpu:cpu|sc_datapath:datapath|sc_dmem:dmem|ram~13630                                      ; LCCOMB_X56_Y36_N2  ; 32      ; Clock enable             ; no     ; --                   ; --               ; --                        ;
; sc_cpu:cpu|sc_datapath:datapath|sc_dmem:dmem|ram~13632                                      ; LCCOMB_X61_Y35_N30 ; 32      ; Clock enable             ; no     ; --                   ; --               ; --                        ;
; sc_cpu:cpu|sc_datapath:datapath|sc_dmem:dmem|ram~13634                                      ; LCCOMB_X61_Y35_N8  ; 32      ; Clock enable             ; no     ; --                   ; --               ; --                        ;
; sc_cpu:cpu|sc_datapath:datapath|sc_dmem:dmem|ram~13636                                      ; LCCOMB_X61_Y35_N26 ; 32      ; Clock enable             ; no     ; --                   ; --               ; --                        ;
; sc_cpu:cpu|sc_datapath:datapath|sc_dmem:dmem|ram~13638                                      ; LCCOMB_X56_Y36_N4  ; 32      ; Clock enable             ; no     ; --                   ; --               ; --                        ;
; sc_cpu:cpu|sc_datapath:datapath|sc_dmem:dmem|ram~13640                                      ; LCCOMB_X61_Y35_N0  ; 32      ; Clock enable             ; no     ; --                   ; --               ; --                        ;
; sc_cpu:cpu|sc_datapath:datapath|sc_dmem:dmem|ram~13642                                      ; LCCOMB_X52_Y28_N18 ; 32      ; Clock enable             ; no     ; --                   ; --               ; --                        ;
; sc_cpu:cpu|sc_datapath:datapath|sc_dmem:dmem|ram~13644                                      ; LCCOMB_X40_Y34_N12 ; 32      ; Clock enable             ; no     ; --                   ; --               ; --                        ;
; sc_cpu:cpu|sc_datapath:datapath|sc_dmem:dmem|ram~13646                                      ; LCCOMB_X55_Y41_N10 ; 32      ; Clock enable             ; no     ; --                   ; --               ; --                        ;
; sc_cpu:cpu|sc_datapath:datapath|sc_dmem:dmem|ram~13648                                      ; LCCOMB_X61_Y31_N18 ; 32      ; Clock enable             ; no     ; --                   ; --               ; --                        ;
; sc_cpu:cpu|sc_datapath:datapath|sc_dmem:dmem|ram~13649                                      ; LCCOMB_X55_Y31_N28 ; 32      ; Clock enable             ; no     ; --                   ; --               ; --                        ;
; sc_cpu:cpu|sc_datapath:datapath|sc_dmem:dmem|ram~13650                                      ; LCCOMB_X69_Y35_N20 ; 32      ; Clock enable             ; no     ; --                   ; --               ; --                        ;
; sc_cpu:cpu|sc_datapath:datapath|sc_dmem:dmem|ram~13651                                      ; LCCOMB_X55_Y34_N16 ; 32      ; Clock enable             ; no     ; --                   ; --               ; --                        ;
; sc_cpu:cpu|sc_datapath:datapath|sc_dmem:dmem|ram~13652                                      ; LCCOMB_X55_Y31_N12 ; 32      ; Clock enable             ; no     ; --                   ; --               ; --                        ;
; sc_cpu:cpu|sc_datapath:datapath|sc_dmem:dmem|ram~13653                                      ; LCCOMB_X62_Y39_N0  ; 32      ; Clock enable             ; no     ; --                   ; --               ; --                        ;
; sc_cpu:cpu|sc_datapath:datapath|sc_dmem:dmem|ram~13654                                      ; LCCOMB_X70_Y35_N4  ; 32      ; Clock enable             ; no     ; --                   ; --               ; --                        ;
; sc_cpu:cpu|sc_datapath:datapath|sc_dmem:dmem|ram~13655                                      ; LCCOMB_X56_Y28_N8  ; 32      ; Clock enable             ; no     ; --                   ; --               ; --                        ;
; sc_cpu:cpu|sc_datapath:datapath|sc_dmem:dmem|ram~13656                                      ; LCCOMB_X57_Y36_N18 ; 32      ; Clock enable             ; no     ; --                   ; --               ; --                        ;
; sc_cpu:cpu|sc_datapath:datapath|sc_dmem:dmem|ram~13657                                      ; LCCOMB_X55_Y20_N24 ; 32      ; Clock enable             ; no     ; --                   ; --               ; --                        ;
; sc_cpu:cpu|sc_datapath:datapath|sc_dmem:dmem|ram~13658                                      ; LCCOMB_X63_Y40_N22 ; 32      ; Clock enable             ; no     ; --                   ; --               ; --                        ;
; sc_cpu:cpu|sc_datapath:datapath|sc_dmem:dmem|ram~13659                                      ; LCCOMB_X55_Y31_N6  ; 32      ; Clock enable             ; no     ; --                   ; --               ; --                        ;
; sc_cpu:cpu|sc_datapath:datapath|sc_dmem:dmem|ram~13660                                      ; LCCOMB_X56_Y28_N2  ; 32      ; Clock enable             ; no     ; --                   ; --               ; --                        ;
; sc_cpu:cpu|sc_datapath:datapath|sc_dmem:dmem|ram~13661                                      ; LCCOMB_X70_Y40_N22 ; 32      ; Clock enable             ; no     ; --                   ; --               ; --                        ;
; sc_cpu:cpu|sc_datapath:datapath|sc_dmem:dmem|ram~13662                                      ; LCCOMB_X62_Y39_N2  ; 32      ; Clock enable             ; no     ; --                   ; --               ; --                        ;
; sc_cpu:cpu|sc_datapath:datapath|sc_dmem:dmem|ram~13663                                      ; LCCOMB_X53_Y38_N14 ; 32      ; Clock enable             ; no     ; --                   ; --               ; --                        ;
; sc_cpu:cpu|sc_datapath:datapath|sc_dmem:dmem|ram~13665                                      ; LCCOMB_X61_Y31_N30 ; 32      ; Clock enable             ; no     ; --                   ; --               ; --                        ;
; sc_cpu:cpu|sc_datapath:datapath|sc_dmem:dmem|ram~13666                                      ; LCCOMB_X60_Y36_N2  ; 32      ; Clock enable             ; no     ; --                   ; --               ; --                        ;
; sc_cpu:cpu|sc_datapath:datapath|sc_dmem:dmem|ram~13667                                      ; LCCOMB_X60_Y36_N16 ; 32      ; Clock enable             ; no     ; --                   ; --               ; --                        ;
; sc_cpu:cpu|sc_datapath:datapath|sc_dmem:dmem|ram~13668                                      ; LCCOMB_X57_Y34_N16 ; 32      ; Clock enable             ; no     ; --                   ; --               ; --                        ;
; sc_cpu:cpu|sc_datapath:datapath|sc_dmem:dmem|ram~13669                                      ; LCCOMB_X62_Y39_N12 ; 32      ; Clock enable             ; no     ; --                   ; --               ; --                        ;
; sc_cpu:cpu|sc_datapath:datapath|sc_dmem:dmem|ram~13670                                      ; LCCOMB_X56_Y30_N0  ; 32      ; Clock enable             ; no     ; --                   ; --               ; --                        ;
; sc_cpu:cpu|sc_datapath:datapath|sc_dmem:dmem|ram~13671                                      ; LCCOMB_X62_Y39_N22 ; 32      ; Clock enable             ; no     ; --                   ; --               ; --                        ;
; sc_cpu:cpu|sc_datapath:datapath|sc_dmem:dmem|ram~13672                                      ; LCCOMB_X55_Y34_N30 ; 32      ; Clock enable             ; no     ; --                   ; --               ; --                        ;
; sc_cpu:cpu|sc_datapath:datapath|sc_dmem:dmem|ram~13673                                      ; LCCOMB_X60_Y36_N10 ; 32      ; Clock enable             ; no     ; --                   ; --               ; --                        ;
; sc_cpu:cpu|sc_datapath:datapath|sc_dmem:dmem|ram~13674                                      ; LCCOMB_X57_Y35_N30 ; 32      ; Clock enable             ; no     ; --                   ; --               ; --                        ;
; sc_cpu:cpu|sc_datapath:datapath|sc_dmem:dmem|ram~13675                                      ; LCCOMB_X57_Y38_N4  ; 32      ; Clock enable             ; no     ; --                   ; --               ; --                        ;
; sc_cpu:cpu|sc_datapath:datapath|sc_dmem:dmem|ram~13676                                      ; LCCOMB_X55_Y34_N4  ; 32      ; Clock enable             ; no     ; --                   ; --               ; --                        ;
; sc_cpu:cpu|sc_datapath:datapath|sc_dmem:dmem|ram~13677                                      ; LCCOMB_X54_Y30_N10 ; 32      ; Clock enable             ; no     ; --                   ; --               ; --                        ;
; sc_cpu:cpu|sc_datapath:datapath|sc_dmem:dmem|ram~13678                                      ; LCCOMB_X57_Y34_N4  ; 32      ; Clock enable             ; no     ; --                   ; --               ; --                        ;
; sc_cpu:cpu|sc_datapath:datapath|sc_dmem:dmem|ram~13679                                      ; LCCOMB_X62_Y39_N16 ; 32      ; Clock enable             ; no     ; --                   ; --               ; --                        ;
; sc_cpu:cpu|sc_datapath:datapath|sc_dmem:dmem|ram~13680                                      ; LCCOMB_X55_Y41_N24 ; 32      ; Clock enable             ; no     ; --                   ; --               ; --                        ;
; sc_cpu:cpu|sc_datapath:datapath|sc_dmem:dmem|ram~13682                                      ; LCCOMB_X65_Y40_N18 ; 32      ; Clock enable             ; no     ; --                   ; --               ; --                        ;
; sc_cpu:cpu|sc_datapath:datapath|sc_dmem:dmem|ram~13683                                      ; LCCOMB_X61_Y33_N28 ; 32      ; Clock enable             ; no     ; --                   ; --               ; --                        ;
; sc_cpu:cpu|sc_datapath:datapath|sc_dmem:dmem|ram~13684                                      ; LCCOMB_X60_Y33_N14 ; 32      ; Clock enable             ; no     ; --                   ; --               ; --                        ;
; sc_cpu:cpu|sc_datapath:datapath|sc_dmem:dmem|ram~13685                                      ; LCCOMB_X61_Y33_N22 ; 32      ; Clock enable             ; no     ; --                   ; --               ; --                        ;
; sc_cpu:cpu|sc_datapath:datapath|sc_dmem:dmem|ram~13686                                      ; LCCOMB_X55_Y31_N24 ; 32      ; Clock enable             ; no     ; --                   ; --               ; --                        ;
; sc_cpu:cpu|sc_datapath:datapath|sc_dmem:dmem|ram~13687                                      ; LCCOMB_X66_Y32_N20 ; 32      ; Clock enable             ; no     ; --                   ; --               ; --                        ;
; sc_cpu:cpu|sc_datapath:datapath|sc_dmem:dmem|ram~13688                                      ; LCCOMB_X63_Y32_N16 ; 32      ; Clock enable             ; no     ; --                   ; --               ; --                        ;
; sc_cpu:cpu|sc_datapath:datapath|sc_dmem:dmem|ram~13689                                      ; LCCOMB_X55_Y34_N18 ; 32      ; Clock enable             ; no     ; --                   ; --               ; --                        ;
; sc_cpu:cpu|sc_datapath:datapath|sc_dmem:dmem|ram~13690                                      ; LCCOMB_X43_Y34_N26 ; 32      ; Clock enable             ; no     ; --                   ; --               ; --                        ;
; sc_cpu:cpu|sc_datapath:datapath|sc_dmem:dmem|ram~13691                                      ; LCCOMB_X66_Y41_N20 ; 32      ; Clock enable             ; no     ; --                   ; --               ; --                        ;
; sc_cpu:cpu|sc_datapath:datapath|sc_dmem:dmem|ram~13692                                      ; LCCOMB_X52_Y39_N6  ; 32      ; Clock enable             ; no     ; --                   ; --               ; --                        ;
; sc_cpu:cpu|sc_datapath:datapath|sc_dmem:dmem|ram~13693                                      ; LCCOMB_X41_Y35_N6  ; 32      ; Clock enable             ; no     ; --                   ; --               ; --                        ;
; sc_cpu:cpu|sc_datapath:datapath|sc_dmem:dmem|ram~13694                                      ; LCCOMB_X52_Y39_N0  ; 32      ; Clock enable             ; no     ; --                   ; --               ; --                        ;
; sc_cpu:cpu|sc_datapath:datapath|sc_dmem:dmem|ram~13695                                      ; LCCOMB_X46_Y36_N2  ; 32      ; Clock enable             ; no     ; --                   ; --               ; --                        ;
; sc_cpu:cpu|sc_datapath:datapath|sc_dmem:dmem|ram~13696                                      ; LCCOMB_X48_Y38_N20 ; 32      ; Clock enable             ; no     ; --                   ; --               ; --                        ;
; sc_cpu:cpu|sc_datapath:datapath|sc_dmem:dmem|ram~13697                                      ; LCCOMB_X47_Y39_N0  ; 32      ; Clock enable             ; no     ; --                   ; --               ; --                        ;
; sc_cpu:cpu|sc_datapath:datapath|sc_dmem:dmem|ram~13699                                      ; LCCOMB_X62_Y36_N2  ; 32      ; Clock enable             ; no     ; --                   ; --               ; --                        ;
; sc_cpu:cpu|sc_datapath:datapath|sc_dmem:dmem|ram~13701                                      ; LCCOMB_X66_Y48_N18 ; 32      ; Clock enable             ; no     ; --                   ; --               ; --                        ;
; sc_cpu:cpu|sc_datapath:datapath|sc_dmem:dmem|ram~13703                                      ; LCCOMB_X63_Y44_N4  ; 32      ; Clock enable             ; no     ; --                   ; --               ; --                        ;
; sc_cpu:cpu|sc_datapath:datapath|sc_dmem:dmem|ram~13705                                      ; LCCOMB_X63_Y40_N26 ; 32      ; Clock enable             ; no     ; --                   ; --               ; --                        ;
; sc_cpu:cpu|sc_datapath:datapath|sc_dmem:dmem|ram~13706                                      ; LCCOMB_X56_Y28_N12 ; 32      ; Clock enable             ; no     ; --                   ; --               ; --                        ;
; sc_cpu:cpu|sc_datapath:datapath|sc_dmem:dmem|ram~13707                                      ; LCCOMB_X54_Y29_N0  ; 32      ; Clock enable             ; no     ; --                   ; --               ; --                        ;
; sc_cpu:cpu|sc_datapath:datapath|sc_dmem:dmem|ram~13708                                      ; LCCOMB_X61_Y31_N28 ; 32      ; Clock enable             ; no     ; --                   ; --               ; --                        ;
; sc_cpu:cpu|sc_datapath:datapath|sc_dmem:dmem|ram~13709                                      ; LCCOMB_X56_Y28_N6  ; 32      ; Clock enable             ; no     ; --                   ; --               ; --                        ;
; sc_cpu:cpu|sc_datapath:datapath|sc_dmem:dmem|ram~13710                                      ; LCCOMB_X70_Y35_N30 ; 32      ; Clock enable             ; no     ; --                   ; --               ; --                        ;
; sc_cpu:cpu|sc_datapath:datapath|sc_dmem:dmem|ram~13711                                      ; LCCOMB_X74_Y35_N14 ; 32      ; Clock enable             ; no     ; --                   ; --               ; --                        ;
; sc_cpu:cpu|sc_datapath:datapath|sc_dmem:dmem|ram~13712                                      ; LCCOMB_X67_Y31_N0  ; 32      ; Clock enable             ; no     ; --                   ; --               ; --                        ;
; sc_cpu:cpu|sc_datapath:datapath|sc_dmem:dmem|ram~13713                                      ; LCCOMB_X70_Y35_N0  ; 32      ; Clock enable             ; no     ; --                   ; --               ; --                        ;
; sc_cpu:cpu|sc_datapath:datapath|sc_dmem:dmem|ram~13714                                      ; LCCOMB_X56_Y28_N24 ; 32      ; Clock enable             ; no     ; --                   ; --               ; --                        ;
; sc_cpu:cpu|sc_datapath:datapath|sc_dmem:dmem|ram~13715                                      ; LCCOMB_X53_Y31_N8  ; 32      ; Clock enable             ; no     ; --                   ; --               ; --                        ;
; sc_cpu:cpu|sc_datapath:datapath|sc_dmem:dmem|ram~13716                                      ; LCCOMB_X55_Y34_N14 ; 32      ; Clock enable             ; no     ; --                   ; --               ; --                        ;
; sc_cpu:cpu|sc_datapath:datapath|sc_dmem:dmem|ram~13717                                      ; LCCOMB_X62_Y33_N20 ; 32      ; Clock enable             ; no     ; --                   ; --               ; --                        ;
; sc_cpu:cpu|sc_datapath:datapath|sc_dmem:dmem|ram~13718                                      ; LCCOMB_X55_Y31_N22 ; 32      ; Clock enable             ; no     ; --                   ; --               ; --                        ;
; sc_cpu:cpu|sc_datapath:datapath|sc_dmem:dmem|ram~13719                                      ; LCCOMB_X53_Y31_N6  ; 32      ; Clock enable             ; no     ; --                   ; --               ; --                        ;
; sc_cpu:cpu|sc_datapath:datapath|sc_dmem:dmem|ram~13720                                      ; LCCOMB_X55_Y31_N18 ; 32      ; Clock enable             ; no     ; --                   ; --               ; --                        ;
; sc_cpu:cpu|sc_datapath:datapath|sc_dmem:dmem|ram~13721                                      ; LCCOMB_X48_Y32_N12 ; 32      ; Clock enable             ; no     ; --                   ; --               ; --                        ;
; sc_cpu:cpu|sc_datapath:datapath|sc_dmem:dmem|ram~13722                                      ; LCCOMB_X79_Y38_N20 ; 32      ; Clock enable             ; no     ; --                   ; --               ; --                        ;
; sc_cpu:cpu|sc_datapath:datapath|sc_dmem:dmem|ram~13723                                      ; LCCOMB_X53_Y44_N6  ; 32      ; Clock enable             ; no     ; --                   ; --               ; --                        ;
; sc_cpu:cpu|sc_datapath:datapath|sc_dmem:dmem|ram~13724                                      ; LCCOMB_X67_Y41_N8  ; 32      ; Clock enable             ; no     ; --                   ; --               ; --                        ;
; sc_cpu:cpu|sc_datapath:datapath|sc_dmem:dmem|ram~13725                                      ; LCCOMB_X62_Y45_N12 ; 32      ; Clock enable             ; no     ; --                   ; --               ; --                        ;
; sc_cpu:cpu|sc_datapath:datapath|sc_dmem:dmem|ram~13726                                      ; LCCOMB_X67_Y37_N14 ; 32      ; Clock enable             ; no     ; --                   ; --               ; --                        ;
; sc_cpu:cpu|sc_datapath:datapath|sc_dmem:dmem|ram~13727                                      ; LCCOMB_X59_Y46_N10 ; 32      ; Clock enable             ; no     ; --                   ; --               ; --                        ;
; sc_cpu:cpu|sc_datapath:datapath|sc_dmem:dmem|ram~13728                                      ; LCCOMB_X63_Y40_N18 ; 32      ; Clock enable             ; no     ; --                   ; --               ; --                        ;
; sc_cpu:cpu|sc_datapath:datapath|sc_dmem:dmem|ram~13729                                      ; LCCOMB_X63_Y40_N12 ; 32      ; Clock enable             ; no     ; --                   ; --               ; --                        ;
; sc_cpu:cpu|sc_datapath:datapath|sc_dmem:dmem|ram~13730                                      ; LCCOMB_X50_Y38_N0  ; 32      ; Clock enable             ; no     ; --                   ; --               ; --                        ;
; sc_cpu:cpu|sc_datapath:datapath|sc_dmem:dmem|ram~13731                                      ; LCCOMB_X55_Y33_N22 ; 32      ; Clock enable             ; no     ; --                   ; --               ; --                        ;
; sc_cpu:cpu|sc_datapath:datapath|sc_dmem:dmem|ram~13732                                      ; LCCOMB_X55_Y34_N24 ; 32      ; Clock enable             ; no     ; --                   ; --               ; --                        ;
; sc_cpu:cpu|sc_datapath:datapath|sc_dmem:dmem|ram~13733                                      ; LCCOMB_X50_Y38_N20 ; 32      ; Clock enable             ; no     ; --                   ; --               ; --                        ;
; sc_cpu:cpu|sc_datapath:datapath|sc_dmem:dmem|ram~13734                                      ; LCCOMB_X52_Y39_N20 ; 32      ; Clock enable             ; no     ; --                   ; --               ; --                        ;
; sc_cpu:cpu|sc_datapath:datapath|sc_dmem:dmem|ram~13735                                      ; LCCOMB_X62_Y36_N20 ; 32      ; Clock enable             ; no     ; --                   ; --               ; --                        ;
; sc_cpu:cpu|sc_datapath:datapath|sc_dmem:dmem|ram~13736                                      ; LCCOMB_X43_Y34_N20 ; 32      ; Clock enable             ; no     ; --                   ; --               ; --                        ;
; sc_cpu:cpu|sc_datapath:datapath|sc_dmem:dmem|ram~13737                                      ; LCCOMB_X47_Y29_N0  ; 32      ; Clock enable             ; no     ; --                   ; --               ; --                        ;
; sc_cpu:cpu|sc_datapath:datapath|sc_dmem:dmem|ram~13738                                      ; LCCOMB_X62_Y36_N14 ; 32      ; Clock enable             ; no     ; --                   ; --               ; --                        ;
; sc_cpu:cpu|sc_datapath:datapath|sc_dmem:dmem|ram~13739                                      ; LCCOMB_X62_Y46_N30 ; 32      ; Clock enable             ; no     ; --                   ; --               ; --                        ;
; sc_cpu:cpu|sc_datapath:datapath|sc_dmem:dmem|ram~13740                                      ; LCCOMB_X62_Y46_N0  ; 32      ; Clock enable             ; no     ; --                   ; --               ; --                        ;
; sc_cpu:cpu|sc_datapath:datapath|sc_dmem:dmem|ram~13741                                      ; LCCOMB_X62_Y46_N2  ; 32      ; Clock enable             ; no     ; --                   ; --               ; --                        ;
; sc_cpu:cpu|sc_datapath:datapath|sc_dmem:dmem|ram~13742                                      ; LCCOMB_X72_Y37_N30 ; 32      ; Clock enable             ; no     ; --                   ; --               ; --                        ;
; sc_cpu:cpu|sc_datapath:datapath|sc_dmem:dmem|ram~13743                                      ; LCCOMB_X59_Y40_N28 ; 32      ; Clock enable             ; no     ; --                   ; --               ; --                        ;
; sc_cpu:cpu|sc_datapath:datapath|sc_dmem:dmem|ram~13744                                      ; LCCOMB_X63_Y43_N28 ; 32      ; Clock enable             ; no     ; --                   ; --               ; --                        ;
; sc_cpu:cpu|sc_datapath:datapath|sc_dmem:dmem|ram~13745                                      ; LCCOMB_X63_Y40_N2  ; 32      ; Clock enable             ; no     ; --                   ; --               ; --                        ;
; sc_cpu:cpu|sc_datapath:datapath|sc_dmem:dmem|ram~13746                                      ; LCCOMB_X48_Y39_N10 ; 32      ; Clock enable             ; no     ; --                   ; --               ; --                        ;
; sc_cpu:cpu|sc_datapath:datapath|sc_dmem:dmem|ram~13747                                      ; LCCOMB_X52_Y35_N14 ; 32      ; Clock enable             ; no     ; --                   ; --               ; --                        ;
; sc_cpu:cpu|sc_datapath:datapath|sc_dmem:dmem|ram~13748                                      ; LCCOMB_X48_Y39_N20 ; 32      ; Clock enable             ; no     ; --                   ; --               ; --                        ;
; sc_cpu:cpu|sc_datapath:datapath|sc_dmem:dmem|ram~13749                                      ; LCCOMB_X48_Y39_N6  ; 32      ; Clock enable             ; no     ; --                   ; --               ; --                        ;
; sc_cpu:cpu|sc_datapath:datapath|sc_dmem:dmem|ram~13750                                      ; LCCOMB_X76_Y41_N4  ; 32      ; Clock enable             ; no     ; --                   ; --               ; --                        ;
; sc_cpu:cpu|sc_datapath:datapath|sc_dmem:dmem|ram~13751                                      ; LCCOMB_X61_Y47_N22 ; 32      ; Clock enable             ; no     ; --                   ; --               ; --                        ;
; sc_cpu:cpu|sc_datapath:datapath|sc_dmem:dmem|ram~13752                                      ; LCCOMB_X61_Y47_N20 ; 32      ; Clock enable             ; no     ; --                   ; --               ; --                        ;
; sc_cpu:cpu|sc_datapath:datapath|sc_dmem:dmem|ram~13753                                      ; LCCOMB_X60_Y44_N10 ; 32      ; Clock enable             ; no     ; --                   ; --               ; --                        ;
; sc_cpu:cpu|sc_datapath:datapath|sc_dmem:dmem|ram~13754                                      ; LCCOMB_X49_Y35_N22 ; 32      ; Clock enable             ; no     ; --                   ; --               ; --                        ;
; sc_cpu:cpu|sc_datapath:datapath|sc_dmem:dmem|ram~13755                                      ; LCCOMB_X54_Y34_N26 ; 32      ; Clock enable             ; no     ; --                   ; --               ; --                        ;
; sc_cpu:cpu|sc_datapath:datapath|sc_dmem:dmem|ram~13756                                      ; LCCOMB_X60_Y36_N20 ; 32      ; Clock enable             ; no     ; --                   ; --               ; --                        ;
; sc_cpu:cpu|sc_datapath:datapath|sc_dmem:dmem|ram~13757                                      ; LCCOMB_X54_Y30_N28 ; 32      ; Clock enable             ; no     ; --                   ; --               ; --                        ;
; sc_cpu:cpu|sc_datapath:datapath|sc_dmem:dmem|ram~13758                                      ; LCCOMB_X62_Y39_N26 ; 32      ; Clock enable             ; no     ; --                   ; --               ; --                        ;
; sc_cpu:cpu|sc_datapath:datapath|sc_dmem:dmem|ram~13759                                      ; LCCOMB_X62_Y39_N28 ; 32      ; Clock enable             ; no     ; --                   ; --               ; --                        ;
; sc_cpu:cpu|sc_datapath:datapath|sc_dmem:dmem|ram~13760                                      ; LCCOMB_X62_Y39_N30 ; 32      ; Clock enable             ; no     ; --                   ; --               ; --                        ;
; sc_cpu:cpu|sc_datapath:datapath|sc_dmem:dmem|ram~13761                                      ; LCCOMB_X62_Y38_N4  ; 32      ; Clock enable             ; no     ; --                   ; --               ; --                        ;
; sc_cpu:cpu|sc_datapath:datapath|sc_dmem:dmem|ram~13762                                      ; LCCOMB_X55_Y41_N18 ; 32      ; Clock enable             ; no     ; --                   ; --               ; --                        ;
; sc_cpu:cpu|sc_datapath:datapath|sc_dmem:dmem|ram~13763                                      ; LCCOMB_X55_Y41_N28 ; 32      ; Clock enable             ; no     ; --                   ; --               ; --                        ;
; sc_cpu:cpu|sc_datapath:datapath|sc_dmem:dmem|ram~13764                                      ; LCCOMB_X55_Y41_N14 ; 32      ; Clock enable             ; no     ; --                   ; --               ; --                        ;
; sc_cpu:cpu|sc_datapath:datapath|sc_dmem:dmem|ram~13765                                      ; LCCOMB_X55_Y41_N0  ; 32      ; Clock enable             ; no     ; --                   ; --               ; --                        ;
; sc_cpu:cpu|sc_datapath:datapath|sc_dmem:dmem|ram~13767                                      ; LCCOMB_X61_Y31_N22 ; 32      ; Clock enable             ; no     ; --                   ; --               ; --                        ;
; sc_cpu:cpu|sc_datapath:datapath|sc_dmem:dmem|ram~13768                                      ; LCCOMB_X61_Y31_N24 ; 32      ; Clock enable             ; no     ; --                   ; --               ; --                        ;
; sc_cpu:cpu|sc_datapath:datapath|sc_dmem:dmem|ram~13769                                      ; LCCOMB_X61_Y31_N26 ; 32      ; Clock enable             ; no     ; --                   ; --               ; --                        ;
; sc_cpu:cpu|sc_datapath:datapath|sc_dmem:dmem|ram~13770                                      ; LCCOMB_X60_Y33_N16 ; 32      ; Clock enable             ; no     ; --                   ; --               ; --                        ;
; sc_cpu:cpu|sc_datapath:datapath|sc_dmem:dmem|ram~13771                                      ; LCCOMB_X56_Y28_N10 ; 32      ; Clock enable             ; no     ; --                   ; --               ; --                        ;
; sc_cpu:cpu|sc_datapath:datapath|sc_dmem:dmem|ram~13772                                      ; LCCOMB_X67_Y30_N4  ; 32      ; Clock enable             ; no     ; --                   ; --               ; --                        ;
; sc_cpu:cpu|sc_datapath:datapath|sc_dmem:dmem|ram~13773                                      ; LCCOMB_X61_Y31_N12 ; 32      ; Clock enable             ; no     ; --                   ; --               ; --                        ;
; sc_cpu:cpu|sc_datapath:datapath|sc_dmem:dmem|ram~13774                                      ; LCCOMB_X61_Y31_N14 ; 32      ; Clock enable             ; no     ; --                   ; --               ; --                        ;
; sc_cpu:cpu|sc_datapath:datapath|sc_dmem:dmem|ram~13775                                      ; LCCOMB_X70_Y39_N22 ; 32      ; Clock enable             ; no     ; --                   ; --               ; --                        ;
; sc_cpu:cpu|sc_datapath:datapath|sc_dmem:dmem|ram~13776                                      ; LCCOMB_X58_Y31_N20 ; 32      ; Clock enable             ; no     ; --                   ; --               ; --                        ;
; sc_cpu:cpu|sc_datapath:datapath|sc_dmem:dmem|ram~13777                                      ; LCCOMB_X70_Y39_N8  ; 32      ; Clock enable             ; no     ; --                   ; --               ; --                        ;
; sc_cpu:cpu|sc_datapath:datapath|sc_dmem:dmem|ram~13778                                      ; LCCOMB_X61_Y31_N8  ; 32      ; Clock enable             ; no     ; --                   ; --               ; --                        ;
; sc_cpu:cpu|sc_datapath:datapath|sc_dmem:dmem|ram~13779                                      ; LCCOMB_X61_Y31_N2  ; 32      ; Clock enable             ; no     ; --                   ; --               ; --                        ;
; sc_cpu:cpu|sc_datapath:datapath|sc_dmem:dmem|ram~13780                                      ; LCCOMB_X61_Y31_N20 ; 32      ; Clock enable             ; no     ; --                   ; --               ; --                        ;
; sc_cpu:cpu|sc_datapath:datapath|sc_dmem:dmem|ram~13781                                      ; LCCOMB_X60_Y36_N14 ; 32      ; Clock enable             ; no     ; --                   ; --               ; --                        ;
; sc_cpu:cpu|sc_datapath:datapath|sc_dmem:dmem|ram~13782                                      ; LCCOMB_X55_Y41_N2  ; 32      ; Clock enable             ; no     ; --                   ; --               ; --                        ;
; sc_cpu:cpu|sc_datapath:datapath|sc_dmem:dmem|ram~13784                                      ; LCCOMB_X54_Y33_N26 ; 32      ; Clock enable             ; no     ; --                   ; --               ; --                        ;
; sc_cpu:cpu|sc_datapath:datapath|sc_dmem:dmem|ram~13785                                      ; LCCOMB_X60_Y36_N24 ; 32      ; Clock enable             ; no     ; --                   ; --               ; --                        ;
; sc_cpu:cpu|sc_datapath:datapath|sc_dmem:dmem|ram~13786                                      ; LCCOMB_X62_Y31_N14 ; 32      ; Clock enable             ; no     ; --                   ; --               ; --                        ;
; sc_cpu:cpu|sc_datapath:datapath|sc_dmem:dmem|ram~13787                                      ; LCCOMB_X55_Y33_N20 ; 32      ; Clock enable             ; no     ; --                   ; --               ; --                        ;
; sc_cpu:cpu|sc_datapath:datapath|sc_dmem:dmem|ram~13788                                      ; LCCOMB_X54_Y44_N14 ; 32      ; Clock enable             ; no     ; --                   ; --               ; --                        ;
; sc_cpu:cpu|sc_datapath:datapath|sc_dmem:dmem|ram~13789                                      ; LCCOMB_X53_Y31_N10 ; 32      ; Clock enable             ; no     ; --                   ; --               ; --                        ;
; sc_cpu:cpu|sc_datapath:datapath|sc_dmem:dmem|ram~13790                                      ; LCCOMB_X62_Y37_N2  ; 32      ; Clock enable             ; no     ; --                   ; --               ; --                        ;
; sc_cpu:cpu|sc_datapath:datapath|sc_dmem:dmem|ram~13791                                      ; LCCOMB_X55_Y34_N2  ; 32      ; Clock enable             ; no     ; --                   ; --               ; --                        ;
; sc_cpu:cpu|sc_datapath:datapath|sc_dmem:dmem|ram~13792                                      ; LCCOMB_X52_Y40_N6  ; 32      ; Clock enable             ; no     ; --                   ; --               ; --                        ;
; sc_cpu:cpu|sc_datapath:datapath|sc_dmem:dmem|ram~13793                                      ; LCCOMB_X46_Y34_N24 ; 32      ; Clock enable             ; no     ; --                   ; --               ; --                        ;
; sc_cpu:cpu|sc_datapath:datapath|sc_dmem:dmem|ram~13794                                      ; LCCOMB_X52_Y40_N16 ; 32      ; Clock enable             ; no     ; --                   ; --               ; --                        ;
; sc_cpu:cpu|sc_datapath:datapath|sc_dmem:dmem|ram~13795                                      ; LCCOMB_X48_Y39_N24 ; 32      ; Clock enable             ; no     ; --                   ; --               ; --                        ;
; sc_cpu:cpu|sc_datapath:datapath|sc_dmem:dmem|ram~13796                                      ; LCCOMB_X47_Y36_N26 ; 32      ; Clock enable             ; no     ; --                   ; --               ; --                        ;
; sc_cpu:cpu|sc_datapath:datapath|sc_dmem:dmem|ram~13797                                      ; LCCOMB_X54_Y44_N0  ; 32      ; Clock enable             ; no     ; --                   ; --               ; --                        ;
; sc_cpu:cpu|sc_datapath:datapath|sc_dmem:dmem|ram~13798                                      ; LCCOMB_X52_Y40_N26 ; 32      ; Clock enable             ; no     ; --                   ; --               ; --                        ;
; sc_cpu:cpu|sc_datapath:datapath|sc_dmem:dmem|ram~13799                                      ; LCCOMB_X52_Y40_N20 ; 32      ; Clock enable             ; no     ; --                   ; --               ; --                        ;
; sc_cpu:cpu|sc_datapath:datapath|sc_dmem:dmem|ram~13801                                      ; LCCOMB_X58_Y31_N4  ; 32      ; Clock enable             ; no     ; --                   ; --               ; --                        ;
; sc_cpu:cpu|sc_datapath:datapath|sc_dmem:dmem|ram~13802                                      ; LCCOMB_X69_Y35_N22 ; 32      ; Clock enable             ; no     ; --                   ; --               ; --                        ;
; sc_cpu:cpu|sc_datapath:datapath|sc_dmem:dmem|ram~13803                                      ; LCCOMB_X63_Y35_N10 ; 32      ; Clock enable             ; no     ; --                   ; --               ; --                        ;
; sc_cpu:cpu|sc_datapath:datapath|sc_dmem:dmem|ram~13804                                      ; LCCOMB_X62_Y33_N30 ; 32      ; Clock enable             ; no     ; --                   ; --               ; --                        ;
; sc_cpu:cpu|sc_datapath:datapath|sc_dmem:dmem|ram~13805                                      ; LCCOMB_X69_Y35_N18 ; 32      ; Clock enable             ; no     ; --                   ; --               ; --                        ;
; sc_cpu:cpu|sc_datapath:datapath|sc_dmem:dmem|ram~13806                                      ; LCCOMB_X63_Y32_N12 ; 32      ; Clock enable             ; no     ; --                   ; --               ; --                        ;
; sc_cpu:cpu|sc_datapath:datapath|sc_dmem:dmem|ram~13807                                      ; LCCOMB_X63_Y32_N4  ; 32      ; Clock enable             ; no     ; --                   ; --               ; --                        ;
; sc_cpu:cpu|sc_datapath:datapath|sc_dmem:dmem|ram~13808                                      ; LCCOMB_X55_Y34_N28 ; 32      ; Clock enable             ; no     ; --                   ; --               ; --                        ;
; sc_cpu:cpu|sc_datapath:datapath|sc_dmem:dmem|ram~13809                                      ; LCCOMB_X66_Y41_N30 ; 32      ; Clock enable             ; no     ; --                   ; --               ; --                        ;
; sc_cpu:cpu|sc_datapath:datapath|sc_dmem:dmem|ram~13810                                      ; LCCOMB_X58_Y31_N14 ; 32      ; Clock enable             ; no     ; --                   ; --               ; --                        ;
; sc_cpu:cpu|sc_datapath:datapath|sc_dmem:dmem|ram~13811                                      ; LCCOMB_X63_Y35_N20 ; 32      ; Clock enable             ; no     ; --                   ; --               ; --                        ;
; sc_cpu:cpu|sc_datapath:datapath|sc_dmem:dmem|ram~13812                                      ; LCCOMB_X61_Y31_N16 ; 32      ; Clock enable             ; no     ; --                   ; --               ; --                        ;
; sc_cpu:cpu|sc_datapath:datapath|sc_dmem:dmem|ram~13813                                      ; LCCOMB_X63_Y32_N6  ; 32      ; Clock enable             ; no     ; --                   ; --               ; --                        ;
; sc_cpu:cpu|sc_datapath:datapath|sc_dmem:dmem|ram~13814                                      ; LCCOMB_X61_Y38_N14 ; 32      ; Clock enable             ; no     ; --                   ; --               ; --                        ;
; sc_cpu:cpu|sc_datapath:datapath|sc_dmem:dmem|ram~13815                                      ; LCCOMB_X62_Y39_N24 ; 32      ; Clock enable             ; no     ; --                   ; --               ; --                        ;
; sc_cpu:cpu|sc_datapath:datapath|sc_dmem:dmem|ram~13816                                      ; LCCOMB_X55_Y41_N12 ; 32      ; Clock enable             ; no     ; --                   ; --               ; --                        ;
; sc_cpu:cpu|sc_datapath:datapath|sc_dmem:dmem|ram~13818                                      ; LCCOMB_X66_Y32_N24 ; 32      ; Clock enable             ; no     ; --                   ; --               ; --                        ;
; sc_cpu:cpu|sc_datapath:datapath|sc_dmem:dmem|ram~13819                                      ; LCCOMB_X55_Y31_N4  ; 32      ; Clock enable             ; no     ; --                   ; --               ; --                        ;
; sc_cpu:cpu|sc_datapath:datapath|sc_dmem:dmem|ram~13820                                      ; LCCOMB_X69_Y35_N16 ; 32      ; Clock enable             ; no     ; --                   ; --               ; --                        ;
; sc_cpu:cpu|sc_datapath:datapath|sc_dmem:dmem|ram~13821                                      ; LCCOMB_X55_Y34_N22 ; 32      ; Clock enable             ; no     ; --                   ; --               ; --                        ;
; sc_cpu:cpu|sc_datapath:datapath|sc_dmem:dmem|ram~13822                                      ; LCCOMB_X54_Y29_N6  ; 32      ; Clock enable             ; no     ; --                   ; --               ; --                        ;
; sc_cpu:cpu|sc_datapath:datapath|sc_dmem:dmem|ram~13823                                      ; LCCOMB_X66_Y32_N10 ; 32      ; Clock enable             ; no     ; --                   ; --               ; --                        ;
; sc_cpu:cpu|sc_datapath:datapath|sc_dmem:dmem|ram~13824                                      ; LCCOMB_X65_Y31_N22 ; 32      ; Clock enable             ; no     ; --                   ; --               ; --                        ;
; sc_cpu:cpu|sc_datapath:datapath|sc_dmem:dmem|ram~13825                                      ; LCCOMB_X65_Y31_N8  ; 32      ; Clock enable             ; no     ; --                   ; --               ; --                        ;
; sc_cpu:cpu|sc_datapath:datapath|sc_dmem:dmem|ram~13826                                      ; LCCOMB_X66_Y38_N14 ; 32      ; Clock enable             ; no     ; --                   ; --               ; --                        ;
; sc_cpu:cpu|sc_datapath:datapath|sc_dmem:dmem|ram~13827                                      ; LCCOMB_X49_Y31_N16 ; 32      ; Clock enable             ; no     ; --                   ; --               ; --                        ;
; sc_cpu:cpu|sc_datapath:datapath|sc_dmem:dmem|ram~13828                                      ; LCCOMB_X66_Y32_N16 ; 32      ; Clock enable             ; no     ; --                   ; --               ; --                        ;
; sc_cpu:cpu|sc_datapath:datapath|sc_dmem:dmem|ram~13829                                      ; LCCOMB_X49_Y37_N18 ; 32      ; Clock enable             ; no     ; --                   ; --               ; --                        ;
; sc_cpu:cpu|sc_datapath:datapath|sc_dmem:dmem|ram~13830                                      ; LCCOMB_X56_Y28_N28 ; 32      ; Clock enable             ; no     ; --                   ; --               ; --                        ;
; sc_cpu:cpu|sc_datapath:datapath|sc_dmem:dmem|ram~13831                                      ; LCCOMB_X66_Y32_N18 ; 32      ; Clock enable             ; no     ; --                   ; --               ; --                        ;
; sc_cpu:cpu|sc_datapath:datapath|sc_dmem:dmem|ram~13832                                      ; LCCOMB_X60_Y36_N26 ; 32      ; Clock enable             ; no     ; --                   ; --               ; --                        ;
; sc_cpu:cpu|sc_datapath:datapath|sc_dmem:dmem|ram~13833                                      ; LCCOMB_X53_Y38_N30 ; 32      ; Clock enable             ; no     ; --                   ; --               ; --                        ;
; sc_cpu:cpu|sc_datapath:datapath|sc_dmem:dmem|ram~13835                                      ; LCCOMB_X80_Y39_N16 ; 32      ; Clock enable             ; no     ; --                   ; --               ; --                        ;
; sc_cpu:cpu|sc_datapath:datapath|sc_dmem:dmem|ram~13836                                      ; LCCOMB_X73_Y39_N30 ; 32      ; Clock enable             ; no     ; --                   ; --               ; --                        ;
; sc_cpu:cpu|sc_datapath:datapath|sc_dmem:dmem|ram~13837                                      ; LCCOMB_X72_Y43_N20 ; 32      ; Clock enable             ; no     ; --                   ; --               ; --                        ;
; sc_cpu:cpu|sc_datapath:datapath|sc_dmem:dmem|ram~13838                                      ; LCCOMB_X76_Y41_N24 ; 32      ; Clock enable             ; no     ; --                   ; --               ; --                        ;
; sc_cpu:cpu|sc_datapath:datapath|sc_dmem:dmem|ram~13839                                      ; LCCOMB_X65_Y26_N30 ; 32      ; Clock enable             ; no     ; --                   ; --               ; --                        ;
; sc_cpu:cpu|sc_datapath:datapath|sc_dmem:dmem|ram~13840                                      ; LCCOMB_X55_Y31_N30 ; 32      ; Clock enable             ; no     ; --                   ; --               ; --                        ;
; sc_cpu:cpu|sc_datapath:datapath|sc_dmem:dmem|ram~13841                                      ; LCCOMB_X70_Y30_N4  ; 32      ; Clock enable             ; no     ; --                   ; --               ; --                        ;
; sc_cpu:cpu|sc_datapath:datapath|sc_dmem:dmem|ram~13842                                      ; LCCOMB_X56_Y28_N16 ; 32      ; Clock enable             ; no     ; --                   ; --               ; --                        ;
; sc_cpu:cpu|sc_datapath:datapath|sc_dmem:dmem|ram~13843                                      ; LCCOMB_X69_Y35_N28 ; 32      ; Clock enable             ; no     ; --                   ; --               ; --                        ;
; sc_cpu:cpu|sc_datapath:datapath|sc_dmem:dmem|ram~13844                                      ; LCCOMB_X70_Y35_N18 ; 32      ; Clock enable             ; no     ; --                   ; --               ; --                        ;
; sc_cpu:cpu|sc_datapath:datapath|sc_dmem:dmem|ram~13845                                      ; LCCOMB_X70_Y30_N14 ; 32      ; Clock enable             ; no     ; --                   ; --               ; --                        ;
; sc_cpu:cpu|sc_datapath:datapath|sc_dmem:dmem|ram~13846                                      ; LCCOMB_X62_Y39_N10 ; 32      ; Clock enable             ; no     ; --                   ; --               ; --                        ;
; sc_cpu:cpu|sc_datapath:datapath|sc_dmem:dmem|ram~13847                                      ; LCCOMB_X70_Y30_N0  ; 32      ; Clock enable             ; no     ; --                   ; --               ; --                        ;
; sc_cpu:cpu|sc_datapath:datapath|sc_dmem:dmem|ram~13848                                      ; LCCOMB_X55_Y34_N0  ; 32      ; Clock enable             ; no     ; --                   ; --               ; --                        ;
; sc_cpu:cpu|sc_datapath:datapath|sc_dmem:dmem|ram~13849                                      ; LCCOMB_X45_Y37_N24 ; 32      ; Clock enable             ; no     ; --                   ; --               ; --                        ;
; sc_cpu:cpu|sc_datapath:datapath|sc_dmem:dmem|ram~13850                                      ; LCCOMB_X55_Y41_N6  ; 32      ; Clock enable             ; no     ; --                   ; --               ; --                        ;
; sc_cpu:cpu|sc_datapath:datapath|sc_dmem:dmem|ram~13852                                      ; LCCOMB_X61_Y30_N28 ; 32      ; Clock enable             ; no     ; --                   ; --               ; --                        ;
; sc_cpu:cpu|sc_datapath:datapath|sc_dmem:dmem|ram~13853                                      ; LCCOMB_X55_Y31_N8  ; 32      ; Clock enable             ; no     ; --                   ; --               ; --                        ;
; sc_cpu:cpu|sc_datapath:datapath|sc_dmem:dmem|ram~13854                                      ; LCCOMB_X67_Y25_N28 ; 32      ; Clock enable             ; no     ; --                   ; --               ; --                        ;
; sc_cpu:cpu|sc_datapath:datapath|sc_dmem:dmem|ram~13855                                      ; LCCOMB_X66_Y33_N24 ; 32      ; Clock enable             ; no     ; --                   ; --               ; --                        ;
; sc_cpu:cpu|sc_datapath:datapath|sc_dmem:dmem|ram~13856                                      ; LCCOMB_X75_Y42_N18 ; 32      ; Clock enable             ; no     ; --                   ; --               ; --                        ;
; sc_cpu:cpu|sc_datapath:datapath|sc_dmem:dmem|ram~13857                                      ; LCCOMB_X68_Y46_N30 ; 32      ; Clock enable             ; no     ; --                   ; --               ; --                        ;
; sc_cpu:cpu|sc_datapath:datapath|sc_dmem:dmem|ram~13858                                      ; LCCOMB_X69_Y46_N14 ; 32      ; Clock enable             ; no     ; --                   ; --               ; --                        ;
; sc_cpu:cpu|sc_datapath:datapath|sc_dmem:dmem|ram~13859                                      ; LCCOMB_X68_Y46_N8  ; 32      ; Clock enable             ; no     ; --                   ; --               ; --                        ;
; sc_cpu:cpu|sc_datapath:datapath|sc_dmem:dmem|ram~13860                                      ; LCCOMB_X62_Y42_N30 ; 32      ; Clock enable             ; no     ; --                   ; --               ; --                        ;
; sc_cpu:cpu|sc_datapath:datapath|sc_dmem:dmem|ram~13861                                      ; LCCOMB_X70_Y35_N28 ; 32      ; Clock enable             ; no     ; --                   ; --               ; --                        ;
; sc_cpu:cpu|sc_datapath:datapath|sc_dmem:dmem|ram~13862                                      ; LCCOMB_X66_Y33_N18 ; 32      ; Clock enable             ; no     ; --                   ; --               ; --                        ;
; sc_cpu:cpu|sc_datapath:datapath|sc_dmem:dmem|ram~13863                                      ; LCCOMB_X62_Y39_N20 ; 32      ; Clock enable             ; no     ; --                   ; --               ; --                        ;
; sc_cpu:cpu|sc_datapath:datapath|sc_dmem:dmem|ram~13864                                      ; LCCOMB_X61_Y29_N22 ; 32      ; Clock enable             ; no     ; --                   ; --               ; --                        ;
; sc_cpu:cpu|sc_datapath:datapath|sc_dmem:dmem|ram~13865                                      ; LCCOMB_X55_Y34_N10 ; 32      ; Clock enable             ; no     ; --                   ; --               ; --                        ;
; sc_cpu:cpu|sc_datapath:datapath|sc_dmem:dmem|ram~13866                                      ; LCCOMB_X41_Y35_N0  ; 32      ; Clock enable             ; no     ; --                   ; --               ; --                        ;
; sc_cpu:cpu|sc_datapath:datapath|sc_dmem:dmem|ram~13867                                      ; LCCOMB_X55_Y41_N8  ; 32      ; Clock enable             ; no     ; --                   ; --               ; --                        ;
; sc_cpu:cpu|sc_datapath:datapath|sc_dmem:dmem|ram~13869                                      ; LCCOMB_X62_Y29_N2  ; 32      ; Clock enable             ; no     ; --                   ; --               ; --                        ;
; sc_cpu:cpu|sc_datapath:datapath|sc_dmem:dmem|ram~13870                                      ; LCCOMB_X55_Y31_N10 ; 32      ; Clock enable             ; no     ; --                   ; --               ; --                        ;
; sc_cpu:cpu|sc_datapath:datapath|sc_dmem:dmem|ram~13871                                      ; LCCOMB_X66_Y30_N28 ; 32      ; Clock enable             ; no     ; --                   ; --               ; --                        ;
; sc_cpu:cpu|sc_datapath:datapath|sc_dmem:dmem|ram~13872                                      ; LCCOMB_X65_Y30_N22 ; 32      ; Clock enable             ; no     ; --                   ; --               ; --                        ;
; sc_cpu:cpu|sc_datapath:datapath|sc_dmem:dmem|ram~13873                                      ; LCCOMB_X69_Y35_N8  ; 32      ; Clock enable             ; no     ; --                   ; --               ; --                        ;
; sc_cpu:cpu|sc_datapath:datapath|sc_dmem:dmem|ram~13874                                      ; LCCOMB_X69_Y35_N14 ; 32      ; Clock enable             ; no     ; --                   ; --               ; --                        ;
; sc_cpu:cpu|sc_datapath:datapath|sc_dmem:dmem|ram~13875                                      ; LCCOMB_X67_Y41_N2  ; 32      ; Clock enable             ; no     ; --                   ; --               ; --                        ;
; sc_cpu:cpu|sc_datapath:datapath|sc_dmem:dmem|ram~13876                                      ; LCCOMB_X65_Y42_N30 ; 32      ; Clock enable             ; no     ; --                   ; --               ; --                        ;
; sc_cpu:cpu|sc_datapath:datapath|sc_dmem:dmem|ram~13877                                      ; LCCOMB_X69_Y35_N2  ; 32      ; Clock enable             ; no     ; --                   ; --               ; --                        ;
; sc_cpu:cpu|sc_datapath:datapath|sc_dmem:dmem|ram~13878                                      ; LCCOMB_X70_Y35_N22 ; 32      ; Clock enable             ; no     ; --                   ; --               ; --                        ;
; sc_cpu:cpu|sc_datapath:datapath|sc_dmem:dmem|ram~13879                                      ; LCCOMB_X63_Y40_N6  ; 32      ; Clock enable             ; no     ; --                   ; --               ; --                        ;
; sc_cpu:cpu|sc_datapath:datapath|sc_dmem:dmem|ram~13880                                      ; LCCOMB_X61_Y40_N4  ; 32      ; Clock enable             ; no     ; --                   ; --               ; --                        ;
; sc_cpu:cpu|sc_datapath:datapath|sc_dmem:dmem|ram~13881                                      ; LCCOMB_X62_Y29_N24 ; 32      ; Clock enable             ; no     ; --                   ; --               ; --                        ;
; sc_cpu:cpu|sc_datapath:datapath|sc_dmem:dmem|ram~13882                                      ; LCCOMB_X55_Y34_N12 ; 32      ; Clock enable             ; no     ; --                   ; --               ; --                        ;
; sc_cpu:cpu|sc_datapath:datapath|sc_dmem:dmem|ram~13883                                      ; LCCOMB_X50_Y38_N14 ; 32      ; Clock enable             ; no     ; --                   ; --               ; --                        ;
; sc_cpu:cpu|sc_datapath:datapath|sc_dmem:dmem|ram~13884                                      ; LCCOMB_X55_Y41_N26 ; 32      ; Clock enable             ; no     ; --                   ; --               ; --                        ;
; sc_cpu:cpu|sc_datapath:datapath|sc_dmem:dmem|ram~13886                                      ; LCCOMB_X75_Y42_N20 ; 32      ; Clock enable             ; no     ; --                   ; --               ; --                        ;
; sc_cpu:cpu|sc_datapath:datapath|sc_dmem:dmem|ram~13887                                      ; LCCOMB_X55_Y31_N20 ; 32      ; Clock enable             ; no     ; --                   ; --               ; --                        ;
; sc_cpu:cpu|sc_datapath:datapath|sc_dmem:dmem|ram~13888                                      ; LCCOMB_X69_Y35_N4  ; 32      ; Clock enable             ; no     ; --                   ; --               ; --                        ;
; sc_cpu:cpu|sc_datapath:datapath|sc_dmem:dmem|ram~13889                                      ; LCCOMB_X55_Y34_N6  ; 32      ; Clock enable             ; no     ; --                   ; --               ; --                        ;
; sc_cpu:cpu|sc_datapath:datapath|sc_dmem:dmem|ram~13890                                      ; LCCOMB_X66_Y33_N30 ; 32      ; Clock enable             ; no     ; --                   ; --               ; --                        ;
; sc_cpu:cpu|sc_datapath:datapath|sc_dmem:dmem|ram~13891                                      ; LCCOMB_X70_Y43_N30 ; 32      ; Clock enable             ; no     ; --                   ; --               ; --                        ;
; sc_cpu:cpu|sc_datapath:datapath|sc_dmem:dmem|ram~13892                                      ; LCCOMB_X70_Y35_N8  ; 32      ; Clock enable             ; no     ; --                   ; --               ; --                        ;
; sc_cpu:cpu|sc_datapath:datapath|sc_dmem:dmem|ram~13893                                      ; LCCOMB_X66_Y33_N8  ; 32      ; Clock enable             ; no     ; --                   ; --               ; --                        ;
; sc_cpu:cpu|sc_datapath:datapath|sc_dmem:dmem|ram~13894                                      ; LCCOMB_X73_Y43_N22 ; 32      ; Clock enable             ; no     ; --                   ; --               ; --                        ;
; sc_cpu:cpu|sc_datapath:datapath|sc_dmem:dmem|ram~13895                                      ; LCCOMB_X73_Y28_N2  ; 32      ; Clock enable             ; no     ; --                   ; --               ; --                        ;
; sc_cpu:cpu|sc_datapath:datapath|sc_dmem:dmem|ram~13896                                      ; LCCOMB_X66_Y33_N2  ; 32      ; Clock enable             ; no     ; --                   ; --               ; --                        ;
; sc_cpu:cpu|sc_datapath:datapath|sc_dmem:dmem|ram~13897                                      ; LCCOMB_X56_Y36_N16 ; 32      ; Clock enable             ; no     ; --                   ; --               ; --                        ;
; sc_cpu:cpu|sc_datapath:datapath|sc_dmem:dmem|ram~13898                                      ; LCCOMB_X66_Y33_N4  ; 32      ; Clock enable             ; no     ; --                   ; --               ; --                        ;
; sc_cpu:cpu|sc_datapath:datapath|sc_dmem:dmem|ram~13899                                      ; LCCOMB_X60_Y44_N6  ; 32      ; Clock enable             ; no     ; --                   ; --               ; --                        ;
; sc_cpu:cpu|sc_datapath:datapath|sc_dmem:dmem|ram~13900                                      ; LCCOMB_X62_Y39_N14 ; 32      ; Clock enable             ; no     ; --                   ; --               ; --                        ;
; sc_cpu:cpu|sc_datapath:datapath|sc_dmem:dmem|ram~13901                                      ; LCCOMB_X55_Y41_N4  ; 32      ; Clock enable             ; no     ; --                   ; --               ; --                        ;
; sc_cpu:cpu|sc_datapath:datapath|sc_mmio:mmio|LEDG[0]~1                                      ; LCCOMB_X45_Y49_N16 ; 9       ; Clock enable             ; no     ; --                   ; --               ; --                        ;
; sc_cpu:cpu|sc_datapath:datapath|sc_mmio:mmio|LEDR[0]~0                                      ; LCCOMB_X30_Y65_N0  ; 18      ; Clock enable             ; no     ; --                   ; --               ; --                        ;
; sc_cpu:cpu|sc_datapath:datapath|sc_regfile:regfile|regs~1793                                ; LCCOMB_X40_Y53_N20 ; 32      ; Clock enable             ; no     ; --                   ; --               ; --                        ;
; sc_cpu:cpu|sc_datapath:datapath|sc_regfile:regfile|regs~1795                                ; LCCOMB_X42_Y54_N30 ; 32      ; Clock enable             ; no     ; --                   ; --               ; --                        ;
; sc_cpu:cpu|sc_datapath:datapath|sc_regfile:regfile|regs~1797                                ; LCCOMB_X40_Y53_N14 ; 32      ; Clock enable             ; no     ; --                   ; --               ; --                        ;
; sc_cpu:cpu|sc_datapath:datapath|sc_regfile:regfile|regs~1799                                ; LCCOMB_X39_Y53_N0  ; 32      ; Clock enable             ; no     ; --                   ; --               ; --                        ;
; sc_cpu:cpu|sc_datapath:datapath|sc_regfile:regfile|regs~1801                                ; LCCOMB_X40_Y53_N16 ; 32      ; Clock enable             ; no     ; --                   ; --               ; --                        ;
; sc_cpu:cpu|sc_datapath:datapath|sc_regfile:regfile|regs~1803                                ; LCCOMB_X40_Y53_N26 ; 32      ; Clock enable             ; no     ; --                   ; --               ; --                        ;
; sc_cpu:cpu|sc_datapath:datapath|sc_regfile:regfile|regs~1805                                ; LCCOMB_X40_Y53_N12 ; 32      ; Clock enable             ; no     ; --                   ; --               ; --                        ;
; sc_cpu:cpu|sc_datapath:datapath|sc_regfile:regfile|regs~1807                                ; LCCOMB_X39_Y51_N0  ; 32      ; Clock enable             ; no     ; --                   ; --               ; --                        ;
; sc_cpu:cpu|sc_datapath:datapath|sc_regfile:regfile|regs~1809                                ; LCCOMB_X40_Y53_N30 ; 32      ; Clock enable             ; no     ; --                   ; --               ; --                        ;
; sc_cpu:cpu|sc_datapath:datapath|sc_regfile:regfile|regs~1810                                ; LCCOMB_X42_Y54_N16 ; 32      ; Clock enable             ; no     ; --                   ; --               ; --                        ;
; sc_cpu:cpu|sc_datapath:datapath|sc_regfile:regfile|regs~1811                                ; LCCOMB_X40_Y53_N8  ; 32      ; Clock enable             ; no     ; --                   ; --               ; --                        ;
; sc_cpu:cpu|sc_datapath:datapath|sc_regfile:regfile|regs~1813                                ; LCCOMB_X39_Y51_N26 ; 32      ; Clock enable             ; no     ; --                   ; --               ; --                        ;
; sc_cpu:cpu|sc_datapath:datapath|sc_regfile:regfile|regs~1814                                ; LCCOMB_X40_Y53_N10 ; 32      ; Clock enable             ; no     ; --                   ; --               ; --                        ;
; sc_cpu:cpu|sc_datapath:datapath|sc_regfile:regfile|regs~1816                                ; LCCOMB_X39_Y51_N4  ; 32      ; Clock enable             ; no     ; --                   ; --               ; --                        ;
; sc_cpu:cpu|sc_datapath:datapath|sc_regfile:regfile|regs~1817                                ; LCCOMB_X40_Y53_N28 ; 32      ; Clock enable             ; no     ; --                   ; --               ; --                        ;
; sc_cpu:cpu|sc_datapath:datapath|sc_regfile:regfile|regs~1819                                ; LCCOMB_X40_Y53_N6  ; 32      ; Clock enable             ; no     ; --                   ; --               ; --                        ;
; sc_cpu:cpu|sc_datapath:datapath|sc_regfile:regfile|regs~1821                                ; LCCOMB_X39_Y51_N14 ; 32      ; Clock enable             ; no     ; --                   ; --               ; --                        ;
; sc_cpu:cpu|sc_datapath:datapath|sc_regfile:regfile|regs~1822                                ; LCCOMB_X40_Y53_N24 ; 32      ; Clock enable             ; no     ; --                   ; --               ; --                        ;
; sc_cpu:cpu|sc_datapath:datapath|sc_regfile:regfile|regs~1823                                ; LCCOMB_X40_Y53_N18 ; 32      ; Clock enable             ; no     ; --                   ; --               ; --                        ;
; sc_cpu:cpu|sc_datapath:datapath|sc_regfile:regfile|regs~1825                                ; LCCOMB_X42_Y54_N20 ; 32      ; Clock enable             ; no     ; --                   ; --               ; --                        ;
; sc_cpu:cpu|sc_datapath:datapath|sc_regfile:regfile|regs~1826                                ; LCCOMB_X39_Y53_N30 ; 32      ; Clock enable             ; no     ; --                   ; --               ; --                        ;
; sc_cpu:cpu|sc_datapath:datapath|sc_regfile:regfile|regs~1828                                ; LCCOMB_X42_Y54_N8  ; 32      ; Clock enable             ; no     ; --                   ; --               ; --                        ;
; sc_cpu:cpu|sc_datapath:datapath|sc_regfile:regfile|regs~1829                                ; LCCOMB_X39_Y51_N16 ; 32      ; Clock enable             ; no     ; --                   ; --               ; --                        ;
; sc_cpu:cpu|sc_datapath:datapath|sc_regfile:regfile|regs~1831                                ; LCCOMB_X42_Y54_N4  ; 32      ; Clock enable             ; no     ; --                   ; --               ; --                        ;
; sc_cpu:cpu|sc_datapath:datapath|sc_regfile:regfile|regs~1832                                ; LCCOMB_X40_Y53_N4  ; 32      ; Clock enable             ; no     ; --                   ; --               ; --                        ;
; sc_cpu:cpu|sc_datapath:datapath|sc_regfile:regfile|regs~1833                                ; LCCOMB_X39_Y51_N10 ; 32      ; Clock enable             ; no     ; --                   ; --               ; --                        ;
; sc_cpu:cpu|sc_datapath:datapath|sc_regfile:regfile|regs~1834                                ; LCCOMB_X39_Y51_N12 ; 32      ; Clock enable             ; no     ; --                   ; --               ; --                        ;
; sc_cpu:cpu|sc_datapath:datapath|sc_regfile:regfile|regs~1835                                ; LCCOMB_X42_Y54_N22 ; 32      ; Clock enable             ; no     ; --                   ; --               ; --                        ;
; sc_cpu:cpu|sc_datapath:datapath|sc_regfile:regfile|regs~1836                                ; LCCOMB_X40_Y53_N22 ; 32      ; Clock enable             ; no     ; --                   ; --               ; --                        ;
; sc_cpu:cpu|sc_datapath:datapath|sc_regfile:regfile|regs~1837                                ; LCCOMB_X39_Y51_N6  ; 32      ; Clock enable             ; no     ; --                   ; --               ; --                        ;
; sc_cpu:cpu|sc_datapath:datapath|sc_regfile:regfile|regs~1838                                ; LCCOMB_X42_Y54_N24 ; 32      ; Clock enable             ; no     ; --                   ; --               ; --                        ;
; sc_cpu:cpu|sc_datapath:datapath|sc_regfile:regfile|regs~1839                                ; LCCOMB_X42_Y54_N26 ; 32      ; Clock enable             ; no     ; --                   ; --               ; --                        ;
+---------------------------------------------------------------------------------------------+--------------------+---------+--------------------------+--------+----------------------+------------------+---------------------------+


+----------------------------------------------------------------------------------------------------------------------------------------------------------------------------------------------------------------------------------------+
; Global & Other Fast Signals                                                                                                                                                                                                            ;
+---------------------------------------------------------------------------------------------+-------------------+---------+--------------------------------------+----------------------+------------------+---------------------------+
; Name                                                                                        ; Location          ; Fan-Out ; Fan-Out Using Intentional Clock Skew ; Global Resource Used ; Global Line Name ; Enable Signal Source Name ;
+---------------------------------------------------------------------------------------------+-------------------+---------+--------------------------------------+----------------------+------------------+---------------------------+
; pll_10mhz:pll_inst|altpll:altpll_component|pll_10mhz_altpll:auto_generated|wire_pll1_clk[0] ; PLL_1             ; 9275    ; 0                                    ; Global Clock         ; GCLK3            ; --                        ;
; rst_cpu_n                                                                                   ; LCCOMB_X58_Y1_N24 ; 59      ; 0                                    ; Global Clock         ; GCLK18           ; --                        ;
+---------------------------------------------------------------------------------------------+-------------------+---------+--------------------------------------+----------------------+------------------+---------------------------+


+--------------------------------------------------------------+
; Non-Global High Fan-Out Signals                              ;
+----------------------------------------------------+---------+
; Name                                               ; Fan-Out ;
+----------------------------------------------------+---------+
; sc_cpu:cpu|sc_datapath:datapath|sc_alu:alu|Mux23~2 ; 1050    ;
; sc_cpu:cpu|sc_datapath:datapath|sc_alu:alu|Mux27~2 ; 1049    ;
; sc_cpu:cpu|sc_datapath:datapath|sc_alu:alu|Mux26~2 ; 1048    ;
; sc_cpu:cpu|sc_datapath:datapath|sc_alu:alu|Mux29~2 ; 1036    ;
; sc_cpu:cpu|sc_datapath:datapath|sc_alu:alu|Mux24~2 ; 1035    ;
; sc_cpu:cpu|sc_datapath:datapath|sc_alu:alu|Mux25~2 ; 1035    ;
; sc_cpu:cpu|sc_datapath:datapath|sc_alu:alu|Mux28~2 ; 1032    ;
; sc_cpu:cpu|sc_datapath:datapath|sc_alu:alu|Mux22~2 ; 1024    ;
+----------------------------------------------------+---------+


+--------------------------------------------------+
; Routing Usage Summary                            ;
+-----------------------+--------------------------+
; Routing Resource Type ; Usage                    ;
+-----------------------+--------------------------+
; Block interconnects   ; 21,130 / 342,891 ( 6 % ) ;
; C16 interconnects     ; 687 / 10,120 ( 7 % )     ;
; C4 interconnects      ; 15,959 / 209,544 ( 8 % ) ;
; Direct links          ; 877 / 342,891 ( < 1 % )  ;
; Global clocks         ; 2 / 20 ( 10 % )          ;
; Local interconnects   ; 3,304 / 119,088 ( 3 % )  ;
; R24 interconnects     ; 803 / 9,963 ( 8 % )      ;
; R4 interconnects      ; 18,983 / 289,782 ( 7 % ) ;
+-----------------------+--------------------------+


+------------------------------------------------------------------------------+
; LAB Logic Elements                                                           ;
+---------------------------------------------+--------------------------------+
; Number of Logic Elements  (Average = 10.82) ; Number of LABs  (Total = 1061) ;
+---------------------------------------------+--------------------------------+
; 1                                           ; 118                            ;
; 2                                           ; 98                             ;
; 3                                           ; 40                             ;
; 4                                           ; 21                             ;
; 5                                           ; 6                              ;
; 6                                           ; 10                             ;
; 7                                           ; 10                             ;
; 8                                           ; 7                              ;
; 9                                           ; 14                             ;
; 10                                          ; 20                             ;
; 11                                          ; 48                             ;
; 12                                          ; 54                             ;
; 13                                          ; 70                             ;
; 14                                          ; 111                            ;
; 15                                          ; 163                            ;
; 16                                          ; 271                            ;
+---------------------------------------------+--------------------------------+


+---------------------------------------------------------------------+
; LAB-wide Signals                                                    ;
+------------------------------------+--------------------------------+
; LAB-wide Signals  (Average = 1.91) ; Number of LABs  (Total = 1061) ;
+------------------------------------+--------------------------------+
; 1 Async. clear                     ; 10                             ;
; 1 Clock                            ; 1018                           ;
; 1 Clock enable                     ; 192                            ;
; 1 Sync. load                       ; 2                              ;
; 2 Clock enables                    ; 808                            ;
+------------------------------------+--------------------------------+


+-------------------------------------------------------------------------------+
; LAB Signals Sourced                                                           ;
+----------------------------------------------+--------------------------------+
; Number of Signals Sourced  (Average = 17.22) ; Number of LABs  (Total = 1061) ;
+----------------------------------------------+--------------------------------+
; 0                                            ; 1                              ;
; 1                                            ; 44                             ;
; 2                                            ; 80                             ;
; 3                                            ; 55                             ;
; 4                                            ; 52                             ;
; 5                                            ; 22                             ;
; 6                                            ; 15                             ;
; 7                                            ; 10                             ;
; 8                                            ; 8                              ;
; 9                                            ; 4                              ;
; 10                                           ; 8                              ;
; 11                                           ; 10                             ;
; 12                                           ; 5                              ;
; 13                                           ; 11                             ;
; 14                                           ; 16                             ;
; 15                                           ; 22                             ;
; 16                                           ; 39                             ;
; 17                                           ; 27                             ;
; 18                                           ; 42                             ;
; 19                                           ; 37                             ;
; 20                                           ; 45                             ;
; 21                                           ; 34                             ;
; 22                                           ; 47                             ;
; 23                                           ; 54                             ;
; 24                                           ; 64                             ;
; 25                                           ; 77                             ;
; 26                                           ; 75                             ;
; 27                                           ; 55                             ;
; 28                                           ; 31                             ;
; 29                                           ; 13                             ;
; 30                                           ; 22                             ;
; 31                                           ; 5                              ;
; 32                                           ; 31                             ;
+----------------------------------------------+--------------------------------+


+----------------------------------------------------------------------------------+
; LAB Signals Sourced Out                                                          ;
+-------------------------------------------------+--------------------------------+
; Number of Signals Sourced Out  (Average = 8.15) ; Number of LABs  (Total = 1061) ;
+-------------------------------------------------+--------------------------------+
; 0                                               ; 1                              ;
; 1                                               ; 152                            ;
; 2                                               ; 90                             ;
; 3                                               ; 52                             ;
; 4                                               ; 33                             ;
; 5                                               ; 32                             ;
; 6                                               ; 38                             ;
; 7                                               ; 35                             ;
; 8                                               ; 56                             ;
; 9                                               ; 83                             ;
; 10                                              ; 73                             ;
; 11                                              ; 92                             ;
; 12                                              ; 96                             ;
; 13                                              ; 83                             ;
; 14                                              ; 65                             ;
; 15                                              ; 35                             ;
; 16                                              ; 26                             ;
; 17                                              ; 4                              ;
; 18                                              ; 4                              ;
; 19                                              ; 5                              ;
; 20                                              ; 1                              ;
; 21                                              ; 0                              ;
; 22                                              ; 1                              ;
; 23                                              ; 0                              ;
; 24                                              ; 2                              ;
; 25                                              ; 0                              ;
; 26                                              ; 2                              ;
+-------------------------------------------------+--------------------------------+


+-------------------------------------------------------------------------------+
; LAB Distinct Inputs                                                           ;
+----------------------------------------------+--------------------------------+
; Number of Distinct Inputs  (Average = 20.27) ; Number of LABs  (Total = 1061) ;
+----------------------------------------------+--------------------------------+
; 0                                            ; 0                              ;
; 1                                            ; 0                              ;
; 2                                            ; 3                              ;
; 3                                            ; 70                             ;
; 4                                            ; 34                             ;
; 5                                            ; 29                             ;
; 6                                            ; 58                             ;
; 7                                            ; 15                             ;
; 8                                            ; 32                             ;
; 9                                            ; 15                             ;
; 10                                           ; 12                             ;
; 11                                           ; 12                             ;
; 12                                           ; 14                             ;
; 13                                           ; 12                             ;
; 14                                           ; 7                              ;
; 15                                           ; 19                             ;
; 16                                           ; 33                             ;
; 17                                           ; 30                             ;
; 18                                           ; 28                             ;
; 19                                           ; 33                             ;
; 20                                           ; 29                             ;
; 21                                           ; 23                             ;
; 22                                           ; 34                             ;
; 23                                           ; 30                             ;
; 24                                           ; 40                             ;
; 25                                           ; 35                             ;
; 26                                           ; 45                             ;
; 27                                           ; 30                             ;
; 28                                           ; 34                             ;
; 29                                           ; 49                             ;
; 30                                           ; 44                             ;
; 31                                           ; 56                             ;
; 32                                           ; 36                             ;
; 33                                           ; 41                             ;
; 34                                           ; 28                             ;
; 35                                           ; 16                             ;
; 36                                           ; 17                             ;
; 37                                           ; 18                             ;
+----------------------------------------------+--------------------------------+


+------------------------------------------+
; I/O Rules Summary                        ;
+----------------------------------+-------+
; I/O Rules Statistic              ; Total ;
+----------------------------------+-------+
; Total I/O Rules                  ; 30    ;
; Number of I/O Rules Passed       ; 12    ;
; Number of I/O Rules Failed       ; 0     ;
; Number of I/O Rules Unchecked    ; 0     ;
; Number of I/O Rules Inapplicable ; 18    ;
+----------------------------------+-------+


+-----------------------------------------------------------------------------------------------------------------------------------------------------------------------------------------------------------------------------------------------------------------------------------------------------+
; I/O Rules Details                                                                                                                                                                                                                                                                                   ;
+--------------+-----------+-----------------------------------+------------------------------------------------------------------------------------------------------+----------+--------------------------------------------------------------------------+---------------------+-------------------+
; Status       ; ID        ; Category                          ; Rule Description                                                                                     ; Severity ; Information                                                              ; Area                ; Extra Information ;
+--------------+-----------+-----------------------------------+------------------------------------------------------------------------------------------------------+----------+--------------------------------------------------------------------------+---------------------+-------------------+
; Pass         ; IO_000001 ; Capacity Checks                   ; Number of pins in an I/O bank should not exceed the number of locations available.                   ; Critical ; 0 such failures found.                                                   ; I/O                 ;                   ;
; Inapplicable ; IO_000002 ; Capacity Checks                   ; Number of clocks in an I/O bank should not exceed the number of clocks available.                    ; Critical ; No Global Signal assignments found.                                      ; I/O                 ;                   ;
; Pass         ; IO_000003 ; Capacity Checks                   ; Number of pins in a Vrefgroup should not exceed the number of locations available.                   ; Critical ; 0 such failures found.                                                   ; I/O                 ;                   ;
; Inapplicable ; IO_000004 ; Voltage Compatibility Checks      ; The I/O bank should support the requested VCCIO.                                                     ; Critical ; No IOBANK_VCCIO assignments found.                                       ; I/O                 ;                   ;
; Inapplicable ; IO_000005 ; Voltage Compatibility Checks      ; The I/O bank should not have competing VREF values.                                                  ; Critical ; No VREF I/O Standard assignments found.                                  ; I/O                 ;                   ;
; Pass         ; IO_000006 ; Voltage Compatibility Checks      ; The I/O bank should not have competing VCCIO values.                                                 ; Critical ; 0 such failures found.                                                   ; I/O                 ;                   ;
; Pass         ; IO_000007 ; Valid Location Checks             ; Checks for unavailable locations.                                                                    ; Critical ; 0 such failures found.                                                   ; I/O                 ;                   ;
; Inapplicable ; IO_000008 ; Valid Location Checks             ; Checks for reserved locations.                                                                       ; Critical ; No reserved LogicLock region found.                                      ; I/O                 ;                   ;
; Pass         ; IO_000009 ; I/O Properties Checks for One I/O ; The location should support the requested I/O standard.                                              ; Critical ; 0 such failures found.                                                   ; I/O                 ;                   ;
; Pass         ; IO_000010 ; I/O Properties Checks for One I/O ; The location should support the requested I/O direction.                                             ; Critical ; 0 such failures found.                                                   ; I/O                 ;                   ;
; Inapplicable ; IO_000011 ; I/O Properties Checks for One I/O ; The location should support the requested Current Strength.                                          ; Critical ; No Current Strength assignments found.                                   ; I/O                 ;                   ;
; Pass         ; IO_000012 ; I/O Properties Checks for One I/O ; The location should support the requested On Chip Termination value.                                 ; Critical ; 0 such failures found.                                                   ; I/O                 ;                   ;
; Inapplicable ; IO_000013 ; I/O Properties Checks for One I/O ; The location should support the requested Bus Hold value.                                            ; Critical ; No Enable Bus-Hold Circuitry assignments found.                          ; I/O                 ;                   ;
; Inapplicable ; IO_000014 ; I/O Properties Checks for One I/O ; The location should support the requested Weak Pull Up value.                                        ; Critical ; No Weak Pull-Up Resistor assignments found.                              ; I/O                 ;                   ;
; Pass         ; IO_000015 ; I/O Properties Checks for One I/O ; The location should support the requested PCI Clamp Diode.                                           ; Critical ; 0 such failures found.                                                   ; I/O                 ;                   ;
; Inapplicable ; IO_000018 ; I/O Properties Checks for One I/O ; The I/O standard should support the requested Current Strength.                                      ; Critical ; No Current Strength assignments found.                                   ; I/O                 ;                   ;
; Pass         ; IO_000019 ; I/O Properties Checks for One I/O ; The I/O standard should support the requested On Chip Termination value.                             ; Critical ; 0 such failures found.                                                   ; I/O                 ;                   ;
; Pass         ; IO_000020 ; I/O Properties Checks for One I/O ; The I/O standard should support the requested PCI Clamp Diode.                                       ; Critical ; 0 such failures found.                                                   ; I/O                 ;                   ;
; Inapplicable ; IO_000021 ; I/O Properties Checks for One I/O ; The I/O standard should support the requested Weak Pull Up value.                                    ; Critical ; No Weak Pull-Up Resistor assignments found.                              ; I/O                 ;                   ;
; Inapplicable ; IO_000022 ; I/O Properties Checks for One I/O ; The I/O standard should support the requested Bus Hold value.                                        ; Critical ; No Enable Bus-Hold Circuitry assignments found.                          ; I/O                 ;                   ;
; Inapplicable ; IO_000023 ; I/O Properties Checks for One I/O ; The I/O standard should support the Open Drain value.                                                ; Critical ; No open drain assignments found.                                         ; I/O                 ;                   ;
; Pass         ; IO_000024 ; I/O Properties Checks for One I/O ; The I/O direction should support the On Chip Termination value.                                      ; Critical ; 0 such failures found.                                                   ; I/O                 ;                   ;
; Inapplicable ; IO_000026 ; I/O Properties Checks for One I/O ; On Chip Termination and Current Strength should not be used at the same time.                        ; Critical ; No Current Strength assignments found.                                   ; I/O                 ;                   ;
; Inapplicable ; IO_000027 ; I/O Properties Checks for One I/O ; Weak Pull Up and Bus Hold should not be used at the same time.                                       ; Critical ; No Enable Bus-Hold Circuitry or Weak Pull-Up Resistor assignments found. ; I/O                 ;                   ;
; Inapplicable ; IO_000045 ; I/O Properties Checks for One I/O ; The I/O standard should support the requested Slew Rate value.                                       ; Critical ; No Slew Rate assignments found.                                          ; I/O                 ;                   ;
; Inapplicable ; IO_000046 ; I/O Properties Checks for One I/O ; The location should support the requested Slew Rate value.                                           ; Critical ; No Slew Rate assignments found.                                          ; I/O                 ;                   ;
; Inapplicable ; IO_000047 ; I/O Properties Checks for One I/O ; On Chip Termination and Slew Rate should not be used at the same time.                               ; Critical ; No Slew Rate assignments found.                                          ; I/O                 ;                   ;
; Pass         ; IO_000033 ; Electromigration Checks           ; Current density for consecutive I/Os should not exceed 240mA for row I/Os and 240mA for column I/Os. ; Critical ; 0 such failures found.                                                   ; I/O                 ;                   ;
; Inapplicable ; IO_000034 ; SI Related Distance Checks        ; Single-ended outputs should be 5 LAB row(s) away from a differential I/O.                            ; High     ; No Differential I/O Standard assignments found.                          ; I/O                 ;                   ;
; Inapplicable ; IO_000042 ; SI Related SSO Limit Checks       ; No more than 20 outputs are allowed in a VREF group when VREF is being read from.                    ; High     ; No VREF I/O Standard assignments found.                                  ; I/O                 ;                   ;
; ----         ; ----      ; Disclaimer                        ; OCT rules are checked but not reported.                                                              ; None     ; ----                                                                     ; On Chip Termination ;                   ;
+--------------+-----------+-----------------------------------+------------------------------------------------------------------------------------------------------+----------+--------------------------------------------------------------------------+---------------------+-------------------+


+--------------------------------------------------------------------------------------------------------------------------------------------------------------------------------------------------------------------------------------------------------------------------------------------------------------------------------------------------------------------------------------------------------------------------------------------------------------------------+
; I/O Rules Matrix                                                                                                                                                                                                                                                                                                                                                                                                                                                         ;
+--------------------+--------------+--------------+--------------+--------------+--------------+-----------+--------------+--------------+-----------+-----------+--------------+--------------+--------------+--------------+--------------+--------------+--------------+--------------+--------------+--------------+--------------+--------------+--------------+--------------+--------------+--------------+--------------+-----------+--------------+--------------+
; Pin/Rules          ; IO_000001    ; IO_000002    ; IO_000003    ; IO_000004    ; IO_000005    ; IO_000006 ; IO_000007    ; IO_000008    ; IO_000009 ; IO_000010 ; IO_000011    ; IO_000012    ; IO_000013    ; IO_000014    ; IO_000015    ; IO_000018    ; IO_000019    ; IO_000020    ; IO_000021    ; IO_000022    ; IO_000023    ; IO_000024    ; IO_000026    ; IO_000027    ; IO_000045    ; IO_000046    ; IO_000047    ; IO_000033 ; IO_000034    ; IO_000042    ;
+--------------------+--------------+--------------+--------------+--------------+--------------+-----------+--------------+--------------+-----------+-----------+--------------+--------------+--------------+--------------+--------------+--------------+--------------+--------------+--------------+--------------+--------------+--------------+--------------+--------------+--------------+--------------+--------------+-----------+--------------+--------------+
; Total Pass         ; 14           ; 0            ; 14           ; 0            ; 0            ; 82        ; 14           ; 0            ; 82        ; 82        ; 0            ; 59           ; 0            ; 0            ; 23           ; 0            ; 59           ; 23           ; 0            ; 0            ; 0            ; 59           ; 0            ; 0            ; 0            ; 0            ; 0            ; 82        ; 0            ; 0            ;
; Total Unchecked    ; 0            ; 0            ; 0            ; 0            ; 0            ; 0         ; 0            ; 0            ; 0         ; 0         ; 0            ; 0            ; 0            ; 0            ; 0            ; 0            ; 0            ; 0            ; 0            ; 0            ; 0            ; 0            ; 0            ; 0            ; 0            ; 0            ; 0            ; 0         ; 0            ; 0            ;
; Total Inapplicable ; 68           ; 82           ; 68           ; 82           ; 82           ; 0         ; 68           ; 82           ; 0         ; 0         ; 82           ; 23           ; 82           ; 82           ; 59           ; 82           ; 23           ; 59           ; 82           ; 82           ; 82           ; 23           ; 82           ; 82           ; 82           ; 82           ; 82           ; 0         ; 82           ; 82           ;
; Total Fail         ; 0            ; 0            ; 0            ; 0            ; 0            ; 0         ; 0            ; 0            ; 0         ; 0         ; 0            ; 0            ; 0            ; 0            ; 0            ; 0            ; 0            ; 0            ; 0            ; 0            ; 0            ; 0            ; 0            ; 0            ; 0            ; 0            ; 0            ; 0         ; 0            ; 0            ;
; PC[0]              ; Inapplicable ; Inapplicable ; Inapplicable ; Inapplicable ; Inapplicable ; Pass      ; Inapplicable ; Inapplicable ; Pass      ; Pass      ; Inapplicable ; Pass         ; Inapplicable ; Inapplicable ; Inapplicable ; Inapplicable ; Pass         ; Inapplicable ; Inapplicable ; Inapplicable ; Inapplicable ; Pass         ; Inapplicable ; Inapplicable ; Inapplicable ; Inapplicable ; Inapplicable ; Pass      ; Inapplicable ; Inapplicable ;
; PC[1]              ; Inapplicable ; Inapplicable ; Inapplicable ; Inapplicable ; Inapplicable ; Pass      ; Inapplicable ; Inapplicable ; Pass      ; Pass      ; Inapplicable ; Pass         ; Inapplicable ; Inapplicable ; Inapplicable ; Inapplicable ; Pass         ; Inapplicable ; Inapplicable ; Inapplicable ; Inapplicable ; Pass         ; Inapplicable ; Inapplicable ; Inapplicable ; Inapplicable ; Inapplicable ; Pass      ; Inapplicable ; Inapplicable ;
; PC[2]              ; Inapplicable ; Inapplicable ; Inapplicable ; Inapplicable ; Inapplicable ; Pass      ; Inapplicable ; Inapplicable ; Pass      ; Pass      ; Inapplicable ; Pass         ; Inapplicable ; Inapplicable ; Inapplicable ; Inapplicable ; Pass         ; Inapplicable ; Inapplicable ; Inapplicable ; Inapplicable ; Pass         ; Inapplicable ; Inapplicable ; Inapplicable ; Inapplicable ; Inapplicable ; Pass      ; Inapplicable ; Inapplicable ;
; PC[3]              ; Inapplicable ; Inapplicable ; Inapplicable ; Inapplicable ; Inapplicable ; Pass      ; Inapplicable ; Inapplicable ; Pass      ; Pass      ; Inapplicable ; Pass         ; Inapplicable ; Inapplicable ; Inapplicable ; Inapplicable ; Pass         ; Inapplicable ; Inapplicable ; Inapplicable ; Inapplicable ; Pass         ; Inapplicable ; Inapplicable ; Inapplicable ; Inapplicable ; Inapplicable ; Pass      ; Inapplicable ; Inapplicable ;
; PC[4]              ; Inapplicable ; Inapplicable ; Inapplicable ; Inapplicable ; Inapplicable ; Pass      ; Inapplicable ; Inapplicable ; Pass      ; Pass      ; Inapplicable ; Pass         ; Inapplicable ; Inapplicable ; Inapplicable ; Inapplicable ; Pass         ; Inapplicable ; Inapplicable ; Inapplicable ; Inapplicable ; Pass         ; Inapplicable ; Inapplicable ; Inapplicable ; Inapplicable ; Inapplicable ; Pass      ; Inapplicable ; Inapplicable ;
; PC[5]              ; Inapplicable ; Inapplicable ; Inapplicable ; Inapplicable ; Inapplicable ; Pass      ; Inapplicable ; Inapplicable ; Pass      ; Pass      ; Inapplicable ; Pass         ; Inapplicable ; Inapplicable ; Inapplicable ; Inapplicable ; Pass         ; Inapplicable ; Inapplicable ; Inapplicable ; Inapplicable ; Pass         ; Inapplicable ; Inapplicable ; Inapplicable ; Inapplicable ; Inapplicable ; Pass      ; Inapplicable ; Inapplicable ;
; PC[6]              ; Inapplicable ; Inapplicable ; Inapplicable ; Inapplicable ; Inapplicable ; Pass      ; Inapplicable ; Inapplicable ; Pass      ; Pass      ; Inapplicable ; Pass         ; Inapplicable ; Inapplicable ; Inapplicable ; Inapplicable ; Pass         ; Inapplicable ; Inapplicable ; Inapplicable ; Inapplicable ; Pass         ; Inapplicable ; Inapplicable ; Inapplicable ; Inapplicable ; Inapplicable ; Pass      ; Inapplicable ; Inapplicable ;
; PC[7]              ; Inapplicable ; Inapplicable ; Inapplicable ; Inapplicable ; Inapplicable ; Pass      ; Inapplicable ; Inapplicable ; Pass      ; Pass      ; Inapplicable ; Pass         ; Inapplicable ; Inapplicable ; Inapplicable ; Inapplicable ; Pass         ; Inapplicable ; Inapplicable ; Inapplicable ; Inapplicable ; Pass         ; Inapplicable ; Inapplicable ; Inapplicable ; Inapplicable ; Inapplicable ; Pass      ; Inapplicable ; Inapplicable ;
; PC[8]              ; Inapplicable ; Inapplicable ; Inapplicable ; Inapplicable ; Inapplicable ; Pass      ; Inapplicable ; Inapplicable ; Pass      ; Pass      ; Inapplicable ; Pass         ; Inapplicable ; Inapplicable ; Inapplicable ; Inapplicable ; Pass         ; Inapplicable ; Inapplicable ; Inapplicable ; Inapplicable ; Pass         ; Inapplicable ; Inapplicable ; Inapplicable ; Inapplicable ; Inapplicable ; Pass      ; Inapplicable ; Inapplicable ;
; PC[9]              ; Inapplicable ; Inapplicable ; Inapplicable ; Inapplicable ; Inapplicable ; Pass      ; Inapplicable ; Inapplicable ; Pass      ; Pass      ; Inapplicable ; Pass         ; Inapplicable ; Inapplicable ; Inapplicable ; Inapplicable ; Pass         ; Inapplicable ; Inapplicable ; Inapplicable ; Inapplicable ; Pass         ; Inapplicable ; Inapplicable ; Inapplicable ; Inapplicable ; Inapplicable ; Pass      ; Inapplicable ; Inapplicable ;
; PC[10]             ; Inapplicable ; Inapplicable ; Inapplicable ; Inapplicable ; Inapplicable ; Pass      ; Inapplicable ; Inapplicable ; Pass      ; Pass      ; Inapplicable ; Pass         ; Inapplicable ; Inapplicable ; Inapplicable ; Inapplicable ; Pass         ; Inapplicable ; Inapplicable ; Inapplicable ; Inapplicable ; Pass         ; Inapplicable ; Inapplicable ; Inapplicable ; Inapplicable ; Inapplicable ; Pass      ; Inapplicable ; Inapplicable ;
; PC[11]             ; Inapplicable ; Inapplicable ; Inapplicable ; Inapplicable ; Inapplicable ; Pass      ; Inapplicable ; Inapplicable ; Pass      ; Pass      ; Inapplicable ; Pass         ; Inapplicable ; Inapplicable ; Inapplicable ; Inapplicable ; Pass         ; Inapplicable ; Inapplicable ; Inapplicable ; Inapplicable ; Pass         ; Inapplicable ; Inapplicable ; Inapplicable ; Inapplicable ; Inapplicable ; Pass      ; Inapplicable ; Inapplicable ;
; PC[12]             ; Inapplicable ; Inapplicable ; Inapplicable ; Inapplicable ; Inapplicable ; Pass      ; Inapplicable ; Inapplicable ; Pass      ; Pass      ; Inapplicable ; Pass         ; Inapplicable ; Inapplicable ; Inapplicable ; Inapplicable ; Pass         ; Inapplicable ; Inapplicable ; Inapplicable ; Inapplicable ; Pass         ; Inapplicable ; Inapplicable ; Inapplicable ; Inapplicable ; Inapplicable ; Pass      ; Inapplicable ; Inapplicable ;
; PC[13]             ; Inapplicable ; Inapplicable ; Inapplicable ; Inapplicable ; Inapplicable ; Pass      ; Inapplicable ; Inapplicable ; Pass      ; Pass      ; Inapplicable ; Pass         ; Inapplicable ; Inapplicable ; Inapplicable ; Inapplicable ; Pass         ; Inapplicable ; Inapplicable ; Inapplicable ; Inapplicable ; Pass         ; Inapplicable ; Inapplicable ; Inapplicable ; Inapplicable ; Inapplicable ; Pass      ; Inapplicable ; Inapplicable ;
; PC[14]             ; Inapplicable ; Inapplicable ; Inapplicable ; Inapplicable ; Inapplicable ; Pass      ; Inapplicable ; Inapplicable ; Pass      ; Pass      ; Inapplicable ; Pass         ; Inapplicable ; Inapplicable ; Inapplicable ; Inapplicable ; Pass         ; Inapplicable ; Inapplicable ; Inapplicable ; Inapplicable ; Pass         ; Inapplicable ; Inapplicable ; Inapplicable ; Inapplicable ; Inapplicable ; Pass      ; Inapplicable ; Inapplicable ;
; PC[15]             ; Inapplicable ; Inapplicable ; Inapplicable ; Inapplicable ; Inapplicable ; Pass      ; Inapplicable ; Inapplicable ; Pass      ; Pass      ; Inapplicable ; Pass         ; Inapplicable ; Inapplicable ; Inapplicable ; Inapplicable ; Pass         ; Inapplicable ; Inapplicable ; Inapplicable ; Inapplicable ; Pass         ; Inapplicable ; Inapplicable ; Inapplicable ; Inapplicable ; Inapplicable ; Pass      ; Inapplicable ; Inapplicable ;
; PC[16]             ; Inapplicable ; Inapplicable ; Inapplicable ; Inapplicable ; Inapplicable ; Pass      ; Inapplicable ; Inapplicable ; Pass      ; Pass      ; Inapplicable ; Pass         ; Inapplicable ; Inapplicable ; Inapplicable ; Inapplicable ; Pass         ; Inapplicable ; Inapplicable ; Inapplicable ; Inapplicable ; Pass         ; Inapplicable ; Inapplicable ; Inapplicable ; Inapplicable ; Inapplicable ; Pass      ; Inapplicable ; Inapplicable ;
; PC[17]             ; Inapplicable ; Inapplicable ; Inapplicable ; Inapplicable ; Inapplicable ; Pass      ; Inapplicable ; Inapplicable ; Pass      ; Pass      ; Inapplicable ; Pass         ; Inapplicable ; Inapplicable ; Inapplicable ; Inapplicable ; Pass         ; Inapplicable ; Inapplicable ; Inapplicable ; Inapplicable ; Pass         ; Inapplicable ; Inapplicable ; Inapplicable ; Inapplicable ; Inapplicable ; Pass      ; Inapplicable ; Inapplicable ;
; PC[18]             ; Inapplicable ; Inapplicable ; Inapplicable ; Inapplicable ; Inapplicable ; Pass      ; Inapplicable ; Inapplicable ; Pass      ; Pass      ; Inapplicable ; Pass         ; Inapplicable ; Inapplicable ; Inapplicable ; Inapplicable ; Pass         ; Inapplicable ; Inapplicable ; Inapplicable ; Inapplicable ; Pass         ; Inapplicable ; Inapplicable ; Inapplicable ; Inapplicable ; Inapplicable ; Pass      ; Inapplicable ; Inapplicable ;
; PC[19]             ; Inapplicable ; Inapplicable ; Inapplicable ; Inapplicable ; Inapplicable ; Pass      ; Inapplicable ; Inapplicable ; Pass      ; Pass      ; Inapplicable ; Pass         ; Inapplicable ; Inapplicable ; Inapplicable ; Inapplicable ; Pass         ; Inapplicable ; Inapplicable ; Inapplicable ; Inapplicable ; Pass         ; Inapplicable ; Inapplicable ; Inapplicable ; Inapplicable ; Inapplicable ; Pass      ; Inapplicable ; Inapplicable ;
; PC[20]             ; Inapplicable ; Inapplicable ; Inapplicable ; Inapplicable ; Inapplicable ; Pass      ; Inapplicable ; Inapplicable ; Pass      ; Pass      ; Inapplicable ; Pass         ; Inapplicable ; Inapplicable ; Inapplicable ; Inapplicable ; Pass         ; Inapplicable ; Inapplicable ; Inapplicable ; Inapplicable ; Pass         ; Inapplicable ; Inapplicable ; Inapplicable ; Inapplicable ; Inapplicable ; Pass      ; Inapplicable ; Inapplicable ;
; PC[21]             ; Inapplicable ; Inapplicable ; Inapplicable ; Inapplicable ; Inapplicable ; Pass      ; Inapplicable ; Inapplicable ; Pass      ; Pass      ; Inapplicable ; Pass         ; Inapplicable ; Inapplicable ; Inapplicable ; Inapplicable ; Pass         ; Inapplicable ; Inapplicable ; Inapplicable ; Inapplicable ; Pass         ; Inapplicable ; Inapplicable ; Inapplicable ; Inapplicable ; Inapplicable ; Pass      ; Inapplicable ; Inapplicable ;
; PC[22]             ; Inapplicable ; Inapplicable ; Inapplicable ; Inapplicable ; Inapplicable ; Pass      ; Inapplicable ; Inapplicable ; Pass      ; Pass      ; Inapplicable ; Pass         ; Inapplicable ; Inapplicable ; Inapplicable ; Inapplicable ; Pass         ; Inapplicable ; Inapplicable ; Inapplicable ; Inapplicable ; Pass         ; Inapplicable ; Inapplicable ; Inapplicable ; Inapplicable ; Inapplicable ; Pass      ; Inapplicable ; Inapplicable ;
; PC[23]             ; Inapplicable ; Inapplicable ; Inapplicable ; Inapplicable ; Inapplicable ; Pass      ; Inapplicable ; Inapplicable ; Pass      ; Pass      ; Inapplicable ; Pass         ; Inapplicable ; Inapplicable ; Inapplicable ; Inapplicable ; Pass         ; Inapplicable ; Inapplicable ; Inapplicable ; Inapplicable ; Pass         ; Inapplicable ; Inapplicable ; Inapplicable ; Inapplicable ; Inapplicable ; Pass      ; Inapplicable ; Inapplicable ;
; PC[24]             ; Inapplicable ; Inapplicable ; Inapplicable ; Inapplicable ; Inapplicable ; Pass      ; Inapplicable ; Inapplicable ; Pass      ; Pass      ; Inapplicable ; Pass         ; Inapplicable ; Inapplicable ; Inapplicable ; Inapplicable ; Pass         ; Inapplicable ; Inapplicable ; Inapplicable ; Inapplicable ; Pass         ; Inapplicable ; Inapplicable ; Inapplicable ; Inapplicable ; Inapplicable ; Pass      ; Inapplicable ; Inapplicable ;
; PC[25]             ; Inapplicable ; Inapplicable ; Inapplicable ; Inapplicable ; Inapplicable ; Pass      ; Inapplicable ; Inapplicable ; Pass      ; Pass      ; Inapplicable ; Pass         ; Inapplicable ; Inapplicable ; Inapplicable ; Inapplicable ; Pass         ; Inapplicable ; Inapplicable ; Inapplicable ; Inapplicable ; Pass         ; Inapplicable ; Inapplicable ; Inapplicable ; Inapplicable ; Inapplicable ; Pass      ; Inapplicable ; Inapplicable ;
; PC[26]             ; Inapplicable ; Inapplicable ; Inapplicable ; Inapplicable ; Inapplicable ; Pass      ; Inapplicable ; Inapplicable ; Pass      ; Pass      ; Inapplicable ; Pass         ; Inapplicable ; Inapplicable ; Inapplicable ; Inapplicable ; Pass         ; Inapplicable ; Inapplicable ; Inapplicable ; Inapplicable ; Pass         ; Inapplicable ; Inapplicable ; Inapplicable ; Inapplicable ; Inapplicable ; Pass      ; Inapplicable ; Inapplicable ;
; PC[27]             ; Inapplicable ; Inapplicable ; Inapplicable ; Inapplicable ; Inapplicable ; Pass      ; Inapplicable ; Inapplicable ; Pass      ; Pass      ; Inapplicable ; Pass         ; Inapplicable ; Inapplicable ; Inapplicable ; Inapplicable ; Pass         ; Inapplicable ; Inapplicable ; Inapplicable ; Inapplicable ; Pass         ; Inapplicable ; Inapplicable ; Inapplicable ; Inapplicable ; Inapplicable ; Pass      ; Inapplicable ; Inapplicable ;
; PC[28]             ; Inapplicable ; Inapplicable ; Inapplicable ; Inapplicable ; Inapplicable ; Pass      ; Inapplicable ; Inapplicable ; Pass      ; Pass      ; Inapplicable ; Pass         ; Inapplicable ; Inapplicable ; Inapplicable ; Inapplicable ; Pass         ; Inapplicable ; Inapplicable ; Inapplicable ; Inapplicable ; Pass         ; Inapplicable ; Inapplicable ; Inapplicable ; Inapplicable ; Inapplicable ; Pass      ; Inapplicable ; Inapplicable ;
; PC[29]             ; Inapplicable ; Inapplicable ; Inapplicable ; Inapplicable ; Inapplicable ; Pass      ; Inapplicable ; Inapplicable ; Pass      ; Pass      ; Inapplicable ; Pass         ; Inapplicable ; Inapplicable ; Inapplicable ; Inapplicable ; Pass         ; Inapplicable ; Inapplicable ; Inapplicable ; Inapplicable ; Pass         ; Inapplicable ; Inapplicable ; Inapplicable ; Inapplicable ; Inapplicable ; Pass      ; Inapplicable ; Inapplicable ;
; PC[30]             ; Inapplicable ; Inapplicable ; Inapplicable ; Inapplicable ; Inapplicable ; Pass      ; Inapplicable ; Inapplicable ; Pass      ; Pass      ; Inapplicable ; Pass         ; Inapplicable ; Inapplicable ; Inapplicable ; Inapplicable ; Pass         ; Inapplicable ; Inapplicable ; Inapplicable ; Inapplicable ; Pass         ; Inapplicable ; Inapplicable ; Inapplicable ; Inapplicable ; Inapplicable ; Pass      ; Inapplicable ; Inapplicable ;
; PC[31]             ; Inapplicable ; Inapplicable ; Inapplicable ; Inapplicable ; Inapplicable ; Pass      ; Inapplicable ; Inapplicable ; Pass      ; Pass      ; Inapplicable ; Pass         ; Inapplicable ; Inapplicable ; Inapplicable ; Inapplicable ; Pass         ; Inapplicable ; Inapplicable ; Inapplicable ; Inapplicable ; Pass         ; Inapplicable ; Inapplicable ; Inapplicable ; Inapplicable ; Inapplicable ; Pass      ; Inapplicable ; Inapplicable ;
; LEDR[0]            ; Inapplicable ; Inapplicable ; Inapplicable ; Inapplicable ; Inapplicable ; Pass      ; Inapplicable ; Inapplicable ; Pass      ; Pass      ; Inapplicable ; Pass         ; Inapplicable ; Inapplicable ; Inapplicable ; Inapplicable ; Pass         ; Inapplicable ; Inapplicable ; Inapplicable ; Inapplicable ; Pass         ; Inapplicable ; Inapplicable ; Inapplicable ; Inapplicable ; Inapplicable ; Pass      ; Inapplicable ; Inapplicable ;
; LEDR[1]            ; Inapplicable ; Inapplicable ; Inapplicable ; Inapplicable ; Inapplicable ; Pass      ; Inapplicable ; Inapplicable ; Pass      ; Pass      ; Inapplicable ; Pass         ; Inapplicable ; Inapplicable ; Inapplicable ; Inapplicable ; Pass         ; Inapplicable ; Inapplicable ; Inapplicable ; Inapplicable ; Pass         ; Inapplicable ; Inapplicable ; Inapplicable ; Inapplicable ; Inapplicable ; Pass      ; Inapplicable ; Inapplicable ;
; LEDR[2]            ; Inapplicable ; Inapplicable ; Inapplicable ; Inapplicable ; Inapplicable ; Pass      ; Inapplicable ; Inapplicable ; Pass      ; Pass      ; Inapplicable ; Pass         ; Inapplicable ; Inapplicable ; Inapplicable ; Inapplicable ; Pass         ; Inapplicable ; Inapplicable ; Inapplicable ; Inapplicable ; Pass         ; Inapplicable ; Inapplicable ; Inapplicable ; Inapplicable ; Inapplicable ; Pass      ; Inapplicable ; Inapplicable ;
; LEDR[3]            ; Inapplicable ; Inapplicable ; Inapplicable ; Inapplicable ; Inapplicable ; Pass      ; Inapplicable ; Inapplicable ; Pass      ; Pass      ; Inapplicable ; Pass         ; Inapplicable ; Inapplicable ; Inapplicable ; Inapplicable ; Pass         ; Inapplicable ; Inapplicable ; Inapplicable ; Inapplicable ; Pass         ; Inapplicable ; Inapplicable ; Inapplicable ; Inapplicable ; Inapplicable ; Pass      ; Inapplicable ; Inapplicable ;
; LEDR[4]            ; Inapplicable ; Inapplicable ; Inapplicable ; Inapplicable ; Inapplicable ; Pass      ; Inapplicable ; Inapplicable ; Pass      ; Pass      ; Inapplicable ; Pass         ; Inapplicable ; Inapplicable ; Inapplicable ; Inapplicable ; Pass         ; Inapplicable ; Inapplicable ; Inapplicable ; Inapplicable ; Pass         ; Inapplicable ; Inapplicable ; Inapplicable ; Inapplicable ; Inapplicable ; Pass      ; Inapplicable ; Inapplicable ;
; LEDR[5]            ; Inapplicable ; Inapplicable ; Inapplicable ; Inapplicable ; Inapplicable ; Pass      ; Inapplicable ; Inapplicable ; Pass      ; Pass      ; Inapplicable ; Pass         ; Inapplicable ; Inapplicable ; Inapplicable ; Inapplicable ; Pass         ; Inapplicable ; Inapplicable ; Inapplicable ; Inapplicable ; Pass         ; Inapplicable ; Inapplicable ; Inapplicable ; Inapplicable ; Inapplicable ; Pass      ; Inapplicable ; Inapplicable ;
; LEDR[6]            ; Inapplicable ; Inapplicable ; Inapplicable ; Inapplicable ; Inapplicable ; Pass      ; Inapplicable ; Inapplicable ; Pass      ; Pass      ; Inapplicable ; Pass         ; Inapplicable ; Inapplicable ; Inapplicable ; Inapplicable ; Pass         ; Inapplicable ; Inapplicable ; Inapplicable ; Inapplicable ; Pass         ; Inapplicable ; Inapplicable ; Inapplicable ; Inapplicable ; Inapplicable ; Pass      ; Inapplicable ; Inapplicable ;
; LEDR[7]            ; Inapplicable ; Inapplicable ; Inapplicable ; Inapplicable ; Inapplicable ; Pass      ; Inapplicable ; Inapplicable ; Pass      ; Pass      ; Inapplicable ; Pass         ; Inapplicable ; Inapplicable ; Inapplicable ; Inapplicable ; Pass         ; Inapplicable ; Inapplicable ; Inapplicable ; Inapplicable ; Pass         ; Inapplicable ; Inapplicable ; Inapplicable ; Inapplicable ; Inapplicable ; Pass      ; Inapplicable ; Inapplicable ;
; LEDR[8]            ; Inapplicable ; Inapplicable ; Inapplicable ; Inapplicable ; Inapplicable ; Pass      ; Inapplicable ; Inapplicable ; Pass      ; Pass      ; Inapplicable ; Pass         ; Inapplicable ; Inapplicable ; Inapplicable ; Inapplicable ; Pass         ; Inapplicable ; Inapplicable ; Inapplicable ; Inapplicable ; Pass         ; Inapplicable ; Inapplicable ; Inapplicable ; Inapplicable ; Inapplicable ; Pass      ; Inapplicable ; Inapplicable ;
; LEDR[9]            ; Inapplicable ; Inapplicable ; Inapplicable ; Inapplicable ; Inapplicable ; Pass      ; Inapplicable ; Inapplicable ; Pass      ; Pass      ; Inapplicable ; Pass         ; Inapplicable ; Inapplicable ; Inapplicable ; Inapplicable ; Pass         ; Inapplicable ; Inapplicable ; Inapplicable ; Inapplicable ; Pass         ; Inapplicable ; Inapplicable ; Inapplicable ; Inapplicable ; Inapplicable ; Pass      ; Inapplicable ; Inapplicable ;
; LEDR[10]           ; Inapplicable ; Inapplicable ; Inapplicable ; Inapplicable ; Inapplicable ; Pass      ; Inapplicable ; Inapplicable ; Pass      ; Pass      ; Inapplicable ; Pass         ; Inapplicable ; Inapplicable ; Inapplicable ; Inapplicable ; Pass         ; Inapplicable ; Inapplicable ; Inapplicable ; Inapplicable ; Pass         ; Inapplicable ; Inapplicable ; Inapplicable ; Inapplicable ; Inapplicable ; Pass      ; Inapplicable ; Inapplicable ;
; LEDR[11]           ; Inapplicable ; Inapplicable ; Inapplicable ; Inapplicable ; Inapplicable ; Pass      ; Inapplicable ; Inapplicable ; Pass      ; Pass      ; Inapplicable ; Pass         ; Inapplicable ; Inapplicable ; Inapplicable ; Inapplicable ; Pass         ; Inapplicable ; Inapplicable ; Inapplicable ; Inapplicable ; Pass         ; Inapplicable ; Inapplicable ; Inapplicable ; Inapplicable ; Inapplicable ; Pass      ; Inapplicable ; Inapplicable ;
; LEDR[12]           ; Inapplicable ; Inapplicable ; Inapplicable ; Inapplicable ; Inapplicable ; Pass      ; Inapplicable ; Inapplicable ; Pass      ; Pass      ; Inapplicable ; Pass         ; Inapplicable ; Inapplicable ; Inapplicable ; Inapplicable ; Pass         ; Inapplicable ; Inapplicable ; Inapplicable ; Inapplicable ; Pass         ; Inapplicable ; Inapplicable ; Inapplicable ; Inapplicable ; Inapplicable ; Pass      ; Inapplicable ; Inapplicable ;
; LEDR[13]           ; Inapplicable ; Inapplicable ; Inapplicable ; Inapplicable ; Inapplicable ; Pass      ; Inapplicable ; Inapplicable ; Pass      ; Pass      ; Inapplicable ; Pass         ; Inapplicable ; Inapplicable ; Inapplicable ; Inapplicable ; Pass         ; Inapplicable ; Inapplicable ; Inapplicable ; Inapplicable ; Pass         ; Inapplicable ; Inapplicable ; Inapplicable ; Inapplicable ; Inapplicable ; Pass      ; Inapplicable ; Inapplicable ;
; LEDR[14]           ; Inapplicable ; Inapplicable ; Inapplicable ; Inapplicable ; Inapplicable ; Pass      ; Inapplicable ; Inapplicable ; Pass      ; Pass      ; Inapplicable ; Pass         ; Inapplicable ; Inapplicable ; Inapplicable ; Inapplicable ; Pass         ; Inapplicable ; Inapplicable ; Inapplicable ; Inapplicable ; Pass         ; Inapplicable ; Inapplicable ; Inapplicable ; Inapplicable ; Inapplicable ; Pass      ; Inapplicable ; Inapplicable ;
; LEDR[15]           ; Inapplicable ; Inapplicable ; Inapplicable ; Inapplicable ; Inapplicable ; Pass      ; Inapplicable ; Inapplicable ; Pass      ; Pass      ; Inapplicable ; Pass         ; Inapplicable ; Inapplicable ; Inapplicable ; Inapplicable ; Pass         ; Inapplicable ; Inapplicable ; Inapplicable ; Inapplicable ; Pass         ; Inapplicable ; Inapplicable ; Inapplicable ; Inapplicable ; Inapplicable ; Pass      ; Inapplicable ; Inapplicable ;
; LEDR[16]           ; Inapplicable ; Inapplicable ; Inapplicable ; Inapplicable ; Inapplicable ; Pass      ; Inapplicable ; Inapplicable ; Pass      ; Pass      ; Inapplicable ; Pass         ; Inapplicable ; Inapplicable ; Inapplicable ; Inapplicable ; Pass         ; Inapplicable ; Inapplicable ; Inapplicable ; Inapplicable ; Pass         ; Inapplicable ; Inapplicable ; Inapplicable ; Inapplicable ; Inapplicable ; Pass      ; Inapplicable ; Inapplicable ;
; LEDR[17]           ; Inapplicable ; Inapplicable ; Inapplicable ; Inapplicable ; Inapplicable ; Pass      ; Inapplicable ; Inapplicable ; Pass      ; Pass      ; Inapplicable ; Pass         ; Inapplicable ; Inapplicable ; Inapplicable ; Inapplicable ; Pass         ; Inapplicable ; Inapplicable ; Inapplicable ; Inapplicable ; Pass         ; Inapplicable ; Inapplicable ; Inapplicable ; Inapplicable ; Inapplicable ; Pass      ; Inapplicable ; Inapplicable ;
; LEDG[0]            ; Pass         ; Inapplicable ; Pass         ; Inapplicable ; Inapplicable ; Pass      ; Pass         ; Inapplicable ; Pass      ; Pass      ; Inapplicable ; Pass         ; Inapplicable ; Inapplicable ; Inapplicable ; Inapplicable ; Pass         ; Inapplicable ; Inapplicable ; Inapplicable ; Inapplicable ; Pass         ; Inapplicable ; Inapplicable ; Inapplicable ; Inapplicable ; Inapplicable ; Pass      ; Inapplicable ; Inapplicable ;
; LEDG[1]            ; Pass         ; Inapplicable ; Pass         ; Inapplicable ; Inapplicable ; Pass      ; Pass         ; Inapplicable ; Pass      ; Pass      ; Inapplicable ; Pass         ; Inapplicable ; Inapplicable ; Inapplicable ; Inapplicable ; Pass         ; Inapplicable ; Inapplicable ; Inapplicable ; Inapplicable ; Pass         ; Inapplicable ; Inapplicable ; Inapplicable ; Inapplicable ; Inapplicable ; Pass      ; Inapplicable ; Inapplicable ;
; LEDG[2]            ; Pass         ; Inapplicable ; Pass         ; Inapplicable ; Inapplicable ; Pass      ; Pass         ; Inapplicable ; Pass      ; Pass      ; Inapplicable ; Pass         ; Inapplicable ; Inapplicable ; Inapplicable ; Inapplicable ; Pass         ; Inapplicable ; Inapplicable ; Inapplicable ; Inapplicable ; Pass         ; Inapplicable ; Inapplicable ; Inapplicable ; Inapplicable ; Inapplicable ; Pass      ; Inapplicable ; Inapplicable ;
; LEDG[3]            ; Pass         ; Inapplicable ; Pass         ; Inapplicable ; Inapplicable ; Pass      ; Pass         ; Inapplicable ; Pass      ; Pass      ; Inapplicable ; Pass         ; Inapplicable ; Inapplicable ; Inapplicable ; Inapplicable ; Pass         ; Inapplicable ; Inapplicable ; Inapplicable ; Inapplicable ; Pass         ; Inapplicable ; Inapplicable ; Inapplicable ; Inapplicable ; Inapplicable ; Pass      ; Inapplicable ; Inapplicable ;
; LEDG[4]            ; Pass         ; Inapplicable ; Pass         ; Inapplicable ; Inapplicable ; Pass      ; Pass         ; Inapplicable ; Pass      ; Pass      ; Inapplicable ; Pass         ; Inapplicable ; Inapplicable ; Inapplicable ; Inapplicable ; Pass         ; Inapplicable ; Inapplicable ; Inapplicable ; Inapplicable ; Pass         ; Inapplicable ; Inapplicable ; Inapplicable ; Inapplicable ; Inapplicable ; Pass      ; Inapplicable ; Inapplicable ;
; LEDG[5]            ; Pass         ; Inapplicable ; Pass         ; Inapplicable ; Inapplicable ; Pass      ; Pass         ; Inapplicable ; Pass      ; Pass      ; Inapplicable ; Pass         ; Inapplicable ; Inapplicable ; Inapplicable ; Inapplicable ; Pass         ; Inapplicable ; Inapplicable ; Inapplicable ; Inapplicable ; Pass         ; Inapplicable ; Inapplicable ; Inapplicable ; Inapplicable ; Inapplicable ; Pass      ; Inapplicable ; Inapplicable ;
; LEDG[6]            ; Pass         ; Inapplicable ; Pass         ; Inapplicable ; Inapplicable ; Pass      ; Pass         ; Inapplicable ; Pass      ; Pass      ; Inapplicable ; Pass         ; Inapplicable ; Inapplicable ; Inapplicable ; Inapplicable ; Pass         ; Inapplicable ; Inapplicable ; Inapplicable ; Inapplicable ; Pass         ; Inapplicable ; Inapplicable ; Inapplicable ; Inapplicable ; Inapplicable ; Pass      ; Inapplicable ; Inapplicable ;
; LEDG[7]            ; Pass         ; Inapplicable ; Pass         ; Inapplicable ; Inapplicable ; Pass      ; Pass         ; Inapplicable ; Pass      ; Pass      ; Inapplicable ; Pass         ; Inapplicable ; Inapplicable ; Inapplicable ; Inapplicable ; Pass         ; Inapplicable ; Inapplicable ; Inapplicable ; Inapplicable ; Pass         ; Inapplicable ; Inapplicable ; Inapplicable ; Inapplicable ; Inapplicable ; Pass      ; Inapplicable ; Inapplicable ;
; LEDG[8]            ; Pass         ; Inapplicable ; Pass         ; Inapplicable ; Inapplicable ; Pass      ; Pass         ; Inapplicable ; Pass      ; Pass      ; Inapplicable ; Pass         ; Inapplicable ; Inapplicable ; Inapplicable ; Inapplicable ; Pass         ; Inapplicable ; Inapplicable ; Inapplicable ; Inapplicable ; Pass         ; Inapplicable ; Inapplicable ; Inapplicable ; Inapplicable ; Inapplicable ; Pass      ; Inapplicable ; Inapplicable ;
; rst_n              ; Pass         ; Inapplicable ; Pass         ; Inapplicable ; Inapplicable ; Pass      ; Pass         ; Inapplicable ; Pass      ; Pass      ; Inapplicable ; Inapplicable ; Inapplicable ; Inapplicable ; Pass         ; Inapplicable ; Inapplicable ; Pass         ; Inapplicable ; Inapplicable ; Inapplicable ; Inapplicable ; Inapplicable ; Inapplicable ; Inapplicable ; Inapplicable ; Inapplicable ; Pass      ; Inapplicable ; Inapplicable ;
; clk                ; Pass         ; Inapplicable ; Pass         ; Inapplicable ; Inapplicable ; Pass      ; Pass         ; Inapplicable ; Pass      ; Pass      ; Inapplicable ; Inapplicable ; Inapplicable ; Inapplicable ; Pass         ; Inapplicable ; Inapplicable ; Pass         ; Inapplicable ; Inapplicable ; Inapplicable ; Inapplicable ; Inapplicable ; Inapplicable ; Inapplicable ; Inapplicable ; Inapplicable ; Pass      ; Inapplicable ; Inapplicable ;
; SW[17]             ; Inapplicable ; Inapplicable ; Inapplicable ; Inapplicable ; Inapplicable ; Pass      ; Inapplicable ; Inapplicable ; Pass      ; Pass      ; Inapplicable ; Inapplicable ; Inapplicable ; Inapplicable ; Pass         ; Inapplicable ; Inapplicable ; Pass         ; Inapplicable ; Inapplicable ; Inapplicable ; Inapplicable ; Inapplicable ; Inapplicable ; Inapplicable ; Inapplicable ; Inapplicable ; Pass      ; Inapplicable ; Inapplicable ;
; SW[16]             ; Inapplicable ; Inapplicable ; Inapplicable ; Inapplicable ; Inapplicable ; Pass      ; Inapplicable ; Inapplicable ; Pass      ; Pass      ; Inapplicable ; Inapplicable ; Inapplicable ; Inapplicable ; Pass         ; Inapplicable ; Inapplicable ; Pass         ; Inapplicable ; Inapplicable ; Inapplicable ; Inapplicable ; Inapplicable ; Inapplicable ; Inapplicable ; Inapplicable ; Inapplicable ; Pass      ; Inapplicable ; Inapplicable ;
; SW[15]             ; Inapplicable ; Inapplicable ; Inapplicable ; Inapplicable ; Inapplicable ; Pass      ; Inapplicable ; Inapplicable ; Pass      ; Pass      ; Inapplicable ; Inapplicable ; Inapplicable ; Inapplicable ; Pass         ; Inapplicable ; Inapplicable ; Pass         ; Inapplicable ; Inapplicable ; Inapplicable ; Inapplicable ; Inapplicable ; Inapplicable ; Inapplicable ; Inapplicable ; Inapplicable ; Pass      ; Inapplicable ; Inapplicable ;
; SW[14]             ; Inapplicable ; Inapplicable ; Inapplicable ; Inapplicable ; Inapplicable ; Pass      ; Inapplicable ; Inapplicable ; Pass      ; Pass      ; Inapplicable ; Inapplicable ; Inapplicable ; Inapplicable ; Pass         ; Inapplicable ; Inapplicable ; Pass         ; Inapplicable ; Inapplicable ; Inapplicable ; Inapplicable ; Inapplicable ; Inapplicable ; Inapplicable ; Inapplicable ; Inapplicable ; Pass      ; Inapplicable ; Inapplicable ;
; SW[13]             ; Inapplicable ; Inapplicable ; Inapplicable ; Inapplicable ; Inapplicable ; Pass      ; Inapplicable ; Inapplicable ; Pass      ; Pass      ; Inapplicable ; Inapplicable ; Inapplicable ; Inapplicable ; Pass         ; Inapplicable ; Inapplicable ; Pass         ; Inapplicable ; Inapplicable ; Inapplicable ; Inapplicable ; Inapplicable ; Inapplicable ; Inapplicable ; Inapplicable ; Inapplicable ; Pass      ; Inapplicable ; Inapplicable ;
; SW[12]             ; Inapplicable ; Inapplicable ; Inapplicable ; Inapplicable ; Inapplicable ; Pass      ; Inapplicable ; Inapplicable ; Pass      ; Pass      ; Inapplicable ; Inapplicable ; Inapplicable ; Inapplicable ; Pass         ; Inapplicable ; Inapplicable ; Pass         ; Inapplicable ; Inapplicable ; Inapplicable ; Inapplicable ; Inapplicable ; Inapplicable ; Inapplicable ; Inapplicable ; Inapplicable ; Pass      ; Inapplicable ; Inapplicable ;
; SW[11]             ; Inapplicable ; Inapplicable ; Inapplicable ; Inapplicable ; Inapplicable ; Pass      ; Inapplicable ; Inapplicable ; Pass      ; Pass      ; Inapplicable ; Inapplicable ; Inapplicable ; Inapplicable ; Pass         ; Inapplicable ; Inapplicable ; Pass         ; Inapplicable ; Inapplicable ; Inapplicable ; Inapplicable ; Inapplicable ; Inapplicable ; Inapplicable ; Inapplicable ; Inapplicable ; Pass      ; Inapplicable ; Inapplicable ;
; SW[10]             ; Inapplicable ; Inapplicable ; Inapplicable ; Inapplicable ; Inapplicable ; Pass      ; Inapplicable ; Inapplicable ; Pass      ; Pass      ; Inapplicable ; Inapplicable ; Inapplicable ; Inapplicable ; Pass         ; Inapplicable ; Inapplicable ; Pass         ; Inapplicable ; Inapplicable ; Inapplicable ; Inapplicable ; Inapplicable ; Inapplicable ; Inapplicable ; Inapplicable ; Inapplicable ; Pass      ; Inapplicable ; Inapplicable ;
; SW[9]              ; Inapplicable ; Inapplicable ; Inapplicable ; Inapplicable ; Inapplicable ; Pass      ; Inapplicable ; Inapplicable ; Pass      ; Pass      ; Inapplicable ; Inapplicable ; Inapplicable ; Inapplicable ; Pass         ; Inapplicable ; Inapplicable ; Pass         ; Inapplicable ; Inapplicable ; Inapplicable ; Inapplicable ; Inapplicable ; Inapplicable ; Inapplicable ; Inapplicable ; Inapplicable ; Pass      ; Inapplicable ; Inapplicable ;
; SW[8]              ; Inapplicable ; Inapplicable ; Inapplicable ; Inapplicable ; Inapplicable ; Pass      ; Inapplicable ; Inapplicable ; Pass      ; Pass      ; Inapplicable ; Inapplicable ; Inapplicable ; Inapplicable ; Pass         ; Inapplicable ; Inapplicable ; Pass         ; Inapplicable ; Inapplicable ; Inapplicable ; Inapplicable ; Inapplicable ; Inapplicable ; Inapplicable ; Inapplicable ; Inapplicable ; Pass      ; Inapplicable ; Inapplicable ;
; SW[7]              ; Inapplicable ; Inapplicable ; Inapplicable ; Inapplicable ; Inapplicable ; Pass      ; Inapplicable ; Inapplicable ; Pass      ; Pass      ; Inapplicable ; Inapplicable ; Inapplicable ; Inapplicable ; Pass         ; Inapplicable ; Inapplicable ; Pass         ; Inapplicable ; Inapplicable ; Inapplicable ; Inapplicable ; Inapplicable ; Inapplicable ; Inapplicable ; Inapplicable ; Inapplicable ; Pass      ; Inapplicable ; Inapplicable ;
; SW[6]              ; Inapplicable ; Inapplicable ; Inapplicable ; Inapplicable ; Inapplicable ; Pass      ; Inapplicable ; Inapplicable ; Pass      ; Pass      ; Inapplicable ; Inapplicable ; Inapplicable ; Inapplicable ; Pass         ; Inapplicable ; Inapplicable ; Pass         ; Inapplicable ; Inapplicable ; Inapplicable ; Inapplicable ; Inapplicable ; Inapplicable ; Inapplicable ; Inapplicable ; Inapplicable ; Pass      ; Inapplicable ; Inapplicable ;
; SW[5]              ; Inapplicable ; Inapplicable ; Inapplicable ; Inapplicable ; Inapplicable ; Pass      ; Inapplicable ; Inapplicable ; Pass      ; Pass      ; Inapplicable ; Inapplicable ; Inapplicable ; Inapplicable ; Pass         ; Inapplicable ; Inapplicable ; Pass         ; Inapplicable ; Inapplicable ; Inapplicable ; Inapplicable ; Inapplicable ; Inapplicable ; Inapplicable ; Inapplicable ; Inapplicable ; Pass      ; Inapplicable ; Inapplicable ;
; SW[4]              ; Inapplicable ; Inapplicable ; Inapplicable ; Inapplicable ; Inapplicable ; Pass      ; Inapplicable ; Inapplicable ; Pass      ; Pass      ; Inapplicable ; Inapplicable ; Inapplicable ; Inapplicable ; Pass         ; Inapplicable ; Inapplicable ; Pass         ; Inapplicable ; Inapplicable ; Inapplicable ; Inapplicable ; Inapplicable ; Inapplicable ; Inapplicable ; Inapplicable ; Inapplicable ; Pass      ; Inapplicable ; Inapplicable ;
; SW[3]              ; Inapplicable ; Inapplicable ; Inapplicable ; Inapplicable ; Inapplicable ; Pass      ; Inapplicable ; Inapplicable ; Pass      ; Pass      ; Inapplicable ; Inapplicable ; Inapplicable ; Inapplicable ; Pass         ; Inapplicable ; Inapplicable ; Pass         ; Inapplicable ; Inapplicable ; Inapplicable ; Inapplicable ; Inapplicable ; Inapplicable ; Inapplicable ; Inapplicable ; Inapplicable ; Pass      ; Inapplicable ; Inapplicable ;
; KEY[3]             ; Pass         ; Inapplicable ; Pass         ; Inapplicable ; Inapplicable ; Pass      ; Pass         ; Inapplicable ; Pass      ; Pass      ; Inapplicable ; Inapplicable ; Inapplicable ; Inapplicable ; Pass         ; Inapplicable ; Inapplicable ; Pass         ; Inapplicable ; Inapplicable ; Inapplicable ; Inapplicable ; Inapplicable ; Inapplicable ; Inapplicable ; Inapplicable ; Inapplicable ; Pass      ; Inapplicable ; Inapplicable ;
; SW[2]              ; Inapplicable ; Inapplicable ; Inapplicable ; Inapplicable ; Inapplicable ; Pass      ; Inapplicable ; Inapplicable ; Pass      ; Pass      ; Inapplicable ; Inapplicable ; Inapplicable ; Inapplicable ; Pass         ; Inapplicable ; Inapplicable ; Pass         ; Inapplicable ; Inapplicable ; Inapplicable ; Inapplicable ; Inapplicable ; Inapplicable ; Inapplicable ; Inapplicable ; Inapplicable ; Pass      ; Inapplicable ; Inapplicable ;
; KEY[2]             ; Pass         ; Inapplicable ; Pass         ; Inapplicable ; Inapplicable ; Pass      ; Pass         ; Inapplicable ; Pass      ; Pass      ; Inapplicable ; Inapplicable ; Inapplicable ; Inapplicable ; Pass         ; Inapplicable ; Inapplicable ; Pass         ; Inapplicable ; Inapplicable ; Inapplicable ; Inapplicable ; Inapplicable ; Inapplicable ; Inapplicable ; Inapplicable ; Inapplicable ; Pass      ; Inapplicable ; Inapplicable ;
; SW[1]              ; Inapplicable ; Inapplicable ; Inapplicable ; Inapplicable ; Inapplicable ; Pass      ; Inapplicable ; Inapplicable ; Pass      ; Pass      ; Inapplicable ; Inapplicable ; Inapplicable ; Inapplicable ; Pass         ; Inapplicable ; Inapplicable ; Pass         ; Inapplicable ; Inapplicable ; Inapplicable ; Inapplicable ; Inapplicable ; Inapplicable ; Inapplicable ; Inapplicable ; Inapplicable ; Pass      ; Inapplicable ; Inapplicable ;
; KEY[1]             ; Pass         ; Inapplicable ; Pass         ; Inapplicable ; Inapplicable ; Pass      ; Pass         ; Inapplicable ; Pass      ; Pass      ; Inapplicable ; Inapplicable ; Inapplicable ; Inapplicable ; Pass         ; Inapplicable ; Inapplicable ; Pass         ; Inapplicable ; Inapplicable ; Inapplicable ; Inapplicable ; Inapplicable ; Inapplicable ; Inapplicable ; Inapplicable ; Inapplicable ; Pass      ; Inapplicable ; Inapplicable ;
; SW[0]              ; Inapplicable ; Inapplicable ; Inapplicable ; Inapplicable ; Inapplicable ; Pass      ; Inapplicable ; Inapplicable ; Pass      ; Pass      ; Inapplicable ; Inapplicable ; Inapplicable ; Inapplicable ; Pass         ; Inapplicable ; Inapplicable ; Pass         ; Inapplicable ; Inapplicable ; Inapplicable ; Inapplicable ; Inapplicable ; Inapplicable ; Inapplicable ; Inapplicable ; Inapplicable ; Pass      ; Inapplicable ; Inapplicable ;
+--------------------+--------------+--------------+--------------+--------------+--------------+-----------+--------------+--------------+-----------+-----------+--------------+--------------+--------------+--------------+--------------+--------------+--------------+--------------+--------------+--------------+--------------+--------------+--------------+--------------+--------------+--------------+--------------+-----------+--------------+--------------+


+---------------------------------------------------------------------------------------------+
; Fitter Device Options                                                                       ;
+------------------------------------------------------------------+--------------------------+
; Option                                                           ; Setting                  ;
+------------------------------------------------------------------+--------------------------+
; Enable user-supplied start-up clock (CLKUSR)                     ; Off                      ;
; Enable device-wide reset (DEV_CLRn)                              ; Off                      ;
; Enable device-wide output enable (DEV_OE)                        ; Off                      ;
; Enable INIT_DONE output                                          ; Off                      ;
; Configuration scheme                                             ; Active Serial            ;
; Error detection CRC                                              ; Off                      ;
; Enable open drain on CRC_ERROR pin                               ; Off                      ;
; Enable input tri-state on active configuration pins in user mode ; Off                      ;
; Configuration Voltage Level                                      ; Auto                     ;
; Force Configuration Voltage Level                                ; Off                      ;
; nCEO                                                             ; As output driving ground ;
; Data[0]                                                          ; As input tri-stated      ;
; Data[1]/ASDO                                                     ; As input tri-stated      ;
; Data[7..2]                                                       ; Unreserved               ;
; FLASH_nCE/nCSO                                                   ; As input tri-stated      ;
; Other Active Parallel pins                                       ; Unreserved               ;
; DCLK                                                             ; As output driving ground ;
+------------------------------------------------------------------+--------------------------+


+------------------------------------+
; Operating Settings and Conditions  ;
+---------------------------+--------+
; Setting                   ; Value  ;
+---------------------------+--------+
; Nominal Core Voltage      ; 1.20 V ;
; Low Junction Temperature  ; 0 °C   ;
; High Junction Temperature ; 85 °C  ;
+---------------------------+--------+


+-----------------+
; Fitter Messages ;
+-----------------+
Warning (18236): Number of processors has not been specified which may cause overloading on shared machines.  Set the global assignment NUM_PARALLEL_PROCESSORS in your QSF to an appropriate value for best performance.
Info (20030): Parallel compilation is enabled and will use 16 of the 16 processors detected
Info (119006): Selected device EP4CE115F29C7 for design "lab6"
Info (21077): Low junction temperature is 0 degrees C
Info (21077): High junction temperature is 85 degrees C
Info (15535): Implemented PLL "pll_10mhz:pll_inst|altpll:altpll_component|pll_10mhz_altpll:auto_generated|pll1" as Cyclone IV E PLL type File: C:/Users/gvnrb/Desktop/lab6_OAC/Editado/quartus/db/pll_10mhz_altpll.v Line: 46
    Info (15099): Implementing clock multiplication of 1, clock division of 5, and phase shift of 0 degrees (0 ps) for pll_10mhz:pll_inst|altpll:altpll_component|pll_10mhz_altpll:auto_generated|wire_pll1_clk[0] port File: C:/Users/gvnrb/Desktop/lab6_OAC/Editado/quartus/db/pll_10mhz_altpll.v Line: 46
Info (171003): Fitter is performing an Auto Fit compilation, which may decrease Fitter effort to reduce compilation time
Warning (292013): Feature LogicLock is only available with a valid subscription license. You can purchase a software subscription to gain full access to this feature.
Info (176444): Device migration not selected. If you intend to use device migration later, you may need to change the pin assignments as they may be incompatible with other devices
    Info (176445): Device EP4CE40F29C7 is compatible
    Info (176445): Device EP4CE40F29I7 is compatible
    Info (176445): Device EP4CE30F29C7 is compatible
    Info (176445): Device EP4CE30F29I7 is compatible
    Info (176445): Device EP4CE55F29C7 is compatible
    Info (176445): Device EP4CE55F29I7 is compatible
    Info (176445): Device EP4CE75F29C7 is compatible
    Info (176445): Device EP4CE75F29I7 is compatible
    Info (176445): Device EP4CE115F29I7 is compatible
Info (169124): Fitter converted 5 user pins into dedicated programming pins
    Info (169125): Pin ~ALTERA_ASDO_DATA1~ is reserved at location F4
    Info (169125): Pin ~ALTERA_FLASH_nCE_nCSO~ is reserved at location E2
    Info (169125): Pin ~ALTERA_DCLK~ is reserved at location P3
    Info (169125): Pin ~ALTERA_DATA0~ is reserved at location N7
    Info (169125): Pin ~ALTERA_nCEO~ is reserved at location P28
Warning (15714): Some pins have incomplete I/O assignments. Refer to the I/O Assignment Warnings report for details
Critical Warning (169085): No exact pin location assignment(s) for 68 pins of 82 total pins. For the list of pins please refer to the I/O Assignment Warnings table in the fitter report.
Critical Warning (332012): Synopsys Design Constraints File file not found: 'lab6.sdc'. A Synopsys Design Constraints File is required by the Timing Analyzer to get proper timing constraints. Without it, the Compiler will not properly optimize the design.
Info (332144): No user constrained generated clocks found in the design
Info (332144): No user constrained base clocks found in the design
Info (332096): The command derive_clocks did not find any clocks to derive.  No clocks were created or changed.
Info (332143): No user constrained clock uncertainty found in the design. Calling "derive_clock_uncertainty"
Info (332154): The derive_clock_uncertainty command did not apply clock uncertainty to any clock-to-clock transfers.
Info (332130): Timing requirements not specified -- quality metrics such as performance may be sacrificed to reduce compilation time.
Info (176353): Automatically promoted node pll_10mhz:pll_inst|altpll:altpll_component|pll_10mhz_altpll:auto_generated|wire_pll1_clk[0] (placed in counter C0 of PLL_1) File: C:/Users/gvnrb/Desktop/lab6_OAC/Editado/quartus/db/pll_10mhz_altpll.v Line: 81
    Info (176355): Automatically promoted destinations to use location or clock signal Global Clock CLKCTRL_G3
Info (176353): Automatically promoted node rst_cpu_n  File: C:/Users/gvnrb/Desktop/lab6_OAC/Editado/sc_top.sv Line: 71
    Info (176355): Automatically promoted destinations to use location or clock signal Global Clock
Info (176233): Starting register packing
Info (176235): Finished register packing
    Extra Info (176219): No registers were packed into other blocks
Info (176214): Statistics of I/O pins that need to be placed that use the same VCCIO and VREF, before I/O pin placement
    Info (176211): Number of I/O pins in group: 68 (unused VREF, 2.5V VCCIO, 18 input, 50 output, 0 bidirectional)
        Info (176212): I/O standards used: 2.5 V.
Info (176215): I/O bank details before I/O pin placement
    Info (176214): Statistics of I/O banks
        Info (176213): I/O bank number 1 does not use VREF pins and has undetermined VCCIO pins. 4 total pin(s) used --  52 pins available
        Info (176213): I/O bank number 2 does not use VREF pins and has undetermined VCCIO pins. 1 total pin(s) used --  62 pins available
        Info (176213): I/O bank number 3 does not use VREF pins and has undetermined VCCIO pins. 0 total pin(s) used --  73 pins available
        Info (176213): I/O bank number 4 does not use VREF pins and has undetermined VCCIO pins. 0 total pin(s) used --  71 pins available
        Info (176213): I/O bank number 5 does not use VREF pins and has undetermined VCCIO pins. 1 total pin(s) used --  64 pins available
        Info (176213): I/O bank number 6 does not use VREF pins and has undetermined VCCIO pins. 4 total pin(s) used --  54 pins available
        Info (176213): I/O bank number 7 does not use VREF pins and has 2.5V VCCIO pins. 9 total pin(s) used --  63 pins available
        Info (176213): I/O bank number 8 does not use VREF pins and has undetermined VCCIO pins. 0 total pin(s) used --  71 pins available
Info (171121): Fitter preparation operations ending: elapsed time is 00:00:06
Info (14896): Fitter has disabled Advanced Physical Optimization because it is not supported for the current family.
Info (170189): Fitter placement preparation operations beginning
Info (170190): Fitter placement preparation operations ending: elapsed time is 00:00:02
Info (170191): Fitter placement operations beginning
Info (170137): Fitter placement was successful
Info (170192): Fitter placement operations ending: elapsed time is 00:00:06
Info (170193): Fitter routing operations beginning
Info (170195): Router estimated average interconnect usage is 6% of the available device resources
    Info (170196): Router estimated peak interconnect usage is 62% of the available device resources in the region that extends from location X58_Y37 to location X68_Y48
Info (170199): The Fitter performed an Auto Fit compilation.  Optimizations were skipped to reduce compilation time.
    Info (170201): Optimizations that may affect the design's routability were skipped
    Info (170200): Optimizations that may affect the design's timing were skipped
Info (170194): Fitter routing operations ending: elapsed time is 00:00:08
Info (11888): Total time spent on timing analysis during the Fitter is 3.62 seconds.
Info (334003): Started post-fitting delay annotation
Info (334004): Delay annotation completed successfully
Info (334003): Started post-fitting delay annotation
Info (334004): Delay annotation completed successfully
Info (11218): Fitter post-fit operations ending: elapsed time is 00:00:04
Info (144001): Generated suppressed messages file C:/Users/gvnrb/Desktop/lab6_OAC/Editado/quartus/output_files/lab6.fit.smsg
Info: Quartus Prime Fitter was successful. 0 errors, 5 warnings
    Info: Peak virtual memory: 6951 megabytes
    Info: Processing ended: Mon Apr 27 12:22:53 2026
    Info: Elapsed time: 00:00:37
    Info: Total CPU time (on all processors): 00:01:12


+----------------------------+
; Fitter Suppressed Messages ;
+----------------------------+
The suppressed messages can be found in C:/Users/gvnrb/Desktop/lab6_OAC/Editado/quartus/output_files/lab6.fit.smsg.


